timestamp,aqi,pm25,pm10,o3,no2,so2,co,dominentpol,temperature,humidity,wind_speed,pressure,visibility,clouds,weather_main,weather_description,hour,day_of_week,day_of_month,month,is_weekend,season,aqi_rolling_3h,pm25_rolling_3h,pm10_rolling_3h,aqi_rolling_6h,pm25_rolling_6h,pm10_rolling_6h,aqi_rolling_12h,pm25_rolling_12h,pm10_rolling_12h,aqi_rolling_24h,pm25_rolling_24h,pm10_rolling_24h,aqi_change_1h,aqi_change_3h,pm25_pm10_ratio,no2_o3_ratio,temp_humidity_interaction,wind_pm25_interaction
2026-02-23 21:44:52.823962,172.0,110.2,164.6,29.5,15.6,18.5,0.44,pm25,21.4,72.0,2.89,1013.0,10000,66.0,Clear,clear sky,21,0,23,2,0,0,172.0,110.2,164.6,172.0,110.2,164.6,172.0,110.2,164.6,172.0,110.2,164.6,0.0,0.0,0.6695018185327958,0.5288135413961511,15.408,318.478
2026-02-23 22:44:52.823962,142.0,89.1,128.7,20.3,16.4,14.6,0.29,pm25,18.83,69.0,2.27,1008.0,10000,97.0,Clear,clear sky,22,0,23,2,0,0,157.0,99.65,146.64999999999998,157.0,99.65,146.64999999999998,157.0,99.65,146.64999999999998,157.0,99.65,146.64999999999998,-30.0,0.0,0.6923076869284562,0.8078817336018849,12.9927,202.25699999999998
2026-02-23 23:44:52.823962,169.0,103.5,153.5,49.4,37.4,17.5,0.47,pm25,21.14,67.0,2.74,1023.0,10000,58.0,Clear,clear sky,23,0,23,2,0,0,161.0,100.93333333333334,148.9333333333333,161.0,100.93333333333334,148.9333333333333,161.0,100.93333333333334,148.9333333333333,161.0,100.93333333333334,148.9333333333333,27.0,0.0,0.6742670965845792,0.7570850049173076,14.163800000000002,283.59000000000003
2026-02-24 00:44:52.823962,130.0,83.4,127.8,35.6,21.2,20.3,0.49,pm25,20.59,70.0,3.41,1016.0,10000,83.0,Clear,clear sky,0,1,24,2,0,0,147.0,92.0,136.66666666666666,153.25,96.55,143.65,153.25,96.55,143.65,153.25,96.55,143.65,-39.0,-42.0,0.6525821545181366,0.5955056012498426,14.413,284.394
2026-02-24 01:44:52.823962,111.0,60.1,94.0,28.7,25.2,20.6,0.37,pm25,18.5,59.0,3.58,1012.0,10000,87.0,Clear,clear sky,1,1,24,2,0,0,136.66666666666666,82.33333333333333,125.09999999999998,144.8,89.26,133.72,144.8,89.26,133.72,144.8,89.26,133.72,-19.0,-31.0,0.6393616953259394,0.8780487498937718,10.915,215.15800000000002
2026-02-24 02:44:52.823962,128.0,72.9,112.4,24.0,28.5,16.7,0.63,pm25,20.38,61.0,3.46,1010.0,10000,79.0,Clear,clear sky,2,1,24,2,0,0,123.0,72.13333333333334,111.39999999999999,142.0,86.53333333333335,130.16666666666666,142.0,86.53333333333335,130.16666666666666,142.0,86.53333333333335,130.16666666666666,17.0,-41.0,0.6485765066852625,1.1874999505208352,12.431799999999999,252.234
2026-02-24 03:44:52.823962,131.0,77.4,126.9,36.4,24.9,16.6,0.5,pm25,20.68,64.0,4.64,1016.0,10000,90.0,Clear,clear sky,3,1,24,2,0,0,123.33333333333333,70.13333333333334,111.10000000000001,135.16666666666666,81.06666666666668,123.88333333333333,140.42857142857142,85.22857142857143,129.7,140.42857142857142,85.22857142857143,129.7,3.0,1.0,0.6099290732078088,0.6840659152729145,13.235199999999999,359.136
2026-02-24 04:44:52.823962,94.0,52.8,84.2,9.1,12.6,19.7,0.74,pm25,16.73,61.0,3.76,1003.0,10000,2.0,Clear,clear sky,4,1,24,2,0,0,117.66666666666667,67.7,107.83333333333333,127.16666666666667,75.01666666666667,116.46666666666668,134.625,81.175,124.0125,134.625,81.175,124.0125,-37.0,-17.0,0.6270783773506131,1.3846152324598646,10.2053,198.528
2026-02-24 05:44:52.823962,164.0,102.0,138.5,23.2,17.7,14.6,0.84,pm25,24.19,69.0,0.81,1010.0,10000,46.0,Clear,clear sky,5,1,24,2,0,0,129.66666666666666,77.39999999999999,116.53333333333335,126.33333333333333,74.76666666666667,113.96666666666668,137.88888888888889,83.48888888888888,125.6222222222222,137.88888888888889,83.48888888888888,125.6222222222222,70.0,36.0,0.7364620885454001,0.7629310015978016,16.691100000000002,82.62
2026-02-24 06:44:52.823962,161.0,91.7,149.1,37.1,16.5,6.9,0.57,pm25,23.45,60.0,4.73,1017.0,10000,78.0,Clear,clear sky,6,1,24,2,0,0,139.66666666666666,82.16666666666667,123.93333333333332,131.5,76.15,117.51666666666665,140.2,84.31,127.97,140.2,84.31,127.97,-3.0,30.0,0.6150234700534979,0.44474392332226625,14.07,433.74100000000004
2026-02-24 07:44:52.823962,178.0,112.9,179.3,23.9,27.2,27.4,0.63,pm25,23.14,71.0,4.48,1010.0,10000,61.0,Clear,clear sky,7,1,24,2,0,0,167.66666666666666,102.2,155.63333333333333,142.66666666666666,84.95,131.73333333333332,143.63636363636363,86.9090909090909,132.63636363636363,143.63636363636363,86.9090909090909,132.63636363636363,17.0,84.0,0.6296709390425491,1.1380752661893194,16.4294,505.7920000000001
2026-02-24 08:44:52.823962,168.0,102.8,167.8,9.6,9.7,17.1,0.43,pm25,23.15,67.0,5.03,1003.0,10000,54.0,Clear,clear sky,8,1,24,2,0,0,169.0,102.46666666666665,165.4,149.33333333333334,89.93333333333334,140.96666666666667,145.66666666666666,88.23333333333333,135.56666666666666,145.66666666666666,88.23333333333333,135.56666666666666,-10.0,4.0,0.6126340845492605,1.0104165614149416,15.5105,517.0840000000001
2026-02-24 09:44:52.823962,160.0,99.1,143.9,38.5,36.2,7.9,0.41,pm25,23.19,68.0,2.28,1017.0,10000,37.0,Clear,clear sky,9,1,24,2,0,0,168.66666666666666,104.93333333333334,163.66666666666666,154.16666666666666,93.55,143.8,144.66666666666666,87.30833333333334,133.84166666666667,146.76923076923077,89.06923076923077,136.2076923076923,-8.0,-1.0,0.6886726845818437,0.9402597158374101,15.769200000000001,225.94799999999998
2026-02-24 10:44:52.823962,125.0,70.8,96.2,42.8,35.7,5.0,0.38,pm25,22.96,61.0,1.49,1019.0,10000,88.0,Clear,clear sky,10,1,24,2,0,0,151.0,90.89999999999999,135.96666666666667,159.33333333333334,96.55,145.79999999999998,143.25,85.78333333333335,131.13333333333335,145.21428571428572,87.76428571428572,133.35,-35.0,-53.0,0.7359667283163541,0.8341121300441093,14.0056,105.49199999999999
2026-02-24 11:44:52.823962,142.0,85.8,122.6,47.7,29.0,17.8,0.28,pm25,24.72,66.0,2.08,1022.0,10000,82.0,Clear,clear sky,11,1,24,2,0,0,142.33333333333334,85.23333333333333,120.89999999999999,155.66666666666666,93.85000000000001,143.15,141.0,84.30833333333334,128.55833333333334,145.0,87.63333333333334,132.63333333333333,17.0,-26.0,0.6998368621546749,0.6079664442774331,16.3152,178.464
2026-02-24 12:44:52.823962,139.0,90.2,145.2,40.7,30.1,14.1,0.49,pm25,24.53,72.0,4.49,1018.0,10000,38.0,Clear,clear sky,12,1,24,2,0,0,135.33333333333334,82.26666666666667,121.33333333333333,152.0,93.60000000000001,142.5,141.75,84.875,130.00833333333335,144.625,87.79375,133.41875,-3.0,-21.0,0.621212116933801,0.7395577213867882,17.6616,404.99800000000005
2026-02-24 13:44:52.823962,110.0,60.7,78.2,32.3,27.3,13.2,0.92,pm25,21.96,60.0,1.06,1014.0,10000,13.0,Clear,clear sky,13,1,24,2,0,0,130.33333333333334,78.89999999999999,115.33333333333333,140.66666666666666,84.9,125.64999999999999,141.66666666666666,84.925,128.6916666666667,142.58823529411765,86.2,130.17058823529413,-29.0,-15.0,0.7762148238335701,0.8452012122228728,13.176000000000002,64.34200000000001
2026-02-24 14:44:52.823962,164.0,95.4,139.0,13.5,15.1,25.0,0.33,pm25,26.31,62.0,2.38,1005.0,10000,95.0,Clear,clear sky,14,1,24,2,0,0,137.66666666666666,82.10000000000001,120.8,140.0,83.66666666666667,120.84999999999998,144.66666666666666,86.8,130.90833333333333,143.77777777777777,86.71111111111111,130.66111111111113,54.0,22.0,0.686330930314166,1.118518435665301,16.3122,227.052
2026-02-24 15:44:52.823962,145.0,87.9,146.3,14.1,19.4,2.0,0.14,pm25,24.16,66.0,5.18,1005.0,10000,78.0,Clear,clear sky,15,1,24,2,0,0,139.66666666666666,81.33333333333333,121.16666666666667,137.5,81.8,121.25,145.83333333333334,87.675,132.525,143.8421052631579,86.77368421052631,131.4842105263158,-19.0,6.0,0.6008202282924113,1.3758864272420974,15.945599999999999,455.322
2026-02-24 16:44:52.823962,101.0,59.8,96.5,35.0,17.2,16.8,0.04,pm25,19.77,64.0,4.02,1016.0,10000,63.0,Clear,clear sky,16,1,24,2,0,0,136.66666666666666,81.03333333333335,127.26666666666667,133.5,79.96666666666665,121.3,146.41666666666666,88.25833333333334,133.55,141.7,85.425,129.73499999999999,-44.0,-9.0,0.6196891127493356,0.49142855738775554,12.6528,240.39599999999996
2026-02-24 17:44:52.823962,228.0,144.6,226.0,25.4,33.2,13.0,0.38,pm25,26.69,73.0,4.37,1011.0,10000,36.0,Clear,clear sky,17,1,24,2,0,0,158.0,97.43333333333332,156.26666666666668,147.83333333333334,89.76666666666667,138.53333333333333,151.75,91.80833333333334,140.84166666666667,145.8095238095238,88.24285714285713,134.3190476190476,127.0,64.0,0.6398230060184823,1.3070865627131276,19.483700000000002,631.902
2026-02-24 18:44:52.823962,159.0,89.1,127.9,16.7,31.8,16.1,0.45,pm25,20.96,59.0,2.14,1006.0,10000,60.0,Clear,clear sky,18,1,24,2,0,0,162.66666666666666,97.83333333333333,150.13333333333333,151.16666666666666,89.58333333333333,135.65,151.58333333333334,91.59166666666665,139.075,146.4090909090909,88.28181818181818,134.02727272727273,-69.0,14.0,0.6966379929895387,1.9041915027430238,12.3664,190.674
2026-02-24 19:44:52.823962,175.0,107.4,173.3,23.6,29.2,11.9,0.53,pm25,19.11,68.0,4.83,1010.0,10000,18.0,Clear,clear sky,19,1,24,2,0,0,187.33333333333334,113.7,175.73333333333335,162.0,97.36666666666667,151.5,151.33333333333334,91.13333333333333,138.57500000000002,147.65217391304347,89.11304347826086,135.73478260869567,16.0,74.0,0.6197345607632166,1.2372880831657591,12.9948,518.7420000000001
2026-02-24 20:44:52.823962,201.0,123.0,185.5,44.1,26.3,21.4,0.52,pm25,23.84,67.0,3.15,1020.0,10000,56.0,Clear,clear sky,20,1,24,2,0,0,178.33333333333334,106.5,162.23333333333335,168.16666666666666,101.96666666666665,159.25,154.08333333333334,92.81666666666666,140.05,149.875,90.52499999999999,137.80833333333334,26.0,-27.0,0.6630727727058071,0.5963718685629962,15.9728,387.45
2026-02-24 21:44:52.823962,114.0,68.5,86.8,37.2,34.1,18.7,0.67,pm25,16.44,65.0,0.59,1017.0,10000,19.0,Clear,clear sky,21,1,24,2,0,0,163.33333333333334,99.63333333333333,148.53333333333333,163.0,98.73333333333335,149.33333333333334,150.25,90.26666666666667,135.29166666666666,147.45833333333334,88.78750000000001,134.56666666666666,-87.0,-45.0,0.7891704978206164,0.9166666420250903,10.686000000000002,40.415
2026-02-24 22:44:52.823962,151.0,90.6,145.3,6.3,24.5,18.9,0.09,pm25,19.61,65.0,4.4,1001.0,10000,93.0,Clear,clear sky,22,1,24,2,0,0,155.33333333333334,94.03333333333335,139.2,171.33333333333334,103.86666666666666,157.46666666666667,152.41666666666666,91.91666666666667,139.38333333333333,147.83333333333334,88.85000000000001,135.25833333333333,37.0,-24.0,0.6235375043115106,3.8888882716050364,12.7465,398.64
2026-02-24 23:44:52.823962,170.0,96.7,157.3,24.9,20.9,20.3,0.79,pm25,21.21,60.0,4.85,1010.0,10000,82.0,Clear,clear sky,23,1,24,2,0,0,145.0,85.26666666666667,129.79999999999998,161.66666666666666,95.88333333333333,146.01666666666665,154.75,92.825,142.275,147.875,88.56666666666666,135.41666666666666,19.0,-31.0,0.6147488835680299,0.8393573960097431,12.726,468.995
2026-02-25 00:44:52.823962,165.0,98.6,158.2,26.7,34.1,16.7,0.23,pm25,24.31,64.0,4.55,1011.0,10000,100.0,Clear,clear sky,0,2,25,2,0,0,162.0,95.3,153.6,162.66666666666666,97.46666666666665,151.06666666666666,156.91666666666666,93.52499999999999,143.35833333333332,149.33333333333334,89.2,136.68333333333334,-5.0,51.0,0.623261690118447,1.2771535102189697,15.558399999999999,448.62999999999994
2026-02-25 01:44:52.823962,110.0,62.3,91.9,35.3,24.1,19.3,0.76,pm25,18.38,62.0,2.77,1016.0,10000,99.0,Clear,clear sky,1,2,25,2,0,0,148.33333333333334,85.86666666666667,135.79999999999998,151.83333333333334,89.95,137.5,156.91666666666666,93.65833333333332,144.5,149.29166666666666,89.29166666666667,136.59583333333333,-55.0,-41.0,0.6779107652022767,0.6827195274017133,11.3956,172.571
2026-02-25 02:44:52.823962,122.0,74.9,118.8,32.8,17.4,7.8,0.66,pm25,19.74,66.0,3.98,1014.0,10000,30.0,Clear,clear sky,2,2,25,2,0,0,132.33333333333334,78.60000000000001,122.96666666666665,138.66666666666666,81.93333333333334,126.38333333333334,153.41666666666666,91.95,142.81666666666666,149.04166666666666,89.375,136.86249999999998,12.0,-48.0,0.6304713751643825,0.5304877887046406,13.0284,298.10200000000003
2026-02-25 03:44:52.823962,127.0,77.6,121.9,33.8,24.6,17.6,0.79,pm25,20.2,67.0,3.84,1015.0,10000,96.0,Clear,clear sky,3,2,25,2,0,0,119.66666666666667,71.6,110.86666666666666,140.83333333333334,83.45,132.23333333333332,151.91666666666666,91.09166666666665,140.78333333333333,148.875,89.38333333333333,136.65416666666667,5.0,-38.0,0.6365873614718017,0.7278106293547153,13.533999999999999,297.984
2026-02-25 04:44:52.823962,117.0,72.9,100.0,22.4,26.9,18.2,0.52,pm25,19.21,67.0,1.6,1009.0,10000,33.0,Clear,clear sky,4,2,25,2,0,0,122.0,75.13333333333334,113.56666666666666,135.16666666666666,80.5,124.68333333333334,153.25,92.18333333333334,141.075,149.83333333333334,90.22083333333335,137.3125,-10.0,7.0,0.7289999927100002,1.2008928035315711,12.870700000000001,116.64000000000001
2026-02-25 05:44:52.823962,134.0,75.1,113.2,57.9,33.6,27.1,0.44,pm25,21.04,59.0,3.08,1027.0,10000,58.0,Clear,clear sky,5,2,25,2,0,0,126.0,75.2,111.69999999999999,129.16666666666666,76.89999999999999,117.33333333333333,145.41666666666666,86.39166666666667,131.67499999999998,148.58333333333334,89.10000000000001,136.25833333333335,17.0,12.0,0.6634275559767884,0.5803108708063753,12.413599999999999,231.308
2026-02-25 06:44:52.823962,164.0,93.9,142.3,23.6,37.5,17.5,0.46,pm25,23.7,60.0,3.22,1010.0,10000,58.0,Clear,clear sky,6,2,25,2,0,0,138.33333333333334,80.63333333333334,118.5,129.0,76.11666666666667,114.68333333333334,145.83333333333334,86.79166666666667,132.875,148.70833333333334,89.19166666666666,135.975,30.0,37.0,0.659873502038837,1.58898298351767,14.22,302.35800000000006
2026-02-25 07:44:52.823962,131.0,87.6,139.8,20.6,29.4,12.2,0.51,pm25,19.75,74.0,4.25,1008.0,10000,19.0,Clear,clear sky,7,2,25,2,0,0,143.0,85.53333333333335,131.76666666666668,132.5,80.33333333333333,122.66666666666667,142.16666666666666,85.14166666666667,130.08333333333334,146.75,88.1375,134.32916666666668,-33.0,14.0,0.6266094375779009,1.4271843967386213,14.615,372.29999999999995
2026-02-25 08:44:52.823962,196.0,126.6,187.8,43.9,29.2,16.4,0.76,pm25,25.1,74.0,2.67,1020.0,10000,72.0,Clear,clear sky,8,2,25,2,0,0,163.66666666666666,102.7,156.63333333333335,144.83333333333334,88.95,134.16666666666666,141.75,85.44166666666666,130.275,147.91666666666666,89.12916666666666,135.1625,65.0,62.0,0.6741214021612278,0.6651480486298851,18.574,338.022
2026-02-25 09:44:52.823962,184.0,107.6,158.8,37.5,25.9,17.8,0.48,pm25,24.88,62.0,2.6,1017.0,10000,95.0,Clear,clear sky,9,2,25,2,0,0,170.33333333333334,107.26666666666665,162.13333333333335,154.33333333333334,93.95,140.3166666666667,147.58333333333334,88.7,136.275,148.91666666666666,89.48333333333333,135.78333333333333,-12.0,20.0,0.6775818597129605,0.6906666482488893,15.4256,279.76
2026-02-25 10:44:52.823962,118.0,71.9,92.9,34.3,35.9,20.2,0.62,pm25,22.39,66.0,0.76,1015.0,10000,64.0,Clear,clear sky,10,2,25,2,0,0,166.0,102.03333333333335,146.5,154.5,93.78333333333335,139.13333333333335,144.83333333333334,87.14166666666667,131.90833333333333,148.625,89.52916666666668,135.64583333333334,-66.0,-13.0,0.773950476060813,1.0466471998062041,14.7774,54.644000000000005
2026-02-25 11:44:52.823962,173.0,112.0,160.5,35.7,30.5,15.8,0.66,pm25,27.36,73.0,1.86,1016.0,10000,60.0,Clear,clear sky,11,2,25,2,0,0,158.33333333333334,97.16666666666667,137.4,161.0,99.93333333333334,147.01666666666668,145.08333333333334,88.41666666666667,132.175,149.91666666666666,90.62083333333334,137.225,55.0,-23.0,0.6978193102939607,0.8543417127635374,19.9728,208.32000000000002
2026-02-25 12:44:52.823962,138.0,91.1,121.6,31.8,34.0,20.2,0.72,pm25,24.47,73.0,0.75,1014.0,10000,69.0,Clear,clear sky,12,2,25,2,0,0,143.0,91.66666666666667,125.0,156.66666666666666,99.46666666666665,143.5666666666667,142.83333333333334,87.79166666666667,129.125,149.875,90.65833333333335,136.24166666666667,-35.0,-46.0,0.7491776254179472,1.0691823563150202,17.8631,68.32499999999999
2026-02-25 13:44:52.823962,143.0,87.0,120.3,22.7,2.9,18.3,0.37,pm25,24.77,66.0,1.47,1009.0,10000,52.0,Clear,clear sky,13,2,25,2,0,0,151.33333333333334,96.7,134.13333333333333,158.66666666666666,99.36666666666667,140.3166666666667,145.58333333333334,89.85000000000001,131.49166666666665,151.25,91.75416666666666,137.99583333333334,5.0,25.0,0.7231920139385535,0.1277532983368591,16.3482,127.89
2026-02-25 14:44:52.823962,157.0,88.1,142.2,44.2,17.7,17.6,0.44,pm25,25.66,59.0,4.51,1020.0,10000,98.0,Clear,clear sky,14,2,25,2,0,0,146.0,88.73333333333333,128.0333333333333,152.16666666666666,92.94999999999999,132.71666666666667,148.5,90.94999999999999,133.44166666666666,150.95833333333334,91.44999999999999,138.12916666666666,14.0,-16.0,0.6195499253196208,0.4004524796277719,15.1394,397.33099999999996
2026-02-25 15:44:52.823962,170.0,111.8,178.4,19.0,18.0,18.0,0.42,pm25,26.33,75.0,4.61,1007.0,10000,71.0,Clear,clear sky,15,2,25,2,0,0,156.66666666666666,95.63333333333333,146.96666666666664,149.83333333333334,93.64999999999999,135.98333333333335,152.08333333333334,93.80000000000001,138.15,152.0,92.44583333333334,139.46666666666667,13.0,32.0,0.6266816108369865,0.9473683711911383,19.7475,515.398
2026-02-25 16:44:52.823962,96.0,58.9,70.4,26.4,25.8,21.6,0.6,pm25,19.4,66.0,0.31,1011.0,10000,82.0,Clear,clear sky,16,2,25,2,0,0,141.0,86.26666666666667,130.33333333333334,146.16666666666666,91.48333333333333,132.23333333333332,150.33333333333334,92.63333333333333,135.68333333333337,151.79166666666666,92.40833333333335,138.3791666666667,-74.0,-47.0,0.8366477153885267,0.9772726902548223,12.803999999999998,18.259
2026-02-25 17:44:52.823962,196.0,105.0,163.1,38.1,20.8,7.5,0.58,pm25,24.39,53.0,3.83,1017.0,10000,25.0,Clear,clear sky,17,2,25,2,0,0,154.0,91.89999999999999,137.29999999999998,150.0,90.31666666666666,132.66666666666666,155.5,95.125,139.84166666666667,150.45833333333334,90.75833333333334,135.75833333333335,100.0,39.0,0.6437768200872053,0.5459317442012666,12.9267,402.15000000000003
2026-02-25 18:44:52.823962,166.0,100.6,162.5,25.2,17.1,20.3,0.36,pm25,21.5,66.0,4.74,1011.0,10000,72.0,Clear,clear sky,18,2,25,2,0,0,152.66666666666666,88.16666666666667,132.0,154.66666666666666,91.89999999999999,139.48333333333335,155.66666666666666,95.68333333333332,141.525,150.75,91.23750000000001,137.20000000000002,-30.0,-4.0,0.619076919267219,0.6785714016439921,14.19,476.844
2026-02-25 19:44:52.823962,211.0,130.6,190.1,30.8,17.2,11.5,0.83,pm25,21.72,69.0,2.12,1013.0,10000,30.0,Clear,clear sky,19,2,25,2,0,0,191.0,112.06666666666666,171.9,166.0,99.16666666666667,151.11666666666667,162.33333333333334,99.26666666666667,145.71666666666667,152.25,92.20416666666667,137.9,45.0,115.0,0.6870068348921261,0.5584415403103395,14.986799999999999,276.872
2026-02-25 20:44:52.823962,116.0,66.3,97.2,41.0,13.2,6.7,0.41,pm25,16.61,61.0,2.66,1019.0,10000,39.0,Clear,clear sky,20,2,25,2,0,0,164.33333333333334,99.16666666666667,149.9333333333333,159.16666666666666,95.53333333333332,143.61666666666665,155.66666666666666,94.24166666666666,138.16666666666666,148.70833333333334,89.84166666666668,134.22083333333333,-95.0,-80.0,0.6820987584146218,0.32195121165972657,10.1321,176.358
2026-02-25 21:44:52.823962,164.0,101.4,153.2,6.1,24.9,18.5,0.15,pm25,20.67,68.0,3.16,1001.0,10000,94.0,Clear,clear sky,21,2,25,2,0,0,163.66666666666666,99.43333333333334,146.83333333333331,158.16666666666666,93.8,139.41666666666666,154.0,93.72500000000001,137.70000000000002,150.79166666666666,91.21249999999999,136.9875,48.0,-2.0,0.661879891240993,4.08196654393991,14.055600000000002,320.42400000000004
2026-02-25 22:44:52.823962,173.0,105.1,154.3,24.4,23.7,25.7,0.36,pm25,21.44,66.0,2.49,1010.0,10000,66.0,Clear,clear sky,22,2,25,2,0,0,151.0,90.93333333333334,134.89999999999998,171.0,101.5,153.4,158.58333333333334,96.49166666666666,142.81666666666666,151.70833333333334,91.81666666666668,137.36249999999998,9.0,-38.0,0.6811406307119855,0.9713114356019903,14.150400000000001,261.699
2026-02-25 23:44:52.823962,160.0,93.1,141.2,25.3,29.9,16.5,0.06,pm25,20.32,62.0,3.25,1011.0,10000,70.0,Clear,clear sky,23,2,25,2,0,0,165.66666666666666,99.86666666666666,149.56666666666663,165.0,99.51666666666665,149.75,157.5,94.91666666666664,141.20833333333334,151.29166666666666,91.66666666666667,136.69166666666666,-13.0,44.0,0.6593484372567391,1.1818181351060024,12.5984,302.575
2026-02-26 00:44:52.823962,116.0,68.5,106.2,46.0,20.9,16.4,0.34,pm25,19.09,64.0,3.52,1021.0,10000,72.0,Clear,clear sky,0,3,26,2,0,0,149.66666666666666,88.89999999999999,133.9,156.66666666666666,94.16666666666667,140.36666666666665,155.66666666666666,93.03333333333332,139.925,149.25,90.41250000000001,134.525,-44.0,-48.0,0.6450094101223219,0.45434781620983006,12.2176,241.12
2026-02-26 01:44:52.823962,121.0,78.7,127.8,53.8,36.3,15.1,0.36,pm25,19.56,71.0,4.46,1025.0,10000,50.0,Clear,clear sky,1,3,26,2,0,0,132.33333333333334,80.1,125.06666666666665,141.66666666666666,85.51666666666665,129.98333333333332,153.83333333333334,92.34166666666665,140.55,149.70833333333334,91.09583333333332,136.02083333333334,5.0,-52.0,0.6158059419733495,0.6747211770497923,13.887599999999999,351.002
2026-02-26 02:44:52.823962,108.0,66.8,97.9,50.5,19.3,16.1,0.35,pm25,18.16,67.0,2.67,1023.0,10000,73.0,Clear,clear sky,2,3,26,2,0,0,115.0,71.33333333333333,110.63333333333333,140.33333333333334,85.60000000000001,130.1,149.75,90.56666666666666,136.85833333333332,149.125,90.75833333333334,135.15,-13.0,-52.0,0.6823289000783564,0.38217821025389687,12.167200000000001,178.356
2026-02-26 03:44:52.823962,130.0,80.4,120.6,21.5,22.0,5.8,0.21,pm25,20.5,68.0,3.01,1009.0,10000,30.0,Clear,clear sky,3,3,26,2,0,0,119.66666666666667,75.3,115.43333333333332,134.66666666666666,82.1,124.66666666666667,146.41666666666666,87.95,132.04166666666666,149.25,90.875,135.09583333333333,22.0,14.0,0.6666666611387508,1.0232557663601969,13.94,242.004
2026-02-26 04:44:52.823962,124.0,72.0,124.1,24.9,36.7,16.8,0.27,pm25,19.94,62.0,5.41,1010.0,10000,57.0,Clear,clear sky,4,3,26,2,0,0,120.66666666666667,73.06666666666666,114.19999999999999,126.5,76.58333333333333,119.63333333333333,148.75,89.04166666666667,136.51666666666665,149.54166666666666,90.83750000000002,136.1,-6.0,3.0,0.5801772717149294,1.4738955231367261,12.3628,389.52
2026-02-26 05:44:52.823962,137.0,82.1,115.8,21.7,24.2,16.8,0.21,pm25,21.34,65.0,1.9,1009.0,10000,20.0,Clear,clear sky,5,3,26,2,0,0,130.33333333333334,78.16666666666667,120.16666666666664,122.66666666666667,74.75,115.39999999999999,143.83333333333334,87.13333333333333,132.575,149.66666666666666,91.12916666666666,136.20833333333334,13.0,29.0,0.7089809956046546,1.1152073218798468,13.870999999999999,155.98999999999998
2026-02-26 06:44:52.823962,165.0,99.5,162.0,53.1,35.9,15.2,0.24,pm25,23.81,65.0,4.91,1025.0,10000,3.0,Clear,clear sky,6,3,26,2,0,0,142.0,84.53333333333335,133.96666666666667,130.83333333333334,79.91666666666667,124.7,143.75,87.04166666666667,132.53333333333333,149.70833333333334,91.36250000000001,137.02916666666667,28.0,35.0,0.6141975270728548,0.6760828497912834,15.476499999999998,488.545
2026-02-26 07:44:52.823962,186.0,119.0,175.6,44.6,25.6,16.5,0.44,pm25,23.72,72.0,2.56,1020.0,10000,97.0,Clear,clear sky,7,3,26,2,0,0,162.66666666666666,100.2,151.1333333333333,141.66666666666666,86.63333333333333,132.66666666666666,141.66666666666666,86.07499999999999,131.32500000000002,152.0,92.67083333333333,138.52083333333334,21.0,62.0,0.6776765337262157,0.5739910185203808,17.0784,304.64
2026-02-26 08:44:52.823962,147.0,90.9,152.1,29.2,21.1,17.8,0.58,pm25,21.64,68.0,5.37,1013.0,10000,4.0,Clear,clear sky,8,3,26,2,0,0,166.0,103.13333333333333,163.23333333333332,148.16666666666666,90.64999999999999,141.7,144.25,88.125,135.9,149.95833333333334,91.18333333333334,137.03333333333333,-39.0,10.0,0.5976331321654628,0.7226027149793591,14.7152,488.13300000000004
2026-02-26 09:44:52.823962,204.0,122.8,177.8,28.1,20.6,17.1,0.3,pm25,26.3,66.0,2.04,1012.0,10000,17.0,Clear,clear sky,9,3,26,2,0,0,179.0,110.89999999999999,168.5,160.5,97.71666666666665,151.23333333333332,147.58333333333334,89.90833333333335,137.95,150.79166666666666,91.81666666666666,137.82500000000002,57.0,39.0,0.6906636631571222,0.7330960593204249,17.358,250.512
2026-02-26 10:44:52.823962,154.0,106.2,164.6,23.2,30.0,7.0,0.47,pm25,25.44,79.0,3.79,1010.0,10000,28.0,Clear,clear sky,10,3,26,2,0,0,168.33333333333334,106.63333333333333,164.83333333333331,165.5,103.41666666666667,157.98333333333332,146.0,90.0,138.80833333333334,152.29166666666666,93.24583333333334,140.8125,-50.0,-32.0,0.645200482106923,1.2931033925386468,20.0976,402.498
2026-02-26 11:44:52.823962,149.0,88.6,113.0,32.0,22.2,15.4,0.55,pm25,25.3,64.0,0.0,1014.0,10000,93.0,Clear,clear sky,11,3,26,2,0,0,169.0,105.86666666666667,151.79999999999998,167.5,104.5,157.51666666666665,145.08333333333334,89.625,136.45833333333334,151.29166666666666,92.27083333333333,138.83333333333334,-5.0,2.0,0.7840707895214974,0.6937499783203133,16.192,0.0
2026-02-26 12:44:52.823962,154.0,94.5,146.7,21.3,36.7,19.2,0.59,pm25,25.86,67.0,3.74,1009.0,10000,62.0,Clear,clear sky,12,3,26,2,0,0,152.33333333333334,96.43333333333334,141.4333333333333,165.66666666666666,103.66666666666667,154.96666666666667,148.25,91.79166666666667,139.83333333333331,151.95833333333334,92.41250000000001,139.87916666666666,5.0,-50.0,0.6441717747500221,1.7230046139434454,17.3262,353.43
2026-02-26 13:44:52.823962,179.0,114.3,187.0,22.6,22.3,16.9,0.46,pm25,27.89,72.0,5.35,1009.0,10000,2.0,Clear,clear sky,13,3,26,2,0,0,160.66666666666666,99.13333333333333,148.89999999999998,164.5,102.88333333333333,156.86666666666667,153.08333333333334,94.75833333333333,144.76666666666665,153.45833333333334,93.55,142.65833333333333,25.0,25.0,0.6112299432554549,0.9867256200563884,20.0808,611.505
2026-02-26 14:44:52.823962,148.0,87.2,124.7,48.1,12.5,9.1,0.67,pm25,24.88,64.0,2.1,1022.0,10000,38.0,Clear,clear sky,14,3,26,2,0,0,160.33333333333334,98.66666666666667,152.79999999999998,164.66666666666666,102.26666666666667,152.29999999999998,156.41666666666666,96.45833333333333,147.0,153.08333333333334,93.5125,141.92916666666667,-31.0,-1.0,0.6992782622351382,0.2598752544724479,15.9232,183.12
2026-02-26 15:44:52.823962,144.0,82.5,139.0,28.6,21.6,11.5,1.03,pm25,24.09,61.0,5.28,1012.0,10000,14.0,Clear,clear sky,15,3,26,2,0,0,157.0,94.66666666666667,150.23333333333332,154.66666666666666,95.55,145.83333333333334,157.58333333333334,96.63333333333333,148.53333333333333,152.0,92.29166666666667,140.2875,-4.0,-10.0,0.5935251755861498,0.7552447288375969,14.6949,435.6
2026-02-26 16:44:52.823962,168.0,105.4,168.6,28.3,26.5,10.0,0.38,pm25,25.55,69.0,4.56,1012.0,10000,12.0,Clear,clear sky,16,3,26,2,0,0,153.33333333333334,91.7,144.1,157.0,95.41666666666667,146.5,161.25,99.41666666666667,152.24166666666667,155.0,94.22916666666667,144.37916666666666,24.0,-11.0,0.6251482762446722,0.9363957266291262,17.6295,480.62399999999997
2026-02-26 17:44:52.823962,211.0,127.5,178.4,42.7,20.7,16.8,0.51,pm25,25.44,66.0,1.07,1019.0,10000,75.0,Clear,clear sky,17,3,26,2,0,0,174.33333333333334,105.13333333333334,161.99999999999997,167.33333333333334,101.89999999999999,157.4,167.41666666666666,103.2,157.45833333333334,155.625,95.16666666666667,145.01666666666668,43.0,63.0,0.7146860946486205,0.4847775062112996,16.7904,136.425
2026-02-26 18:44:52.823962,169.0,106.9,154.7,33.1,29.0,11.3,0.47,pm25,21.71,70.0,2.17,1015.0,10000,16.0,Clear,clear sky,18,3,26,2,0,0,182.66666666666666,113.26666666666667,167.23333333333332,169.83333333333334,103.96666666666665,158.73333333333332,167.75,103.81666666666666,156.85,155.75,95.42916666666666,144.69166666666666,-42.0,25.0,0.69101486301865,0.8761329040443232,15.197000000000001,231.973
2026-02-26 19:44:52.823962,172.0,96.4,137.3,31.6,31.2,13.4,0.86,pm25,18.88,58.0,1.91,1014.0,10000,96.0,Clear,clear sky,19,3,26,2,0,0,184.0,110.26666666666667,156.79999999999998,168.66666666666666,100.98333333333335,150.45000000000002,166.58333333333334,101.93333333333334,153.65833333333333,154.125,94.00416666666666,142.49166666666667,3.0,4.0,0.7021121580326863,0.9873417409069069,10.9504,184.124
2026-02-26 20:44:52.823962,158.0,99.5,141.0,16.3,35.6,15.2,0.69,pm25,20.14,70.0,1.76,1006.0,10000,51.0,Clear,clear sky,20,3,26,2,0,0,166.33333333333334,100.93333333333334,144.33333333333331,170.33333333333334,103.03333333333335,153.16666666666666,167.5,102.64999999999999,152.73333333333332,155.875,95.38749999999999,144.31666666666666,-14.0,-53.0,0.7056737538604698,2.1840489457638683,14.097999999999999,175.12
2026-02-26 21:44:52.823962,183.0,107.2,157.9,21.6,15.7,20.3,0.23,pm25,22.32,62.0,2.57,1009.0,10000,68.0,Clear,clear sky,21,3,26,2,0,0,171.0,101.03333333333335,145.39999999999998,176.83333333333334,107.14999999999999,156.3166666666667,165.75,101.35000000000001,151.07500000000002,156.66666666666666,95.62916666666668,144.5125,25.0,14.0,0.678910698676943,0.7268518182013046,13.8384,275.50399999999996
2026-02-26 22:44:52.823962,192.0,114.3,170.6,32.5,11.1,18.8,0.47,pm25,23.04,64.0,2.87,1014.0,10000,58.0,Clear,clear sky,22,3,26,2,0,0,177.66666666666666,107.0,156.49999999999997,180.83333333333334,108.63333333333334,156.65,168.91666666666666,102.02499999999999,151.575,157.45833333333334,96.01249999999999,145.1916666666667,9.0,20.0,0.6699882727433278,0.34153845102958613,14.7456,328.041
2026-02-26 23:44:52.823962,169.0,103.0,147.2,31.1,12.1,15.3,0.58,pm25,21.11,67.0,1.92,1014.0,10000,51.0,Clear,clear sky,23,3,26,2,0,0,181.33333333333334,108.16666666666667,158.56666666666663,173.83333333333334,104.55000000000001,151.45,170.58333333333334,103.22500000000001,154.42499999999998,157.83333333333334,96.425,145.44166666666666,-23.0,11.0,0.6997282561159766,0.3890675116055462,14.143699999999999,197.76
2026-02-27 00:44:52.823962,135.0,76.9,126.0,33.6,23.1,17.8,0.67,pm25,21.13,61.0,4.61,1015.0,10000,92.0,Clear,clear sky,0,4,27,2,0,0,165.33333333333334,98.06666666666666,147.9333333333333,168.16666666666666,99.55000000000001,146.66666666666666,169.0,101.75833333333333,152.70000000000002,158.625,96.77499999999999,146.26666666666668,-34.0,-48.0,0.610317455473671,0.6874999795386911,12.889299999999999,354.50900000000007
2026-02-27 01:44:52.823962,112.0,71.8,112.4,26.7,31.5,18.4,0.72,pm25,18.68,69.0,3.71,1011.0,10000,74.0,Clear,clear sky,1,4,27,2,0,0,138.66666666666666,83.89999999999999,128.5333333333333,158.16666666666666,95.45,142.51666666666668,163.41666666666666,98.21666666666668,146.48333333333335,158.25,96.48750000000001,145.625,-23.0,-80.0,0.6387900299040032,1.179775236712538,12.8892,266.378
2026-02-27 02:44:52.823962,111.0,66.4,107.9,16.4,13.7,11.8,0.14,pm25,18.51,65.0,4.25,1006.0,10000,39.0,Clear,clear sky,2,4,27,2,0,0,119.33333333333333,71.7,115.43333333333332,150.33333333333334,89.93333333333334,137.0,160.33333333333334,96.48333333333333,145.08333333333334,158.375,96.47083333333332,146.04166666666666,-1.0,-58.0,0.6153846096813289,0.8353658027215973,12.031500000000001,282.20000000000005
2026-02-27 03:44:52.823962,96.0,63.5,94.1,46.0,30.1,5.9,0.24,pm25,16.94,71.0,2.82,1021.0,10000,31.0,Clear,clear sky,3,4,27,2,0,0,106.33333333333333,67.23333333333333,104.8,135.83333333333334,82.64999999999999,126.36666666666666,156.33333333333334,94.89999999999999,141.34166666666667,156.95833333333334,95.76666666666665,144.9375,-15.0,-39.0,0.6748140204589371,0.6543478118620042,12.0274,179.07
2026-02-27 04:44:52.823962,108.0,63.6,113.1,24.4,29.8,18.4,0.77,pm25,18.19,64.0,5.66,1010.0,10000,5.0,Clear,clear sky,4,4,27,2,0,0,105.0,64.5,105.0333333333333,121.83333333333333,74.2,116.78333333333332,151.33333333333334,91.41666666666667,136.71666666666667,156.29166666666666,95.41666666666667,144.47916666666666,12.0,-4.0,0.5623342125346223,1.2213114253560893,11.6416,359.976
2026-02-27 05:44:52.823962,138.0,81.0,122.1,34.7,19.4,10.4,0.24,pm25,21.39,63.0,3.1,1015.0,10000,21.0,Clear,clear sky,5,4,27,2,0,0,114.0,69.36666666666666,109.76666666666665,116.66666666666667,70.53333333333335,112.60000000000001,145.25,87.54166666666667,132.025,156.33333333333334,95.37083333333334,144.74166666666665,30.0,27.0,0.6633906579574885,0.5590777936865189,13.4757,251.1
2026-02-27 06:44:52.823962,192.0,122.5,188.7,34.3,23.8,19.9,0.68,pm25,26.05,72.0,3.74,1015.0,10000,89.0,Clear,clear sky,6,4,27,2,0,0,146.0,89.03333333333335,141.29999999999998,126.16666666666667,78.13333333333333,123.05,147.16666666666666,88.84166666666668,134.85833333333332,157.45833333333334,96.32916666666667,145.85416666666666,54.0,96.0,0.6491785869147929,0.6938775307907427,18.756,458.15000000000003
2026-02-27 07:44:52.823962,168.0,98.2,158.5,9.3,25.2,23.8,0.62,pm25,22.39,63.0,4.68,1003.0,10000,73.0,Clear,clear sky,7,4,27,2,0,0,166.0,100.56666666666666,156.4333333333333,135.5,82.53333333333335,130.73333333333332,146.83333333333334,88.99166666666666,136.625,156.70833333333334,95.46249999999999,145.14166666666668,-24.0,60.0,0.6195583557125656,2.7096771279917067,14.105699999999999,459.57599999999996
2026-02-27 08:44:52.823962,209.0,123.8,193.8,36.0,12.2,13.3,0.7,pm25,26.07,63.0,4.23,1016.0,10000,45.0,Clear,clear sky,8,4,27,2,0,0,189.66666666666666,114.83333333333333,180.33333333333334,151.83333333333334,92.10000000000001,145.05,151.08333333333334,91.01666666666667,141.025,159.29166666666666,96.83333333333333,146.87916666666666,41.0,71.0,0.6388028862806868,0.33888887947530894,16.4241,523.6740000000001
2026-02-27 09:44:52.823962,204.0,126.2,181.4,30.9,30.3,17.5,0.56,pm25,26.3,69.0,1.83,1013.0,10000,4.0,Clear,clear sky,9,4,27,2,0,0,193.66666666666666,116.06666666666666,177.89999999999998,169.83333333333334,102.55,159.6,152.83333333333334,92.60000000000001,142.98333333333332,159.29166666666666,96.97500000000001,147.02916666666667,-5.0,12.0,0.6957001064184117,0.9805824925377834,18.147000000000002,230.94600000000003
2026-02-27 10:44:52.823962,166.0,100.0,132.1,27.6,29.3,20.6,0.42,pm25,26.49,65.0,0.31,1012.0,10000,95.0,Clear,clear sky,10,4,27,2,0,0,193.0,116.66666666666667,169.1,179.5,108.61666666666666,162.76666666666668,150.66666666666666,91.40833333333332,139.775,159.79166666666666,96.71666666666665,145.67499999999998,-38.0,-2.0,0.7570022652762888,1.061594164434994,17.2185,31.0
2026-02-27 11:44:52.823962,177.0,111.4,178.4,21.4,23.4,16.2,0.81,pm25,27.7,70.0,4.69,1009.0,10000,88.0,Clear,clear sky,11,4,27,2,0,0,182.33333333333334,112.53333333333335,163.96666666666667,186.0,113.68333333333334,172.15,151.33333333333334,92.10833333333333,142.375,160.95833333333334,97.66666666666667,148.4,11.0,-32.0,0.6244394583831869,1.0934578928290704,19.39,522.4660000000001
2026-02-27 12:44:52.823962,154.0,100.5,155.1,49.2,13.2,13.6,0.59,pm25,25.81,73.0,3.65,1023.0,10000,45.0,Clear,clear sky,12,4,27,2,0,0,165.66666666666666,103.96666666666668,155.2,179.66666666666666,110.01666666666667,166.55,152.91666666666666,94.075,144.79999999999998,160.95833333333334,97.91666666666667,148.75,-23.0,-50.0,0.6479690480466213,0.26829267747372604,18.8413,366.825
2026-02-27 13:44:52.823962,186.0,108.4,166.5,10.9,22.8,16.5,0.4,pm25,28.43,62.0,3.58,1003.0,10000,86.0,Clear,clear sky,13,4,27,2,0,0,172.33333333333334,106.76666666666667,166.66666666666666,182.66666666666666,111.71666666666668,167.88333333333335,159.08333333333334,97.125,149.3083333333333,161.25,97.67083333333335,147.89583333333334,32.0,20.0,0.6510510471408346,2.0917429273630344,17.6266,388.072
2026-02-27 14:44:52.823962,159.0,94.3,150.1,36.2,22.4,17.3,0.39,pm25,25.83,64.0,4.3,1016.0,10000,88.0,Clear,clear sky,14,4,27,2,0,0,166.33333333333334,101.06666666666666,157.23333333333332,174.33333333333334,106.8,160.6,163.08333333333334,99.45,152.82500000000002,161.70833333333334,97.96666666666665,148.95416666666665,-27.0,-18.0,0.628247830591287,0.6187845132932455,16.5312,405.48999999999995
2026-02-27 15:44:52.823962,120.0,71.8,127.2,23.5,19.2,11.5,0.33,pm25,22.04,65.0,5.93,1010.0,10000,95.0,Clear,clear sky,15,4,27,2,0,0,155.0,91.5,147.9333333333333,160.33333333333334,97.73333333333335,151.56666666666666,165.08333333333334,100.14166666666667,155.58333333333334,160.70833333333334,97.52083333333333,148.4625,-39.0,-34.0,0.5644654043674103,0.8170212418288832,14.325999999999999,425.77399999999994
2026-02-27 16:44:52.823962,163.0,97.2,146.0,25.4,26.1,10.2,0.25,pm25,25.07,65.0,3.04,1011.0,10000,11.0,Clear,clear sky,16,4,27,2,0,0,147.33333333333334,87.76666666666667,141.1,159.83333333333334,97.26666666666667,153.88333333333333,169.66666666666666,102.94166666666666,158.32500000000002,160.5,97.17916666666666,147.52083333333334,43.0,-23.0,0.6657534200975793,1.027559014663031,16.2955,295.488
2026-02-27 17:44:52.823962,184.0,108.2,156.6,20.4,24.0,10.1,0.55,pm25,23.55,63.0,2.14,1008.0,10000,11.0,Clear,clear sky,17,4,27,2,0,0,155.66666666666666,92.39999999999999,143.26666666666665,161.0,96.73333333333333,150.25,173.5,105.20833333333333,161.20000000000002,159.375,96.375,146.61249999999998,21.0,25.0,0.6909323072098832,1.1764705305651701,14.836500000000001,231.54800000000003
2026-02-27 18:44:52.823962,147.0,91.7,147.5,21.2,32.9,5.1,0.15,pm25,20.11,69.0,4.5,1009.0,10000,37.0,Clear,clear sky,18,4,27,2,0,0,164.66666666666666,99.03333333333335,150.0333333333333,159.83333333333334,95.26666666666667,148.98333333333332,169.75,102.64166666666665,157.76666666666668,158.45833333333334,95.74166666666667,146.3125,-37.0,27.0,0.6216949110393566,1.5518867192506263,13.8759,412.65000000000003
2026-02-27 19:44:52.823962,231.0,135.4,204.4,51.0,23.2,20.3,0.49,pm25,23.13,62.0,3.18,1024.0,10000,86.0,Clear,clear sky,19,4,27,2,0,0,187.33333333333334,111.76666666666667,169.49999999999997,167.33333333333334,99.76666666666667,155.29999999999998,175.0,105.74166666666667,161.59166666666667,160.91666666666666,97.36666666666667,149.10833333333332,84.0,68.0,0.6624266112405743,0.45490195186466764,14.3406,430.57200000000006
2026-02-27 20:44:52.823962,166.0,96.1,135.9,15.1,36.1,17.1,0.21,pm25,20.83,62.0,1.77,1006.0,10000,18.0,Clear,clear sky,20,4,27,2,0,0,181.33333333333334,107.73333333333335,162.6,168.5,100.06666666666668,152.93333333333334,171.41666666666666,103.43333333333332,156.76666666666668,161.25,97.22500000000001,148.89583333333334,-65.0,-18.0,0.7071375959739691,2.390728318494814,12.914599999999998,170.09699999999998
2026-02-27 21:44:52.823962,149.0,85.1,120.7,30.5,7.0,13.9,0.54,pm25,19.38,61.0,1.97,1013.0,10000,49.0,Clear,clear sky,21,4,27,2,0,0,182.0,105.53333333333335,153.66666666666666,173.33333333333334,102.28333333333332,151.85,166.83333333333334,100.00833333333334,151.70833333333334,159.83333333333334,96.30416666666666,147.34583333333333,-17.0,2.0,0.7050538466855522,0.2295081891964528,11.821799999999998,167.647
2026-02-27 22:44:52.823962,162.0,93.0,142.7,33.3,28.8,9.2,0.58,pm25,20.49,61.0,3.48,1015.0,10000,19.0,Clear,clear sky,22,4,27,2,0,0,159.0,91.39999999999999,133.1,173.16666666666666,101.58333333333333,151.29999999999998,166.5,99.42500000000001,152.59166666666667,158.58333333333334,95.41666666666667,146.1833333333333,13.0,-69.0,0.6517168840103933,0.864864838892948,12.498899999999999,323.64
2026-02-27 23:44:52.823962,179.0,105.5,157.6,17.8,26.1,19.7,0.09,pm25,21.97,63.0,2.91,1007.0,10000,90.0,Clear,clear sky,23,4,27,2,0,0,163.33333333333334,94.53333333333335,140.33333333333334,172.33333333333334,101.13333333333333,151.46666666666667,166.66666666666666,98.93333333333334,150.85833333333332,159.0,95.52083333333333,146.61666666666667,17.0,13.0,0.6694162394072574,1.4662920524555025,13.841099999999999,307.005
2026-02-28 00:44:52.823962,141.0,86.3,140.3,41.1,23.6,10.0,0.44,pm25,21.69,67.0,4.62,1019.0,10000,12.0,Clear,clear sky,0,5,28,2,1,0,160.66666666666666,94.93333333333334,146.86666666666665,171.33333333333334,100.23333333333333,150.26666666666668,165.58333333333334,97.75,149.625,159.25,95.91250000000001,147.2125,-38.0,-8.0,0.6151104731638597,0.574209231771065,14.5323,398.706
2026-02-28 01:44:52.823962,132.0,82.6,120.3,17.7,37.9,16.6,0.55,pm25,20.72,69.0,2.46,1007.0,10000,0.0,Clear,clear sky,1,5,28,2,1,0,150.66666666666666,91.46666666666665,139.39999999999998,154.83333333333334,91.43333333333332,136.25,161.08333333333334,95.59999999999998,145.775,160.08333333333334,96.3625,147.54166666666666,-9.0,-30.0,0.6866167856474082,2.1412428168789366,14.296799999999998,203.19599999999997
2026-02-28 02:44:52.823962,128.0,73.4,91.6,28.2,23.3,6.9,0.36,pm25,20.33,62.0,0.23,1012.0,10000,25.0,Clear,clear sky,2,5,28,2,1,0,133.66666666666666,80.76666666666667,117.39999999999998,148.5,87.64999999999999,128.86666666666667,158.5,93.85833333333333,140.9,160.79166666666666,96.65416666666668,146.86249999999998,-4.0,-51.0,0.8013100349201963,0.8262411054524431,12.604599999999998,16.882
2026-02-28 03:44:52.823962,126.0,79.8,119.0,23.6,23.0,10.6,0.39,pm25,20.11,69.0,2.89,1010.0,10000,11.0,Clear,clear sky,3,5,28,2,1,0,128.66666666666666,78.6,110.29999999999997,144.66666666666666,86.76666666666665,128.58333333333334,159.0,94.52499999999999,140.21666666666667,162.04166666666666,97.33333333333333,147.9,-2.0,-15.0,0.6705882296589224,0.9745762298908376,13.8759,230.622
2026-02-28 04:44:52.823962,126.0,78.4,118.7,27.4,21.5,15.3,0.4,pm25,20.1,68.0,3.15,1012.0,10000,57.0,Clear,clear sky,4,5,28,2,1,0,126.66666666666667,77.2,109.76666666666665,138.66666666666666,84.33333333333333,124.58333333333333,155.91666666666666,92.95833333333333,137.94166666666666,162.79166666666666,97.94999999999999,148.13333333333333,0.0,-6.0,0.6604886212258751,0.7846715042090692,13.668000000000001,246.96
2026-02-28 05:44:52.823962,119.0,73.2,123.6,32.4,33.7,10.5,0.22,pm25,19.41,67.0,5.07,1014.0,10000,31.0,Clear,clear sky,5,5,28,2,1,0,123.66666666666667,77.13333333333333,120.43333333333332,128.66666666666666,78.95,118.91666666666667,150.5,90.04166666666667,135.19166666666666,162.0,97.625,148.19583333333335,-7.0,-9.0,0.5922330049172088,1.0401234246875488,13.0047,371.124
2026-02-28 06:44:52.823962,166.0,104.1,146.2,37.2,26.1,9.4,0.65,pm25,23.81,70.0,1.5,1017.0,10000,14.0,Clear,clear sky,6,5,28,2,1,0,137.0,85.23333333333333,129.49999999999997,132.83333333333334,81.91666666666667,119.89999999999999,152.08333333333334,91.075,135.08333333333334,160.91666666666666,96.85833333333333,146.42499999999998,47.0,40.0,0.7120382988232675,0.701612884365245,16.666999999999998,156.14999999999998
2026-02-28 07:44:52.823962,155.0,90.4,129.3,32.4,29.5,11.3,0.34,pm25,21.52,62.0,2.05,1014.0,10000,18.0,Clear,clear sky,7,5,28,2,1,0,146.66666666666666,89.23333333333333,133.03333333333333,136.66666666666666,83.21666666666667,121.39999999999999,145.75,87.325,128.825,160.375,96.53333333333335,145.20833333333334,-11.0,29.0,0.6991492598673684,0.9104937990588334,13.3424,185.32
2026-02-28 08:44:52.823962,163.0,86.5,141.7,38.4,23.6,17.6,0.08,pm25,22.78,54.0,4.78,1017.0,10000,94.0,Clear,clear sky,8,5,28,2,1,0,161.33333333333334,93.66666666666667,139.06666666666663,142.5,85.39999999999999,129.75,145.5,86.52499999999999,129.30833333333334,158.45833333333334,94.97916666666667,143.0375,8.0,44.0,0.6104445969622824,0.6145833173285595,12.301200000000001,413.47
2026-02-28 09:44:52.823962,168.0,105.0,171.5,25.1,26.7,23.0,0.13,pm25,23.73,69.0,5.1,1011.0,10000,76.0,Clear,clear sky,9,5,28,2,1,0,162.0,93.96666666666665,147.49999999999997,149.5,89.60000000000001,138.5,147.08333333333334,88.18333333333334,133.54166666666666,156.95833333333334,94.09583333333335,142.625,5.0,2.0,0.6122448943892426,1.0637449775400405,16.3737,535.5
2026-02-28 10:44:52.823962,191.0,122.1,182.0,36.6,23.6,13.9,0.28,pm25,28.56,73.0,2.84,1016.0,10000,11.0,Clear,clear sky,10,5,28,2,1,0,174.0,104.53333333333335,165.06666666666663,160.33333333333334,96.88333333333334,149.04999999999998,149.5,90.60833333333333,136.81666666666666,158.0,95.01666666666667,144.70416666666668,23.0,36.0,0.6708791171929719,0.6448087255516742,20.8488,346.76399999999995
2026-02-28 11:44:52.823962,155.0,97.2,148.5,25.7,33.4,27.1,0.56,pm25,25.78,69.0,3.41,1011.0,10000,100.0,Clear,clear sky,11,5,28,2,1,0,171.33333333333334,108.10000000000001,167.33333333333331,166.33333333333334,100.88333333333333,153.20000000000002,147.5,89.91666666666667,136.05833333333334,157.08333333333334,94.425,143.45833333333334,-36.0,-8.0,0.6545454501377411,1.299610844373119,17.788200000000003,331.452
2026-02-28 12:44:52.823962,164.0,96.0,147.9,34.5,12.6,23.9,0.33,pm25,26.71,62.0,3.6,1015.0,10000,59.0,Clear,clear sky,12,5,28,2,1,0,170.0,105.10000000000001,159.46666666666667,166.0,99.53333333333335,153.48333333333332,149.41666666666666,90.72500000000001,136.6916666666667,157.5,94.2375,143.15833333333333,9.0,-4.0,0.6490872167066449,0.3652173807183368,16.5602,345.6
2026-02-28 13:44:52.823962,117.0,72.7,110.2,29.4,22.8,19.0,0.76,pm25,22.57,67.0,3.18,1013.0,10000,90.0,Clear,clear sky,13,5,28,2,1,0,145.33333333333334,88.63333333333333,135.53333333333333,159.66666666666666,96.58333333333333,150.3,148.16666666666666,89.89999999999999,135.85,154.625,92.75,140.8125,-47.0,-74.0,0.6597096128882975,0.7755101777037355,15.1219,231.186
2026-02-28 14:44:52.823962,173.0,105.1,153.6,32.2,25.4,11.8,0.75,pm25,27.03,66.0,2.38,1014.0,10000,6.0,Clear,clear sky,14,5,28,2,1,0,151.33333333333334,91.26666666666667,137.23333333333332,161.33333333333334,99.68333333333334,152.28333333333333,151.91666666666666,92.54166666666667,141.01666666666668,155.20833333333334,93.2,140.95833333333334,56.0,18.0,0.684244787211948,0.7888198512788865,17.8398,250.13799999999998
2026-02-28 15:44:52.823962,140.0,82.8,120.1,14.1,28.5,5.1,0.77,pm25,23.73,64.0,2.39,1005.0,10000,32.0,Clear,clear sky,15,5,28,2,1,0,143.33333333333334,86.86666666666667,127.96666666666665,156.66666666666666,95.98333333333333,143.71666666666667,153.08333333333334,92.79166666666667,141.10833333333332,156.04166666666666,93.65833333333332,140.6625,-33.0,-24.0,0.689425473027265,2.0212764523917413,15.1872,197.892
2026-02-28 16:44:52.823962,142.0,93.2,127.2,18.9,22.6,19.2,0.46,pm25,23.32,73.0,1.1,1007.0,10000,89.0,Clear,clear sky,16,5,28,2,1,0,151.66666666666666,93.7,133.6333333333333,148.5,91.16666666666667,134.58333333333334,154.41666666666666,94.02499999999999,141.81666666666666,155.16666666666666,93.49166666666667,139.87916666666666,2.0,25.0,0.7327043967554686,1.1957671324990937,17.023600000000002,102.52000000000001
2026-02-28 17:44:52.823962,178.0,106.2,165.5,25.4,21.3,22.3,0.47,pm25,23.12,64.0,3.94,1011.0,10000,76.0,Clear,clear sky,17,5,28,2,1,0,153.33333333333334,94.06666666666666,137.6,152.33333333333334,92.66666666666667,137.41666666666666,159.33333333333334,96.77499999999999,145.30833333333334,154.91666666666666,93.40833333333332,140.25,36.0,5.0,0.6416918390230101,0.8385826441502896,14.796800000000001,418.428
2026-02-28 18:44:52.823962,191.0,121.1,183.1,44.7,28.1,19.6,0.61,pm25,23.27,72.0,3.22,1020.0,10000,86.0,Clear,clear sky,18,5,28,2,1,0,170.33333333333334,106.83333333333333,158.6,156.83333333333334,96.84999999999998,143.28333333333333,161.41666666666666,98.19166666666666,148.38333333333333,156.75,94.63333333333333,141.73333333333332,13.0,51.0,0.661387216486143,0.6286353326927219,16.7544,389.942
2026-02-28 19:44:52.823962,197.0,119.4,188.3,12.7,15.5,22.7,0.21,pm25,20.68,66.0,4.37,1004.0,10000,65.0,Clear,clear sky,19,5,28,2,1,0,188.66666666666666,115.56666666666668,178.96666666666667,170.16666666666666,104.63333333333333,156.29999999999998,164.91666666666666,100.60833333333333,153.3,155.33333333333334,93.96666666666665,141.0625,6.0,55.0,0.634094526637841,1.2204723448446975,13.6488,521.778
2026-02-28 20:44:52.823962,161.0,101.1,158.7,24.7,21.1,13.5,0.47,pm25,20.42,69.0,4.07,1010.0,10000,26.0,Clear,clear sky,20,5,28,2,1,0,183.0,113.86666666666667,176.69999999999996,168.16666666666666,103.96666666666665,157.15,164.75,101.82499999999999,154.71666666666667,155.125,94.175,142.0125,-36.0,-17.0,0.6370510356833583,0.8542509775606892,14.0898,411.47700000000003
2026-02-28 21:44:52.823962,151.0,82.5,102.7,37.0,23.1,11.8,0.58,pm25,19.54,57.0,0.15,1016.0,10000,8.0,Clear,clear sky,21,5,28,2,1,0,169.66666666666666,101.0,149.89999999999998,170.0,103.91666666666667,154.25,163.33333333333334,99.94999999999999,148.98333333333332,155.20833333333334,94.06666666666666,141.26250000000002,-10.0,-40.0,0.8033106056152813,0.6243243074506944,11.1378,12.375
2026-02-28 22:44:52.823962,177.0,101.3,158.2,20.5,23.3,6.9,0.69,pm25,21.8,60.0,3.94,1008.0,10000,24.0,Clear,clear sky,22,5,28,2,1,0,163.0,94.96666666666665,139.86666666666665,175.83333333333334,105.26666666666665,159.41666666666666,162.16666666666666,98.21666666666665,147.0,155.83333333333334,94.41250000000001,141.90833333333333,26.0,-20.0,0.6403286938032321,1.1365853104104726,13.08,399.12199999999996
2026-02-28 23:44:52.823962,159.0,94.9,131.9,10.1,24.2,16.9,0.42,pm25,20.22,65.0,1.43,1003.0,10000,97.0,Clear,clear sky,23,5,28,2,1,0,162.33333333333334,92.89999999999999,130.9333333333333,172.66666666666666,103.38333333333334,153.81666666666666,162.5,98.02499999999999,145.61666666666667,155.0,93.97083333333335,140.8375,-18.0,-2.0,0.7194844524678965,2.396039366728776,13.142999999999999,135.707
2026-03-01 00:44:52.823962,101.0,67.2,97.1,31.9,22.1,14.4,0.81,pm25,24.39,72.0,2.43,1014.0,10000,35.0,Clear,clear sky,0,6,1,3,1,1,145.66666666666666,87.8,129.06666666666663,157.66666666666666,94.39999999999999,139.48333333333332,157.25,95.625,141.38333333333333,153.33333333333334,93.175,139.0375,-58.0,-50.0,0.692070023768589,0.6927899469344845,17.5608,163.29600000000002
2026-03-01 01:44:52.823962,88.0,50.1,64.4,49.6,31.1,20.8,0.34,pm25,22.75,62.0,1.39,1023.0,10000,76.0,Clear,clear sky,1,6,1,3,1,1,116.0,70.73333333333333,97.8,139.5,82.85000000000001,118.83333333333333,154.83333333333334,93.74166666666666,137.5666666666667,151.5,91.82083333333333,136.70833333333334,-13.0,-89.0,0.7779502984790326,0.6270161163908041,14.105,69.639
2026-03-01 02:44:52.823962,121.0,71.2,86.3,13.1,23.9,10.1,0.48,pm25,27.0,63.0,0.07,1005.0,10000,97.0,Clear,clear sky,2,6,1,3,1,1,103.33333333333333,62.833333333333336,82.59999999999998,132.83333333333334,77.86666666666667,106.76666666666667,150.5,90.91666666666667,131.95833333333334,151.20833333333334,91.72916666666667,136.48749999999998,33.0,-38.0,0.825028959153778,1.8244273416467678,17.01,4.984000000000001
2026-03-01 03:44:52.823962,107.0,66.7,91.8,38.3,8.0,20.2,0.35,pm25,25.22,67.0,1.77,1017.0,10000,55.0,Clear,clear sky,3,6,1,3,1,1,105.33333333333333,62.666666666666664,80.83333333333331,125.5,75.23333333333333,104.95,147.75,89.575,129.6,150.41666666666666,91.18333333333334,135.35416666666666,-14.0,6.0,0.7265795127823583,0.20887727914158544,16.8974,118.05900000000001
2026-03-01 04:44:52.823962,143.0,85.0,130.2,41.6,35.0,23.0,0.78,pm25,29.68,64.0,3.39,1019.0,10000,17.0,Clear,clear sky,4,6,1,3,1,1,123.66666666666667,74.30000000000001,102.76666666666665,119.83333333333333,72.51666666666667,100.28333333333335,147.83333333333334,88.89166666666667,129.85,151.125,91.45833333333333,135.83333333333334,36.0,55.0,0.6528417768598943,0.8413461336214872,18.9952,288.15000000000003
2026-03-01 05:44:52.823962,105.0,56.1,102.2,23.1,25.0,14.7,0.52,pm25,24.98,58.0,5.72,1010.0,10000,0.0,Clear,clear sky,5,6,1,3,1,1,118.33333333333333,69.26666666666667,108.06666666666665,110.83333333333333,66.05,95.33333333333333,141.75,84.71666666666667,124.575,150.54166666666666,90.74583333333332,134.94166666666666,-38.0,-16.0,0.5489236736895923,1.082251035400388,14.488399999999999,320.892
2026-03-01 06:44:52.823962,139.0,78.7,106.5,28.4,22.0,9.0,0.17,pm25,28.7,60.0,1.26,1012.0,10000,82.0,Clear,clear sky,6,6,1,3,1,1,129.0,73.26666666666667,112.96666666666664,117.16666666666667,67.96666666666668,96.89999999999999,137.41666666666666,81.18333333333332,118.19166666666668,149.41666666666666,89.6875,133.2875,34.0,32.0,0.7389671292115763,0.7746478600476105,17.22,99.162
2026-03-01 07:44:52.823962,144.0,88.9,123.6,43.2,19.8,15.1,0.87,pm25,27.54,68.0,1.55,1020.0,10000,52.0,Clear,clear sky,7,6,1,3,1,1,129.33333333333334,74.56666666666668,110.76666666666665,126.5,74.43333333333334,106.76666666666667,133.0,78.64166666666667,112.8,148.95833333333334,89.625,133.04999999999998,5.0,1.0,0.7192556576112002,0.4583333227237657,18.7272,137.79500000000002
2026-03-01 08:44:52.823962,123.0,82.0,126.3,20.9,15.5,7.5,0.57,pm25,26.53,73.0,3.49,1008.0,10000,74.0,Clear,clear sky,8,6,1,3,1,1,135.33333333333334,83.2,118.8,126.83333333333333,76.23333333333333,113.43333333333332,129.83333333333334,77.05000000000001,110.10000000000001,147.29166666666666,89.4375,132.40833333333333,-21.0,18.0,0.6492478175039761,0.7416267587738393,19.3669,286.18
2026-03-01 09:44:52.823962,162.0,93.4,138.3,42.7,24.6,12.4,0.21,pm25,30.41,61.0,2.71,1019.0,10000,4.0,Clear,clear sky,9,6,1,3,1,1,143.0,88.10000000000001,129.39999999999998,136.0,80.68333333333334,121.18333333333334,130.75,77.95833333333334,113.06666666666666,147.04166666666666,88.95416666666667,131.025,39.0,23.0,0.6753434513713417,0.5761123986858924,18.5501,253.114
2026-03-01 10:44:52.823962,89.0,50.2,73.0,31.2,31.9,11.1,0.5,pm25,26.21,62.0,2.65,1014.0,10000,4.0,Clear,clear sky,10,6,1,3,1,1,124.66666666666667,75.2,112.5333333333333,127.0,74.88333333333334,111.65000000000002,123.41666666666667,73.7,105.96666666666665,142.79166666666666,85.95833333333333,126.48333333333333,-73.0,-55.0,0.6876712234565586,1.0224358646655172,16.2502,133.03
2026-03-01 11:44:52.823962,146.0,87.3,110.0,19.5,20.7,6.7,0.54,pm25,32.35,64.0,0.14,1008.0,10000,85.0,Clear,clear sky,11,6,1,3,1,1,132.33333333333334,76.96666666666667,107.09999999999998,133.83333333333334,80.08333333333333,112.95,122.33333333333333,73.06666666666668,104.14166666666665,142.41666666666666,85.54583333333333,124.87916666666666,57.0,23.0,0.7936363564214877,1.0615384071005944,20.704,12.222000000000001
2026-03-01 12:44:52.823962,163.0,94.1,136.3,42.1,22.0,5.9,0.49,pm25,34.17,61.0,2.26,1019.0,10000,1.0,Clear,clear sky,12,6,1,3,1,1,132.66666666666666,77.2,106.43333333333332,137.83333333333334,82.64999999999999,117.91666666666667,127.5,75.30833333333334,107.40833333333335,142.375,85.46666666666668,124.39583333333333,17.0,1.0,0.6903888430639116,0.5225653082526055,20.8437,212.66599999999997
2026-03-01 13:44:52.823962,135.0,83.0,115.1,27.3,17.3,16.3,0.39,pm25,31.23,67.0,1.59,1012.0,10000,60.0,Clear,clear sky,13,6,1,3,1,1,148.0,88.13333333333333,120.46666666666665,136.33333333333334,81.66666666666667,116.5,131.41666666666666,78.05,111.63333333333333,143.125,85.89583333333333,124.60000000000001,-28.0,46.0,0.7211120701901645,0.6336996104871937,20.9241,131.97
2026-03-01 14:44:52.823962,165.0,104.6,152.5,27.9,24.6,16.4,0.65,pm25,33.97,70.0,2.33,1012.0,10000,91.0,Clear,clear sky,14,6,1,3,1,1,154.33333333333334,93.89999999999999,134.63333333333333,143.33333333333334,85.43333333333334,120.86666666666667,135.08333333333334,80.83333333333333,117.14999999999999,142.79166666666666,85.875,124.55416666666667,30.0,19.0,0.6859016348465466,0.8817203985046452,23.779,243.718
2026-03-01 15:44:52.823962,174.0,108.0,173.2,37.8,10.4,7.5,0.64,pm25,34.38,69.0,4.67,1017.0,10000,42.0,Clear,clear sky,15,6,1,3,1,1,158.0,98.53333333333335,146.9333333333333,145.33333333333334,87.86666666666667,126.68333333333332,140.66666666666666,84.27499999999999,123.93333333333334,144.20833333333334,86.925,126.76666666666665,9.0,11.0,0.623556578385932,0.27513226785364375,23.7222,504.36
2026-03-01 16:44:52.823962,157.0,100.5,152.0,22.8,39.1,17.4,0.83,pm25,32.01,71.0,3.19,1009.0,10000,56.0,Clear,clear sky,16,6,1,3,1,1,165.33333333333334,104.36666666666667,159.23333333333332,156.66666666666666,96.25,139.85,141.83333333333334,85.56666666666666,125.75,144.83333333333334,87.22916666666667,127.8,-17.0,22.0,0.6611842061764197,1.7149122054863066,22.7271,320.59499999999997
2026-03-01 17:44:52.823962,154.0,91.0,130.5,10.3,13.3,16.7,0.45,pm25,28.43,63.0,2.1,1003.0,10000,5.0,Clear,clear sky,17,6,1,3,1,1,161.66666666666666,99.83333333333333,151.89999999999998,158.0,96.86666666666667,143.26666666666665,145.91666666666666,88.47500000000001,128.10833333333332,143.83333333333334,86.59583333333335,126.34166666666665,-3.0,-11.0,0.6973180023194023,1.2912620105570864,17.910899999999998,191.1
2026-03-01 18:44:52.823962,181.0,115.3,151.5,21.0,21.2,16.6,0.33,pm25,29.86,72.0,0.21,1008.0,10000,76.0,Clear,clear sky,18,6,1,3,1,1,164.0,102.26666666666667,144.66666666666666,161.0,100.39999999999999,145.79999999999998,149.41666666666666,91.52499999999999,131.85833333333332,143.41666666666666,86.35416666666667,125.02499999999999,27.0,7.0,0.7610561005870884,1.0095237614512493,21.499200000000002,24.212999999999997
2026-03-01 19:44:52.823962,136.0,88.0,123.6,21.9,20.5,26.8,0.52,pm25,23.11,71.0,1.75,1009.0,10000,61.0,Clear,clear sky,19,6,1,3,1,1,157.0,98.10000000000001,135.2,161.16666666666666,101.23333333333333,147.21666666666667,148.75,91.44999999999999,131.85833333333332,140.875,85.04583333333333,122.32916666666667,-45.0,-21.0,0.7119741042720542,0.9360730166176705,16.4081,154.0
2026-03-01 20:44:52.823962,121.0,79.3,145.9,39.7,28.4,12.9,0.61,pm25,23.91,72.0,7.03,1018.0,10000,85.0,Clear,clear sky,20,6,1,3,1,1,146.0,94.2,140.3333333333333,153.83333333333334,97.01666666666665,146.11666666666667,148.58333333333334,91.22499999999998,133.49166666666667,139.20833333333334,84.1375,121.79583333333333,-15.0,-33.0,0.5435229572068337,0.7153652212754352,17.2152,557.479
2026-03-01 21:44:52.823962,148.0,89.4,132.6,25.2,17.7,7.1,0.88,pm25,26.59,66.0,2.78,1011.0,10000,18.0,Clear,clear sky,21,6,1,3,1,1,135.0,85.56666666666666,134.0333333333333,149.5,93.91666666666667,139.35,147.41666666666666,90.89166666666667,133.01666666666668,139.08333333333334,84.425,123.04166666666667,27.0,-33.0,0.6742081397118542,0.7023809245086934,17.549400000000002,248.532
2026-03-01 22:44:52.823962,135.0,76.5,104.0,26.7,28.0,7.2,0.66,pm25,25.27,61.0,1.39,1011.0,10000,24.0,Clear,clear sky,22,6,1,3,1,1,134.66666666666666,81.73333333333333,127.49999999999999,145.83333333333334,89.91666666666667,131.35,151.25,93.08333333333333,135.6,137.33333333333334,83.39166666666667,120.78333333333335,-13.0,-1.0,0.7355769160040682,1.0486890993000337,15.4147,106.335
2026-03-01 23:44:52.823962,119.0,71.2,107.1,11.0,25.2,19.5,0.46,pm25,23.7,65.0,3.04,1003.0,10000,91.0,Clear,clear sky,23,6,1,3,1,1,134.0,79.03333333333335,114.56666666666665,140.0,86.61666666666666,127.44999999999999,149.0,91.74166666666666,135.35833333333335,135.66666666666666,82.40416666666665,119.75,-16.0,-2.0,0.6647992468272713,2.290908882644647,15.405,216.448
2026-03-02 00:44:52.823962,127.0,77.0,91.6,29.8,21.3,9.9,0.69,pm25,27.69,66.0,0.58,1013.0,10000,98.0,Clear,clear sky,0,0,2,3,0,1,127.0,74.89999999999999,100.89999999999998,131.0,80.23333333333333,117.46666666666668,146.0,90.31666666666666,131.63333333333333,136.75,82.8125,119.52083333333333,8.0,-21.0,0.8406113445348107,0.7147650766857356,18.2754,44.66
2026-03-02 01:44:52.823962,137.0,81.5,139.3,25.7,25.5,12.4,0.05,pm25,29.01,64.0,5.56,1011.0,10000,4.0,Clear,clear sky,1,0,2,3,0,1,127.66666666666667,76.56666666666666,112.66666666666664,131.16666666666666,79.15,120.08333333333333,146.16666666666666,90.19166666666666,133.65,138.79166666666666,84.12083333333332,122.64166666666667,10.0,2.0,0.5850681939334659,0.9922178602249859,18.5664,453.14
2026-03-02 02:44:52.823962,91.0,50.1,67.9,21.3,20.0,7.5,0.52,pm25,23.15,60.0,1.92,1009.0,10000,26.0,Clear,clear sky,2,0,2,3,0,1,118.33333333333333,69.53333333333335,99.59999999999998,126.16666666666667,74.28333333333333,107.08333333333333,140.0,85.64999999999999,126.60000000000001,137.54166666666666,83.24166666666666,121.875,-46.0,-28.0,0.7378497682201801,0.9389670920672726,13.89,96.192
2026-03-02 03:44:52.823962,92.0,65.1,84.8,43.6,30.6,11.2,0.38,pm25,23.3,75.0,1.07,1020.0,10000,22.0,Clear,clear sky,3,0,2,3,0,1,106.66666666666667,65.56666666666668,97.33333333333331,116.83333333333333,70.23333333333333,99.11666666666667,133.16666666666666,82.075,119.23333333333333,136.91666666666666,83.175,121.58333333333333,1.0,-35.0,0.7676886701923505,0.7018348462881916,17.475,69.657
2026-03-02 04:44:52.823962,95.0,53.8,70.0,7.1,22.4,12.7,0.59,pm25,23.64,62.0,1.4,994.0,10000,12.0,Clear,clear sky,4,0,2,3,0,1,92.66666666666667,56.333333333333336,74.2333333333333,110.16666666666667,66.45,93.45,128.0,78.18333333333334,112.39999999999999,134.91666666666666,81.875,119.075,3.0,-42.0,0.7685714175918369,3.1549291331085727,14.6568,75.32
2026-03-02 05:44:52.823962,125.0,77.7,118.6,36.9,26.9,15.3,0.64,pm25,27.4,68.0,3.32,1016.0,10000,63.0,Clear,clear sky,5,0,2,3,0,1,104.0,65.53333333333335,91.13333333333331,111.16666666666667,67.53333333333333,95.36666666666667,125.58333333333333,77.075,111.40833333333332,135.75,82.77499999999999,119.75833333333333,30.0,34.0,0.6551433334304947,0.7289972702168762,18.631999999999998,257.964
2026-03-02 06:44:52.823962,116.0,80.4,116.2,48.6,37.1,23.9,0.48,pm25,26.37,76.0,2.33,1022.0,10000,0.0,Clear,clear sky,6,0,2,3,0,1,112.0,70.63333333333334,101.59999999999998,109.33333333333333,68.10000000000001,99.46666666666665,120.16666666666667,74.16666666666667,108.46666666666665,134.79166666666666,82.84583333333333,120.16250000000001,-9.0,24.0,0.6919104931849356,0.7633744698894143,20.0412,187.33200000000002
2026-03-02 07:44:52.823962,192.0,115.8,184.9,8.9,18.3,5.8,0.47,pm25,31.6,66.0,4.68,1002.0,10000,90.0,Clear,clear sky,7,0,2,3,0,1,144.33333333333334,91.3,139.89999999999998,118.5,73.81666666666666,107.06666666666668,124.83333333333333,76.48333333333333,113.575,136.79166666666666,83.96666666666667,122.71666666666665,76.0,97.0,0.6262844747091159,2.0561795442494897,20.855999999999998,541.944
2026-03-02 08:44:52.823962,200.0,119.7,185.8,40.9,27.3,9.5,0.61,pm25,32.97,65.0,3.93,1018.0,10000,100.0,Clear,clear sky,8,0,2,3,0,1,169.33333333333334,105.30000000000001,162.29999999999998,136.66666666666666,85.41666666666667,126.71666666666665,131.41666666666666,79.85000000000001,116.89999999999999,140.0,85.53750000000001,125.19583333333333,8.0,75.0,0.644241116015925,0.6674816462718425,21.4305,470.42100000000005
2026-03-02 09:44:52.823962,126.0,78.2,100.0,21.7,27.2,15.2,0.53,pm25,27.41,67.0,0.4,1009.0,10000,56.0,Clear,clear sky,9,0,2,3,0,1,172.66666666666666,104.56666666666668,156.89999999999998,142.33333333333334,87.60000000000001,129.25,129.58333333333334,78.91666666666667,114.18333333333334,138.5,84.90416666666667,123.60000000000001,-74.0,10.0,0.7819999921800002,1.2534561634351997,18.3647,31.28
2026-03-02 10:44:52.823962,128.0,71.7,101.7,40.9,16.5,12.4,0.52,pm25,30.22,60.0,2.12,1018.0,10000,35.0,Clear,clear sky,10,0,2,3,0,1,151.33333333333334,89.86666666666667,129.16666666666666,147.83333333333334,90.58333333333333,134.53333333333333,129.0,78.51666666666667,113.99166666666667,140.125,85.8,124.79583333333333,2.0,-64.0,0.7050147423302385,0.40342297302144325,18.131999999999998,152.00400000000002
2026-03-02 11:44:52.823962,108.0,64.6,107.6,40.6,20.6,23.2,0.61,pm25,28.46,65.0,4.61,1018.0,10000,73.0,Clear,clear sky,11,0,2,3,0,1,120.66666666666667,71.5,103.09999999999998,145.0,88.39999999999999,132.7,128.08333333333334,77.96666666666667,114.03333333333335,138.54166666666666,84.85416666666667,124.69583333333334,-20.0,-92.0,0.6003717416322328,0.5073891500643067,18.499000000000002,297.806
2026-03-02 12:44:52.823962,128.0,75.8,116.9,24.8,29.0,6.1,0.68,pm25,30.58,64.0,3.48,1010.0,10000,30.0,Clear,clear sky,12,0,2,3,0,1,121.33333333333333,70.7,108.7333333333333,147.0,87.63333333333334,132.8166666666667,128.16666666666666,77.86666666666666,116.14166666666667,137.08333333333334,84.09166666666667,123.88749999999999,20.0,2.0,0.6484174452658901,1.1693547915582745,19.571199999999997,263.784
2026-03-02 13:44:52.823962,131.0,76.9,111.4,43.7,16.5,25.0,0.61,pm25,30.77,63.0,2.41,1020.0,10000,62.0,Clear,clear sky,13,0,2,3,0,1,122.33333333333333,72.43333333333334,111.96666666666665,136.83333333333334,81.15,120.56666666666666,127.66666666666667,77.48333333333333,113.81666666666666,136.91666666666666,83.8375,123.73333333333333,3.0,3.0,0.6903052002665602,0.37757436206923656,19.3851,185.32900000000004
2026-03-02 14:44:52.823962,135.0,81.5,121.6,42.5,26.3,16.2,0.6,pm25,30.9,65.0,2.9,1019.0,10000,90.0,Clear,clear sky,14,0,2,3,0,1,131.33333333333334,78.06666666666668,116.63333333333331,126.0,74.78333333333335,109.86666666666667,131.33333333333334,80.1,118.29166666666667,135.66666666666666,82.875,122.44583333333333,4.0,27.0,0.6702302576461328,0.6188235148512115,20.085,236.35
2026-03-02 15:44:52.823962,119.0,70.5,109.1,37.2,22.8,13.3,0.49,pm25,28.79,64.0,3.51,1017.0,10000,13.0,Clear,clear sky,15,0,2,3,0,1,128.33333333333334,76.30000000000001,114.03333333333332,124.83333333333333,73.5,111.38333333333333,133.58333333333334,80.55,120.31666666666666,133.375,81.3125,119.77500000000002,-16.0,-9.0,0.6461961443978356,0.6129032093305589,18.4256,247.45499999999998
2026-03-02 16:44:52.823962,130.0,74.7,133.6,13.4,17.5,12.1,0.51,pm25,29.27,62.0,6.23,1005.0,10000,31.0,Clear,clear sky,16,0,2,3,0,1,128.0,75.56666666666666,121.4333333333333,125.16666666666667,74.0,116.69999999999999,136.5,82.29166666666667,125.61666666666667,132.25,80.2375,119.00833333333334,11.0,-1.0,0.5591317323418284,1.3059700517932797,18.1474,465.38100000000003
2026-03-02 17:44:52.823962,181.0,109.2,163.3,25.1,27.6,17.4,0.74,pm25,30.65,66.0,2.92,1011.0,10000,88.0,Clear,clear sky,17,0,2,3,0,1,143.33333333333334,84.8,135.33333333333331,137.33333333333334,81.43333333333332,125.98333333333335,141.16666666666666,84.91666666666667,129.34166666666667,133.375,80.99583333333332,120.375,51.0,46.0,0.6687078954763754,1.0996015498166714,20.229,318.864
2026-03-02 18:44:52.823962,160.0,103.7,168.6,25.9,19.7,10.7,0.26,pm25,28.17,72.0,4.97,1011.0,10000,21.0,Clear,clear sky,18,0,2,3,0,1,157.0,95.86666666666667,155.16666666666663,142.66666666666666,86.08333333333333,134.6,144.83333333333334,86.85833333333333,133.70833333333334,132.5,80.5125,121.08750000000002,-21.0,41.0,0.6150652395310484,0.7606177312502806,20.282400000000003,515.389
2026-03-02 19:44:52.823962,149.0,103.4,159.7,48.6,11.3,12.4,0.35,pm25,24.2,79.0,3.7,1022.0,10000,43.0,Clear,clear sky,19,0,2,3,0,1,163.33333333333334,105.43333333333334,163.86666666666665,145.66666666666666,90.5,142.65,141.25,85.825,131.60833333333332,133.04166666666666,81.15416666666667,122.59166666666665,-11.0,19.0,0.6474639909363559,0.23251028328168144,19.118,382.58000000000004
2026-03-02 20:44:52.823962,153.0,87.8,131.0,34.4,26.4,10.5,0.69,pm25,27.09,61.0,2.88,1015.0,10000,19.0,Clear,clear sky,20,0,2,3,0,1,154.0,98.30000000000001,153.1,148.66666666666666,91.55,144.21666666666667,137.33333333333334,83.16666666666667,127.04166666666667,134.375,81.50833333333334,121.97083333333335,4.0,-28.0,0.6702290025173359,0.7674418381557606,16.5249,252.86399999999998
2026-03-02 21:44:52.823962,139.0,82.9,109.6,28.1,29.4,8.5,0.37,pm25,25.72,64.0,0.8,1012.0,10000,22.0,Clear,clear sky,21,0,2,3,0,1,147.0,91.36666666666667,133.4333333333333,152.0,93.61666666666667,144.29999999999998,138.41666666666666,83.55833333333334,127.84166666666665,134.0,81.2375,121.01249999999999,-14.0,-21.0,0.7563868544125288,1.0462633079621597,16.4608,66.32000000000001
2026-03-02 22:44:52.823962,132.0,85.7,125.8,30.3,37.2,12.8,0.47,pm25,24.96,72.0,2.59,1013.0,10000,42.0,Clear,clear sky,22,0,2,3,0,1,141.33333333333334,85.46666666666668,122.13333333333331,152.33333333333334,95.45,143.0,138.75,84.72500000000001,129.85,133.875,81.62083333333332,121.92083333333333,-7.0,-17.0,0.681240058177742,1.2277227317583257,17.9712,221.963
2026-03-02 23:44:52.823962,122.0,74.4,107.2,17.2,27.6,15.2,0.73,pm25,23.94,66.0,2.35,1007.0,10000,56.0,Clear,clear sky,23,0,2,3,0,1,131.0,81.0,114.19999999999997,142.5,89.65000000000002,133.65,139.91666666666666,85.54166666666667,129.81666666666666,134.0,81.75416666666668,121.925,-10.0,-31.0,0.6940298442721097,1.6046510694970308,15.800400000000002,174.84000000000003
2026-03-03 00:44:52.823962,117.0,79.3,136.3,49.5,33.1,14.6,0.63,pm25,26.47,74.0,5.6,1023.0,10000,47.0,Clear,clear sky,0,1,3,3,0,1,123.66666666666667,79.80000000000001,123.09999999999998,135.33333333333334,85.58333333333333,128.26666666666668,139.0,85.83333333333333,131.4333333333333,133.58333333333334,81.85000000000001,123.78750000000001,-5.0,-22.0,0.5818048379911603,0.6686868551780434,19.5878,444.08
2026-03-03 01:44:52.823962,94.0,58.7,86.6,22.5,26.3,10.1,0.53,pm25,23.53,67.0,2.77,1009.0,10000,11.0,Clear,clear sky,1,1,3,3,0,1,111.0,70.80000000000001,110.0333333333333,126.16666666666667,78.13333333333334,116.08333333333333,135.91666666666666,84.31666666666668,129.36666666666667,131.79166666666666,80.9,121.59166666666665,-23.0,-38.0,0.6778290914800337,1.168888836938274,15.7651,162.59900000000002
2026-03-03 02:44:52.823962,107.0,61.7,102.0,29.8,29.5,13.1,0.56,pm25,25.17,62.0,4.43,1013.0,10000,88.0,Clear,clear sky,2,1,3,3,0,1,106.0,66.56666666666668,108.3,118.5,73.78333333333333,111.25,133.58333333333334,82.66666666666667,127.73333333333333,132.45833333333334,81.38333333333334,123.0125,13.0,-15.0,0.6049019548539024,0.989932852686817,15.605400000000001,273.331
2026-03-03 03:44:52.823962,96.0,59.8,84.8,21.1,17.1,12.8,0.29,pm25,23.77,67.0,2.27,1009.0,10000,95.0,Clear,clear sky,3,1,3,3,0,1,99.0,60.06666666666667,91.13333333333331,111.33333333333333,69.93333333333334,107.11666666666667,131.66666666666666,81.775,125.70833333333333,132.625,81.16250000000001,123.0125,-11.0,-21.0,0.7051886709293789,0.8104265018755212,15.925899999999999,135.74599999999998
2026-03-03 04:44:52.823962,99.0,56.0,73.6,33.8,19.2,17.1,0.65,pm25,24.22,61.0,1.44,1015.0,10000,71.0,Clear,clear sky,4,1,3,3,0,1,100.66666666666667,59.166666666666664,86.79999999999997,105.83333333333333,64.98333333333333,98.41666666666667,129.08333333333334,80.21666666666667,120.70833333333333,132.79166666666666,81.25416666666668,123.16250000000001,3.0,5.0,0.7608695548794898,0.5680473204719728,14.774199999999999,80.64
2026-03-03 05:44:52.823962,99.0,60.5,93.8,38.6,25.2,13.5,0.85,pm25,24.2,66.0,3.46,1017.0,10000,1.0,Clear,clear sky,5,1,3,3,0,1,98.0,58.76666666666667,84.06666666666665,102.0,62.666666666666664,96.18333333333334,122.25,76.15833333333333,114.91666666666667,131.70833333333334,80.53750000000001,122.12916666666666,0.0,-8.0,0.6449893321429709,0.6528497240194372,15.972000000000001,209.32999999999998
2026-03-03 06:44:52.823962,145.0,87.9,120.7,24.7,17.6,18.3,0.24,pm25,29.33,66.0,1.32,1010.0,10000,5.0,Clear,clear sky,6,1,3,3,0,1,114.33333333333333,68.13333333333334,96.0333333333333,106.66666666666667,64.10000000000001,93.58333333333333,121.0,74.84166666666667,110.925,132.91666666666666,80.85000000000001,122.31666666666666,46.0,49.0,0.7282518580923625,0.7125505784392479,19.3578,116.02800000000002
2026-03-03 07:44:52.823962,123.0,72.9,111.1,28.5,21.5,12.9,0.56,pm25,25.8,64.0,3.25,1012.0,10000,19.0,Clear,clear sky,7,1,3,3,0,1,122.33333333333333,73.76666666666667,108.53333333333332,111.5,66.46666666666667,97.66666666666667,118.83333333333333,72.30000000000001,106.875,130.04166666666666,79.0625,119.24166666666667,-22.0,24.0,0.6561656106555752,0.7543859384425986,16.512,236.925
2026-03-03 08:44:52.823962,166.0,103.0,161.2,43.6,21.8,13.8,0.45,pm25,30.11,69.0,4.01,1020.0,10000,25.0,Clear,clear sky,8,1,3,3,0,1,144.66666666666666,87.93333333333334,130.99999999999997,121.33333333333333,73.35000000000001,107.53333333333332,119.91666666666667,73.56666666666666,109.39166666666665,128.625,78.36666666666666,118.21666666666665,43.0,67.0,0.6389578124134131,0.49999998853211036,20.7759,413.03
2026-03-03 09:44:52.823962,130.0,86.3,135.0,33.1,47.4,12.5,0.75,pm25,27.76,73.0,3.82,1015.0,10000,49.0,Clear,clear sky,9,1,3,3,0,1,139.66666666666666,87.40000000000002,135.76666666666665,127.0,77.76666666666667,115.89999999999999,119.16666666666667,73.85000000000001,111.50833333333333,128.79166666666666,78.70416666666667,119.675,-36.0,-15.0,0.6392592545240056,1.4320241259207214,20.2648,329.666
2026-03-03 10:44:52.823962,125.0,75.5,122.2,33.6,39.8,20.1,0.43,pm25,29.85,66.0,4.35,1015.0,10000,58.0,Clear,clear sky,10,1,3,3,0,1,140.33333333333334,88.26666666666667,139.46666666666664,131.33333333333334,81.01666666666667,124.0,118.58333333333333,73.0,111.20833333333333,128.66666666666666,78.8625,120.52916666666668,-5.0,2.0,0.6178396021453387,1.1845237742701258,19.701,328.42499999999995
2026-03-03 11:44:52.823962,133.0,93.8,137.4,42.7,20.4,17.7,0.75,pm25,31.04,79.0,2.5,1019.0,10000,79.0,Clear,clear sky,11,1,3,3,0,1,129.33333333333334,85.2,131.53333333333333,137.0,86.56666666666666,131.26666666666668,119.5,74.61666666666666,113.72500000000001,129.70833333333334,80.07916666666667,121.77083333333333,8.0,-33.0,0.6826783065307256,0.47775174525171554,24.5216,234.5
2026-03-03 12:44:52.823962,127.0,74.7,106.6,23.7,31.7,19.9,0.16,pm25,30.46,64.0,2.18,1010.0,10000,75.0,Clear,clear sky,12,1,3,3,0,1,128.33333333333334,81.33333333333333,122.06666666666665,134.0,84.36666666666667,128.91666666666666,120.33333333333333,74.23333333333333,111.25,129.66666666666666,80.03333333333333,121.34166666666668,-6.0,-3.0,0.7007504624695079,1.3375526861792115,19.4944,162.84600000000003
2026-03-03 13:44:52.823962,132.0,80.0,141.5,22.3,40.7,15.5,0.14,pm25,30.9,66.0,6.22,1009.0,10000,2.0,Clear,clear sky,13,1,3,3,0,1,130.66666666666666,82.83333333333333,128.5,135.5,85.55,133.98333333333332,123.5,76.00833333333334,115.82499999999999,129.70833333333334,80.1625,122.59583333333335,5.0,7.0,0.5653710207394275,1.8251120257797298,20.394,497.59999999999997
2026-03-03 14:44:52.823962,130.0,87.5,120.4,27.3,34.4,14.6,0.62,pm25,30.37,75.0,1.36,1012.0,10000,20.0,Clear,clear sky,14,1,3,3,0,1,129.66666666666666,80.73333333333333,122.83333333333331,129.5,82.96666666666667,127.18333333333334,125.41666666666667,78.15833333333333,117.35833333333333,129.5,80.4125,122.54583333333335,-2.0,-3.0,0.7267441800104304,1.2600732139167319,22.7775,119.00000000000001
2026-03-03 15:44:52.823962,96.0,59.1,95.9,29.6,30.5,9.7,0.54,pm25,26.47,67.0,4.1,1013.0,10000,22.0,Clear,clear sky,15,1,3,3,0,1,119.33333333333333,75.53333333333333,119.26666666666665,123.83333333333333,78.43333333333332,120.66666666666667,125.41666666666667,78.10000000000001,118.28333333333335,128.54166666666666,79.9375,121.99583333333332,-34.0,-31.0,0.6162669383079569,1.0304053705944132,17.7349,242.30999999999997
2026-03-03 16:44:52.823962,156.0,102.7,140.5,26.4,8.1,11.9,0.69,pm25,31.94,74.0,0.95,1011.0,10000,46.0,Clear,clear sky,16,1,3,3,0,1,127.33333333333333,83.10000000000001,118.93333333333332,129.0,82.96666666666665,123.71666666666665,130.16666666666666,81.99166666666666,123.85833333333335,129.625,81.10416666666667,122.28333333333332,60.0,24.0,0.7309608488899584,0.30681817019628144,23.6356,97.565
2026-03-03 17:44:52.823962,174.0,96.6,151.4,11.1,24.9,18.8,0.47,pm25,30.05,58.0,3.97,1004.0,10000,93.0,Clear,clear sky,17,1,3,3,0,1,142.0,86.13333333333333,129.26666666666665,135.83333333333334,83.43333333333334,126.05,136.41666666666666,85.0,128.65833333333333,129.33333333333334,80.57916666666667,121.78750000000001,18.0,44.0,0.638044909920443,2.2432430411492756,17.429000000000002,383.502
2026-03-03 18:44:52.823962,170.0,106.6,177.5,19.3,29.3,23.5,0.45,pm25,29.0,69.0,5.64,1008.0,10000,72.0,Clear,clear sky,18,1,3,3,0,1,166.66666666666666,101.96666666666665,156.46666666666667,143.0,88.75,137.86666666666667,138.5,86.55833333333334,133.39166666666668,129.75,80.7,122.15833333333332,-4.0,74.0,0.6005633768982345,1.5181346363660808,20.01,601.2239999999999
2026-03-03 19:44:52.823962,145.0,89.1,138.3,19.5,23.0,19.7,0.42,pm25,23.88,67.0,3.7,1008.0,10000,66.0,Clear,clear sky,19,1,3,3,0,1,163.0,97.43333333333334,155.73333333333332,145.16666666666666,90.26666666666665,137.33333333333334,140.33333333333334,87.90833333333332,135.65833333333333,129.58333333333334,80.10416666666667,121.26666666666667,-25.0,-11.0,0.6442516222396845,1.1794871190006606,15.999600000000001,329.67
2026-03-03 20:44:52.823962,128.0,80.7,118.9,19.3,24.2,8.7,0.14,pm25,24.62,69.0,2.67,1008.0,10000,17.0,Clear,clear sky,20,1,3,3,0,1,147.66666666666666,92.13333333333334,144.89999999999998,144.83333333333334,89.13333333333333,137.08333333333334,137.16666666666666,86.05,132.13333333333335,128.54166666666666,79.80833333333334,120.7625,-17.0,-46.0,0.678721609094015,1.2538859453945104,16.9878,215.469
2026-03-03 21:44:52.823962,102.0,59.1,108.1,48.3,33.7,13.7,0.68,pm25,21.99,63.0,5.93,1022.0,10000,41.0,Clear,clear sky,21,1,3,3,0,1,125.0,76.30000000000001,121.76666666666665,145.83333333333334,89.13333333333333,139.11666666666667,134.83333333333334,83.78333333333333,129.89166666666665,127.0,78.81666666666666,120.7,-26.0,-68.0,0.5467159986427753,0.6977225528421833,13.853699999999998,350.46299999999997
2026-03-03 22:44:52.823962,125.0,79.2,104.9,51.8,19.9,12.3,0.67,pm25,24.26,69.0,0.92,1024.0,10000,23.0,Clear,clear sky,22,1,3,3,0,1,118.33333333333333,73.00000000000001,110.63333333333333,140.66666666666666,85.21666666666665,133.18333333333334,134.83333333333334,84.09166666666665,128.45000000000002,126.70833333333333,78.54583333333333,119.82916666666667,23.0,-20.0,0.7550047592468564,0.3841698767534773,16.7394,72.864
2026-03-03 23:44:52.823962,137.0,81.5,128.6,49.0,12.9,15.2,0.49,pm25,25.5,64.0,3.96,1022.0,10000,97.0,Clear,clear sky,23,1,3,3,0,1,121.33333333333333,73.26666666666667,113.86666666666663,134.5,82.7,129.38333333333335,135.16666666666666,83.06666666666666,127.71666666666665,127.33333333333333,78.84166666666667,120.72083333333335,12.0,9.0,0.6337480510595019,0.26326530074968774,16.32,322.74
2026-03-04 00:44:52.823962,123.0,71.7,103.5,34.9,6.3,14.2,0.45,pm25,27.14,63.0,2.39,1015.0,10000,49.0,Clear,clear sky,0,2,4,3,0,1,128.33333333333334,77.46666666666668,112.33333333333331,126.66666666666667,76.88333333333334,117.05,134.83333333333334,82.81666666666666,127.45833333333333,127.58333333333333,78.525,119.35416666666667,-14.0,21.0,0.6927536164951342,0.18051575413994975,17.0982,171.36300000000003
2026-03-04 01:44:52.823962,116.0,75.4,112.3,36.7,7.0,12.2,0.68,pm25,26.26,71.0,2.89,1016.0,10000,47.0,Clear,clear sky,1,2,4,3,0,1,125.33333333333333,76.2,114.79999999999997,121.83333333333333,74.60000000000001,112.71666666666665,133.5,82.43333333333332,125.02500000000002,128.5,79.22083333333333,120.425,-7.0,-9.0,0.6714158444219427,0.19073568962573054,18.6446,217.90600000000003
2026-03-04 02:44:52.823962,118.0,74.5,98.5,28.3,22.9,11.4,0.62,pm25,26.61,68.0,1.03,1012.0,10000,10.0,Clear,clear sky,2,2,4,3,0,1,119.0,73.86666666666667,104.76666666666665,120.16666666666667,73.56666666666668,109.31666666666666,132.5,81.35,123.2,128.95833333333334,79.75416666666666,120.27916666666665,2.0,-19.0,0.7563451699863435,0.8091872505587543,18.0948,76.735
2026-03-04 03:44:52.823962,85.0,60.4,83.1,21.9,20.9,14.1,0.06,pm25,22.45,74.0,1.88,1009.0,10000,35.0,Clear,clear sky,3,2,4,3,0,1,106.33333333333333,70.10000000000001,97.96666666666664,117.33333333333333,73.78333333333333,105.14999999999999,131.58333333333334,81.45833333333333,122.13333333333333,128.5,79.77916666666667,120.20833333333333,-33.0,-38.0,0.7268351296409732,0.9543378559663079,16.613,113.55199999999999
2026-03-04 04:44:52.823962,93.0,59.8,98.4,30.0,43.0,12.1,0.24,pm25,23.38,69.0,4.3,1013.0,10000,47.0,Clear,clear sky,4,2,4,3,0,1,98.66666666666667,64.90000000000002,93.33333333333331,112.0,70.55,104.06666666666666,126.33333333333333,77.88333333333334,118.625,128.25,79.9375,121.24166666666666,8.0,-23.0,0.6077235710597197,1.4333332855555572,16.1322,257.14
2026-03-04 05:44:52.823962,86.0,52.5,71.6,22.2,23.5,13.0,0.45,pm25,22.55,66.0,1.93,1009.0,10000,7.0,Clear,clear sky,5,2,4,3,0,1,88.0,57.56666666666667,84.36666666666663,103.5,65.71666666666667,94.56666666666666,119.0,74.20833333333333,111.97500000000001,127.70833333333333,79.60416666666667,120.31666666666668,-7.0,-32.0,0.7332402132229021,1.0585585108757427,14.883,101.325
2026-03-04 06:44:52.823962,132.0,80.3,120.2,20.4,25.8,17.2,0.29,pm25,28.01,66.0,2.97,1008.0,10000,96.0,Clear,clear sky,6,2,4,3,0,1,103.66666666666667,64.2,96.7333333333333,105.0,67.14999999999999,97.35000000000001,115.83333333333333,72.01666666666667,107.2,127.16666666666667,79.2875,120.29583333333333,46.0,47.0,0.6680532390344989,1.2647058203575579,18.4866,238.491
2026-03-04 07:44:52.823962,149.0,78.9,103.4,47.8,22.5,6.6,0.33,pm25,28.0,54.0,0.75,1022.0,10000,1.0,Clear,clear sky,7,2,4,3,0,1,122.33333333333333,70.56666666666668,98.39999999999998,110.5,67.73333333333333,95.86666666666667,116.16666666666667,71.16666666666667,104.29166666666667,128.25,79.53750000000001,119.97500000000001,17.0,56.0,0.7630560854636742,0.4707112872236133,15.12,59.175000000000004
2026-03-04 08:44:52.823962,163.0,103.9,147.3,34.2,23.1,7.3,0.26,pm25,29.88,71.0,1.72,1015.0,10000,16.0,Clear,clear sky,8,2,4,3,0,1,148.0,87.7,123.63333333333333,118.0,72.63333333333333,104.0,119.08333333333333,73.10000000000001,106.65833333333335,128.125,79.575,119.39583333333333,14.0,77.0,0.7053631995562579,0.6754385767415622,21.2148,178.708
2026-03-04 09:44:52.823962,135.0,77.7,114.5,45.5,12.2,3.8,0.41,pm25,28.14,62.0,2.69,1021.0,10000,44.0,Clear,clear sky,9,2,4,3,0,1,149.0,86.83333333333336,121.7333333333333,126.33333333333333,75.51666666666667,109.23333333333333,121.83333333333333,74.64999999999999,107.19166666666668,128.33333333333334,79.21666666666667,118.54166666666667,-28.0,3.0,0.6786026141606759,0.26813186223886015,17.4468,209.013
2026-03-04 10:44:52.823962,113.0,72.9,122.4,33.4,22.0,18.2,0.42,pm25,28.64,70.0,4.97,1015.0,10000,88.0,Clear,clear sky,10,2,4,3,0,1,137.0,84.83333333333336,128.06666666666666,129.66666666666666,77.7,113.23333333333333,120.83333333333333,74.125,108.64999999999999,127.83333333333333,79.10833333333333,118.55,-22.0,-36.0,0.5955882304282007,0.6586826150095026,20.048,362.313
2026-03-04 11:44:52.823962,108.0,65.2,82.6,36.8,25.5,17.8,0.65,pm25,28.48,65.0,0.72,1016.0,10000,96.0,Clear,clear sky,11,2,4,3,0,1,118.66666666666667,71.93333333333335,106.49999999999999,133.33333333333334,79.81666666666666,115.06666666666666,118.41666666666667,72.76666666666667,104.81666666666666,126.79166666666667,77.91666666666667,116.26666666666667,-5.0,-55.0,0.7893462374171158,0.6929347637789467,18.512,46.944
2026-03-04 12:44:52.823962,138.0,80.1,121.7,35.5,20.6,18.0,0.32,pm25,31.61,62.0,3.23,1016.0,10000,81.0,Clear,clear sky,12,2,4,3,0,1,119.66666666666667,72.73333333333333,108.89999999999998,134.33333333333334,79.78333333333335,115.31666666666668,119.66666666666667,73.46666666666667,106.33333333333336,127.25,78.14166666666667,116.89583333333333,30.0,3.0,0.6581758368268213,0.5802816737948825,19.5982,258.72299999999996
2026-03-04 13:44:52.823962,130.0,77.6,109.7,36.3,26.7,20.2,0.58,pm25,30.68,65.0,2.0,1016.0,10000,87.0,Clear,clear sky,13,2,4,3,0,1,125.33333333333333,74.3,104.66666666666664,131.16666666666666,79.56666666666666,116.36666666666666,120.83333333333333,73.65,106.11666666666666,127.16666666666667,78.04166666666667,115.57083333333333,-8.0,17.0,0.707383767480549,0.7355371698199128,19.942,155.2
2026-03-04 14:44:52.823962,157.0,89.2,127.7,25.0,21.6,9.1,0.37,pm25,33.11,60.0,2.08,1011.0,10000,18.0,Clear,clear sky,14,2,4,3,0,1,141.66666666666666,82.30000000000001,119.69999999999999,130.16666666666666,77.11666666666667,113.10000000000001,124.08333333333333,74.875,108.55,128.29166666666666,78.1125,115.87500000000001,27.0,49.0,0.6985121323530765,0.8639999654400013,19.866,185.536
2026-03-04 15:44:52.823962,128.0,74.9,112.5,30.0,29.7,12.0,0.42,pm25,29.74,63.0,3.03,1013.0,10000,20.0,Clear,clear sky,15,2,4,3,0,1,138.33333333333334,80.56666666666668,116.63333333333333,129.0,76.64999999999999,112.76666666666667,127.66666666666667,76.08333333333333,111.0,129.625,78.77083333333333,116.56666666666668,-29.0,-10.0,0.6657777718597532,0.989999967000001,18.7362,226.947
2026-03-04 16:44:52.823962,152.0,90.7,139.5,30.7,31.9,20.2,0.52,pm25,31.48,65.0,3.53,1013.0,10000,1.0,Clear,clear sky,16,2,4,3,0,1,145.66666666666666,84.93333333333335,126.56666666666665,135.5,79.61666666666667,115.61666666666667,132.58333333333334,78.65833333333333,114.425,129.45833333333334,78.27083333333333,116.52500000000002,24.0,22.0,0.6501792068087512,1.0390879140362241,20.462,320.171
2026-03-04 17:44:52.823962,184.0,110.7,180.0,27.1,23.4,16.9,0.55,pm25,30.94,65.0,5.09,1012.0,10000,92.0,Clear,clear sky,17,2,4,3,0,1,154.66666666666666,92.10000000000001,144.0,148.16666666666666,87.19999999999999,131.85,140.75,83.50833333333334,123.45833333333333,129.875,78.85833333333333,117.71666666666668,32.0,27.0,0.6149999965833334,0.8634686028240367,20.111,563.463
2026-03-04 18:44:52.823962,193.0,110.8,124.8,28.8,23.7,7.1,0.7,pm25,30.89,60.0,3.21,1012.0,10000,6.0,Clear,clear sky,18,2,4,3,0,1,176.33333333333334,104.06666666666668,148.1,157.33333333333334,92.31666666666666,132.36666666666665,145.83333333333334,86.05000000000001,123.84166666666665,130.83333333333334,79.03333333333335,115.52083333333333,9.0,65.0,0.8878205057065665,0.8229166380931722,18.534000000000002,355.668
2026-03-04 19:44:52.823962,166.0,100.9,148.4,35.3,27.5,16.4,0.72,pm25,25.66,66.0,2.55,1016.0,10000,87.0,Clear,clear sky,19,2,4,3,0,1,181.0,107.46666666666668,151.06666666666666,163.33333333333334,96.2,138.8166666666667,147.25,87.88333333333333,127.59166666666665,131.70833333333334,79.52499999999999,115.94166666666666,-27.0,14.0,0.679919132884642,0.7790368051264362,16.9356,257.295
2026-03-04 20:44:52.823962,131.0,84.9,107.9,15.8,28.2,27.5,0.59,pm25,24.92,71.0,0.07,1006.0,10000,60.0,Clear,clear sky,20,2,4,3,0,1,163.33333333333334,98.86666666666667,127.03333333333335,159.0,95.48333333333333,135.51666666666668,144.58333333333334,86.3,124.30833333333334,131.83333333333334,79.7,115.48333333333333,-35.0,-53.0,0.7868396590654342,1.7848100136196194,17.6932,5.943000000000001
2026-03-04 21:44:52.823962,111.0,66.9,100.2,38.9,25.7,16.7,0.66,pm25,22.83,66.0,2.98,1017.0,10000,97.0,Clear,clear sky,21,2,4,3,0,1,136.0,84.23333333333335,118.83333333333333,156.16666666666666,94.15000000000002,133.46666666666667,142.58333333333334,85.40000000000002,123.11666666666666,132.20833333333334,80.02499999999999,115.15416666666665,-20.0,-82.0,0.6676646639953627,0.6606683634789624,15.0678,199.36200000000002
2026-03-04 22:44:52.823962,153.0,90.0,117.8,32.9,12.0,24.1,0.86,pm25,27.14,63.0,0.43,1014.0,10000,58.0,Clear,clear sky,22,2,4,3,0,1,131.66666666666666,80.60000000000001,108.63333333333333,156.33333333333334,94.03333333333335,129.85,145.91666666666666,86.825,122.73333333333335,133.375,80.47500000000001,115.69166666666666,42.0,-13.0,0.7640067846858507,0.3647416302510143,17.0982,38.7
2026-03-04 23:44:52.823962,133.0,82.2,127.3,21.1,29.5,11.0,0.57,pm25,25.09,68.0,3.58,1009.0,10000,18.0,Clear,clear sky,23,2,4,3,0,1,132.33333333333334,79.7,115.10000000000001,147.83333333333334,89.28333333333335,121.06666666666666,148.0,88.24166666666667,126.45833333333333,133.20833333333334,80.50416666666666,115.63749999999999,-20.0,2.0,0.6457187694758935,1.398104199141981,17.0612,294.276
2026-03-05 00:44:52.823962,100.0,69.9,119.4,39.7,15.0,11.8,0.11,pm25,24.31,75.0,5.19,1018.0,10000,36.0,Clear,clear sky,0,3,5,3,0,1,128.66666666666666,80.7,121.5,132.33333333333334,82.46666666666668,120.16666666666667,144.83333333333334,87.39166666666667,126.26666666666665,132.25,80.42916666666666,116.3,-33.0,-11.0,0.5854271307753172,0.3778337436313918,18.2325,362.78100000000006
2026-03-05 01:44:52.823962,77.0,44.2,73.4,32.8,15.4,18.8,0.66,pm25,21.35,63.0,4.08,1014.0,10000,66.0,Clear,clear sky,1,3,5,3,0,1,103.33333333333333,65.43333333333335,106.7,117.5,73.01666666666667,107.66666666666667,140.41666666666666,84.60833333333333,123.24166666666667,130.625,79.12916666666668,114.67916666666667,-23.0,-76.0,0.6021798283081767,0.4695121808075555,13.450500000000002,180.336
2026-03-05 02:44:52.823962,108.0,61.7,99.0,31.6,20.4,12.5,0.87,pm25,25.28,62.0,3.96,1014.0,10000,6.0,Clear,clear sky,2,3,5,3,0,1,95.0,58.600000000000016,97.26666666666667,113.66666666666667,69.15,106.18333333333334,136.33333333333334,82.31666666666668,120.85000000000001,130.20833333333334,78.59583333333335,114.7,31.0,-25.0,0.6232323169370474,0.6455695998237467,15.6736,244.33200000000002
2026-03-05 03:44:52.823962,106.0,63.3,124.2,9.7,19.8,10.1,0.41,pm25,25.02,65.0,7.4,1003.0,10000,21.0,Clear,clear sky,3,3,5,3,0,1,97.0,56.40000000000001,98.86666666666667,112.83333333333333,68.55,110.18333333333334,134.5,81.35000000000001,121.825,131.08333333333334,78.71666666666667,116.41249999999998,-2.0,6.0,0.5096618316452348,2.041236902965268,16.262999999999998,468.42
2026-03-05 04:44:52.823962,76.0,49.0,68.8,37.0,22.0,15.0,0.39,pm25,21.22,69.0,2.29,1016.0,10000,50.0,Clear,clear sky,4,3,5,3,0,1,96.66666666666667,58.00000000000001,97.33333333333333,100.0,61.71666666666667,102.01666666666667,128.16666666666666,77.875,115.93333333333334,130.375,78.26666666666667,115.17916666666667,-30.0,-1.0,0.7122092919737022,0.5945945785244708,14.641799999999998,112.21000000000001
2026-03-05 05:44:52.823962,95.0,56.3,95.3,23.4,30.3,16.3,0.48,pm25,23.64,64.0,4.63,1010.0,10000,66.0,Clear,clear sky,5,3,5,3,0,1,92.33333333333333,56.20000000000001,96.09999999999998,93.66666666666667,57.400000000000006,96.68333333333334,120.75,73.34166666666667,108.875,130.75,78.425,116.16666666666667,19.0,-13.0,0.5907659958996223,1.2948717395353957,15.1296,260.669
2026-03-05 06:44:52.823962,174.0,103.0,160.3,7.7,26.4,14.7,0.81,pm25,32.25,64.0,3.87,1002.0,10000,33.0,Clear,clear sky,6,3,5,3,0,1,115.0,69.43333333333334,108.13333333333333,106.0,62.916666666666664,103.5,119.16666666666667,72.69166666666668,111.83333333333333,132.5,79.37083333333334,117.83749999999999,79.0,68.0,0.6425452236896741,3.4285709833024693,20.64,398.61
2026-03-05 07:44:52.823962,156.0,96.6,164.9,39.1,21.1,7.4,0.47,pm25,28.61,68.0,6.01,1018.0,10000,25.0,Clear,clear sky,7,3,5,3,0,1,141.66666666666666,85.30000000000001,140.16666666666666,119.16666666666667,71.64999999999999,118.75,118.33333333333333,72.33333333333334,113.20833333333333,132.79166666666666,80.10833333333333,120.39999999999999,-18.0,80.0,0.5858095780120705,0.5396419299324315,19.4548,580.5659999999999
2026-03-05 08:44:52.823962,159.0,89.5,135.5,26.9,14.4,9.7,0.38,pm25,29.58,59.0,3.2,1011.0,10000,35.0,Clear,clear sky,8,3,5,3,0,1,163.0,96.36666666666667,153.5666666666667,127.66666666666667,76.28333333333333,124.83333333333333,120.66666666666667,72.71666666666667,115.50833333333333,132.625,79.50833333333334,119.90833333333335,3.0,64.0,0.6605166002913904,0.5353159652298898,17.452199999999998,286.40000000000003
2026-03-05 09:44:52.823962,107.0,65.6,112.1,32.9,27.5,12.4,0.53,pm25,25.83,66.0,5.06,1014.0,10000,7.0,Clear,clear sky,9,3,5,3,0,1,140.66666666666666,83.89999999999999,137.5,127.83333333333333,76.66666666666667,122.81666666666666,120.33333333333333,72.60833333333333,116.5,131.45833333333334,79.00416666666668,119.80833333333334,-52.0,-67.0,0.5851917878216611,0.8358662359919078,17.0478,331.9359999999999
2026-03-05 10:44:52.823962,155.0,93.6,159.3,16.8,11.3,8.9,0.53,pm25,32.92,66.0,5.84,1006.0,10000,40.0,Clear,clear sky,10,3,5,3,0,1,140.33333333333334,82.90000000000002,135.63333333333333,141.0,84.1,137.9,120.5,72.90833333333333,119.95833333333333,133.20833333333334,79.86666666666666,121.34583333333335,48.0,-1.0,0.5875706177804731,0.6726190075822019,21.727200000000003,546.6239999999999
2026-03-05 11:44:52.823962,135.0,82.0,123.8,33.7,35.0,15.1,0.54,pm25,31.2,66.0,3.11,1015.0,10000,98.0,Clear,clear sky,11,3,5,3,0,1,132.33333333333334,80.40000000000002,131.73333333333332,147.66666666666666,88.38333333333333,142.65,120.66666666666667,72.89166666666667,119.66666666666667,134.33333333333334,80.56666666666666,123.0625,-20.0,-24.0,0.6623586376223051,1.038575636837518,20.592,255.01999999999998
2026-03-05 12:44:52.823962,143.0,94.4,165.7,27.0,27.6,18.3,0.81,pm25,32.12,74.0,6.61,1011.0,10000,89.0,Clear,clear sky,12,3,5,3,0,1,144.33333333333334,90.0,149.6,142.5,86.94999999999999,143.54999999999998,124.25,74.93333333333332,123.52500000000002,134.54166666666666,81.16250000000001,124.89583333333333,8.0,36.0,0.5697042814139754,1.0222221843621413,23.768799999999995,623.984
2026-03-05 13:44:52.823962,99.0,52.3,82.9,20.9,12.6,19.4,0.41,pm25,27.59,58.0,3.67,1008.0,10000,61.0,Clear,clear sky,13,3,5,3,0,1,125.66666666666667,76.23333333333335,124.13333333333333,133.0,79.56666666666666,129.88333333333335,126.08333333333333,75.60833333333333,124.31666666666666,133.25,80.10833333333333,123.77916666666668,-44.0,-56.0,0.6308805714007168,0.6028707845516371,16.002200000000002,191.94099999999997
2026-03-05 14:44:52.823962,133.0,79.6,113.3,37.8,40.9,30.7,0.06,pm25,30.72,65.0,2.08,1017.0,10000,51.0,Clear,clear sky,14,3,5,3,0,1,125.0,75.43333333333335,120.63333333333333,128.66666666666666,77.91666666666667,126.18333333333334,128.16666666666666,77.10000000000001,125.50833333333334,132.25,79.70833333333333,123.17916666666666,34.0,-2.0,0.7025595701451053,1.0820105533859643,19.968,165.56799999999998
2026-03-05 15:44:52.823962,130.0,79.6,103.5,32.5,29.7,10.7,0.17,pm25,29.89,67.0,0.61,1014.0,10000,19.0,Clear,clear sky,15,3,5,3,0,1,120.66666666666667,70.50000000000001,99.89999999999999,132.5,80.25,124.75,130.16666666666666,78.45833333333333,123.78333333333335,132.33333333333334,79.90416666666667,122.80416666666666,-3.0,-13.0,0.7690821181731196,0.9138461257278115,20.026300000000003,48.556
2026-03-05 16:44:52.823962,133.0,82.8,136.3,6.9,19.3,23.1,0.43,pm25,29.61,68.0,4.81,1001.0,10000,71.0,Clear,clear sky,16,3,5,3,0,1,132.0,80.66666666666667,117.7,128.83333333333334,78.45,120.91666666666667,134.91666666666666,81.275,129.40833333333333,131.54166666666666,79.575,122.67083333333333,3.0,34.0,0.6074834878394461,2.797101043898399,20.1348,398.268
2026-03-05 17:44:52.823962,172.0,101.3,167.3,25.7,31.0,17.9,0.52,pm25,29.89,63.0,5.31,1011.0,10000,90.0,Clear,clear sky,17,3,5,3,0,1,145.0,87.90000000000002,135.70000000000002,135.0,81.66666666666667,128.16666666666666,141.33333333333334,85.02499999999999,135.40833333333333,131.04166666666666,79.18333333333334,122.14166666666665,39.0,39.0,0.6054990997878117,1.2062256339990025,18.8307,537.9029999999999
2026-03-05 18:44:52.823962,173.0,97.3,157.9,20.4,19.5,18.9,0.83,pm25,29.25,58.0,4.8,1008.0,10000,79.0,Clear,clear sky,18,3,5,3,0,1,159.33333333333334,93.80000000000001,153.83333333333334,140.0,82.14999999999999,126.86666666666666,141.25,84.55,135.20833333333334,130.20833333333334,78.62083333333332,123.52083333333333,1.0,43.0,0.6162127890043522,0.9558823060842007,16.965,467.03999999999996
2026-03-05 19:44:52.823962,165.0,92.0,139.8,23.0,2.1,10.4,0.26,pm25,25.59,58.0,3.26,1010.0,10000,48.0,Clear,clear sky,19,3,5,3,0,1,170.0,96.86666666666667,155.0,151.0,88.76666666666667,136.35,142.0,84.16666666666666,133.11666666666667,130.16666666666666,78.25,123.16250000000001,-8.0,32.0,0.6580829709722248,0.09130434385633288,14.8422,299.91999999999996
2026-03-05 20:44:52.823962,117.0,65.4,92.3,16.6,24.2,18.5,0.47,pm25,23.5,60.0,2.12,1006.0,10000,94.0,Clear,clear sky,20,3,5,3,0,1,151.66666666666666,84.90000000000002,130.0,148.33333333333334,86.39999999999999,132.85,138.5,82.15833333333333,129.51666666666668,129.58333333333334,77.4375,122.5125,-48.0,-55.0,0.7085590389105197,1.4578312374800457,14.1,138.64800000000002
2026-03-05 21:44:52.823962,111.0,66.5,100.6,35.2,23.0,13.5,0.62,pm25,22.84,65.0,3.12,1016.0,10000,13.0,Clear,clear sky,21,3,5,3,0,1,131.0,74.63333333333334,110.89999999999999,145.16666666666666,84.21666666666665,132.36666666666667,138.83333333333334,82.23333333333333,128.5583333333333,129.58333333333334,77.42083333333333,122.52916666666668,-6.0,-62.0,0.6610337906457874,0.6534090723463332,14.845999999999998,207.48000000000002
2026-03-05 22:44:52.823962,98.0,62.2,79.8,38.9,31.8,18.4,0.73,pm25,21.56,68.0,0.97,1017.0,10000,2.0,Clear,clear sky,22,3,5,3,0,1,108.66666666666667,64.7,90.89999999999998,139.33333333333334,80.78333333333335,122.95,134.08333333333334,79.61666666666666,121.93333333333334,127.29166666666667,76.2625,120.94583333333333,-13.0,-67.0,0.7794486117863584,0.8174806987794165,14.6608,60.334
2026-03-05 23:44:52.823962,95.0,57.1,85.5,30.7,31.1,18.8,0.51,pm25,21.27,65.0,2.98,1013.0,10000,84.0,Clear,clear sky,23,3,5,3,0,1,101.33333333333333,61.933333333333344,88.63333333333333,126.5,73.41666666666667,109.31666666666666,130.75,77.54166666666667,118.74166666666667,125.70833333333333,75.21666666666667,119.20416666666667,-3.0,-22.0,0.6678362494989912,1.0130292829632155,13.8255,170.15800000000002
2026-03-06 00:44:52.823962,129.0,76.7,114.3,22.2,39.0,13.5,0.53,pm25,27.9,65.0,2.89,1009.0,10000,46.0,Clear,clear sky,0,4,6,3,0,1,107.33333333333333,65.33333333333336,93.19999999999999,119.16666666666667,69.98333333333333,102.05000000000001,129.58333333333334,76.06666666666668,114.45833333333333,126.91666666666667,75.5,118.99166666666667,34.0,18.0,0.6710411139891417,1.756756677623573,18.135,221.663
2026-03-06 01:44:52.823962,120.0,74.6,115.1,41.7,25.0,13.7,0.06,pm25,26.81,68.0,3.48,1019.0,10000,1.0,Clear,clear sky,1,4,6,3,0,1,114.66666666666667,69.46666666666668,104.96666666666665,111.66666666666667,67.08333333333333,97.93333333333332,131.33333333333334,77.925,117.14166666666667,128.70833333333334,76.76666666666667,120.72916666666667,-9.0,22.0,0.6481320534480274,0.5995203693160582,18.2308,259.608
2026-03-06 02:44:52.823962,107.0,70.1,114.0,35.2,17.6,15.1,0.61,pm25,25.2,71.0,4.32,1016.0,10000,51.0,Clear,clear sky,2,4,6,3,0,1,118.66666666666667,73.80000000000001,114.46666666666665,110.0,67.86666666666667,101.55,129.16666666666666,77.13333333333334,117.19999999999999,128.66666666666666,77.11666666666666,121.35416666666667,-13.0,12.0,0.614912275307787,0.49999998579545496,17.892,302.832
2026-03-06 03:44:52.823962,109.0,65.6,99.7,28.7,26.8,9.0,0.74,pm25,25.48,65.0,3.19,1012.0,10000,16.0,Clear,clear sky,3,4,6,3,0,1,112.0,70.10000000000001,109.59999999999998,109.66666666666667,67.71666666666667,101.39999999999999,127.41666666666667,75.96666666666667,116.88333333333333,128.79166666666666,77.21249999999999,120.33333333333333,2.0,-20.0,0.6579739151657581,0.9337978768711541,16.562,209.26399999999998
2026-03-06 04:44:52.823962,103.0,58.8,78.8,29.6,36.3,11.2,0.3,pm25,24.66,62.0,1.6,1013.0,10000,86.0,Clear,clear sky,4,4,6,3,0,1,106.33333333333333,64.83333333333334,97.5,110.5,67.15,101.23333333333333,124.91666666666667,73.96666666666665,112.09166666666665,129.91666666666666,77.62083333333332,120.75,-6.0,-17.0,0.7461928839315624,1.2263513099205636,15.289200000000001,94.08
2026-03-06 05:44:52.823962,108.0,58.8,90.1,9.5,43.0,17.6,0.32,pm25,25.36,59.0,3.3,1003.0,10000,53.0,Clear,clear sky,5,4,6,3,0,1,106.66666666666667,61.066666666666684,89.53333333333332,112.66666666666667,67.43333333333334,102.0,119.58333333333333,70.425,105.65833333333335,130.45833333333334,77.725,120.53333333333332,5.0,1.0,0.6526082058534051,4.526315313019441,14.9624,194.04
2026-03-06 06:44:52.823962,140.0,83.7,128.2,17.3,14.2,15.8,0.86,pm25,28.77,65.0,3.4,1007.0,10000,34.0,Clear,clear sky,6,4,6,3,0,1,117.0,67.10000000000001,99.0333333333333,114.5,68.6,104.31666666666666,116.83333333333333,69.29166666666667,103.18333333333332,129.04166666666666,76.92083333333333,119.19583333333334,32.0,31.0,0.6528861103519025,0.8208092011092946,18.700499999999998,284.58
2026-03-06 07:44:52.823962,149.0,90.9,135.1,27.9,24.8,20.5,0.58,pm25,28.02,66.0,2.81,1012.0,10000,10.0,Clear,clear sky,7,4,6,3,0,1,132.33333333333334,77.80000000000003,117.79999999999997,119.33333333333333,71.31666666666666,107.64999999999999,115.5,69.2,102.79166666666667,128.75,76.68333333333334,117.95416666666667,9.0,46.0,0.6728349321033684,0.8888888570290733,18.493199999999998,255.42900000000003
2026-03-06 08:44:52.823962,149.0,87.8,122.1,45.8,25.0,15.9,1.11,pm25,28.73,63.0,1.56,1021.0,10000,100.0,Clear,clear sky,8,4,6,3,0,1,146.0,87.46666666666668,128.46666666666667,126.33333333333333,74.26666666666667,109.0,118.16666666666667,71.06666666666666,105.27499999999999,128.33333333333334,76.6125,117.39583333333333,0.0,41.0,0.7190827131934258,0.5458515164661242,18.0999,136.968
2026-03-06 09:44:52.823962,172.0,104.6,151.3,28.6,14.2,15.2,0.41,pm25,31.3,66.0,2.15,1012.0,10000,1.0,Clear,clear sky,9,4,6,3,0,1,156.66666666666666,94.43333333333335,136.16666666666666,136.83333333333334,80.76666666666667,117.59999999999998,123.25,74.24166666666666,109.5,131.04166666666666,78.2375,119.02916666666668,23.0,32.0,0.6913417006520707,0.49650347914323495,20.658,224.89
2026-03-06 10:44:52.823962,157.0,93.5,128.1,32.3,23.5,13.4,0.68,pm25,33.12,64.0,1.18,1014.0,10000,8.0,Clear,clear sky,10,4,6,3,0,1,159.33333333333334,95.30000000000001,133.83333333333331,145.83333333333334,86.55,125.81666666666666,128.16666666666666,76.85000000000001,113.52499999999999,131.125,78.23333333333333,117.72916666666667,-15.0,8.0,0.7298985110858821,0.727554157041667,21.1968,110.33
2026-03-06 11:44:52.823962,117.0,72.0,100.3,29.1,32.1,20.4,0.51,pm25,29.37,67.0,1.84,1013.0,10000,74.0,Clear,clear sky,11,4,6,3,0,1,148.66666666666666,90.03333333333335,126.56666666666666,147.33333333333334,88.75,127.51666666666665,130.0,78.09166666666667,114.75833333333333,130.375,77.81666666666666,116.75,-40.0,-32.0,0.7178464534611521,1.1030927455981874,19.6779,132.48000000000002
2026-03-06 12:44:52.823962,134.0,80.8,123.5,34.6,42.9,7.8,0.43,pm25,31.19,65.0,3.36,1015.0,10000,45.0,Clear,clear sky,12,4,6,3,0,1,136.0,82.10000000000001,117.3,146.33333333333334,88.26666666666667,126.73333333333333,130.41666666666666,78.43333333333332,115.52499999999999,130.0,77.25,114.99166666666666,17.0,-38.0,0.65425100684817,1.2398843572287759,20.273500000000002,271.488
2026-03-06 13:44:52.823962,142.0,76.1,123.6,27.5,38.4,11.9,0.6,pm25,31.86,56.0,4.41,1012.0,10000,42.0,Clear,clear sky,13,4,6,3,0,1,131.0,76.30000000000001,115.8,145.16666666666666,85.8,124.81666666666666,132.25,78.55833333333332,116.23333333333333,131.79166666666666,78.24166666666666,116.6875,8.0,-15.0,0.6156957878989013,1.3963635855867786,17.8416,335.601
2026-03-06 14:44:52.823962,132.0,79.2,117.5,35.0,25.7,8.3,0.9,pm25,30.56,65.0,2.82,1016.0,10000,18.0,Clear,clear sky,14,4,6,3,0,1,136.0,78.7,121.53333333333332,142.33333333333334,84.36666666666666,124.05,134.33333333333334,79.31666666666666,116.52499999999999,131.75,78.22500000000001,116.86250000000001,-10.0,15.0,0.6740425474549571,0.734285693306123,19.863999999999997,223.344
2026-03-06 15:44:52.823962,126.0,80.5,110.0,45.3,19.5,12.6,0.81,pm25,29.47,70.0,1.38,1021.0,10000,26.0,Clear,clear sky,15,4,6,3,0,1,133.33333333333334,78.60000000000001,117.03333333333332,134.66666666666666,80.35000000000001,117.16666666666667,135.75,80.55833333333334,117.38333333333333,131.58333333333334,78.2625,117.13333333333334,-6.0,-8.0,0.7318181751652894,0.4304635666564335,20.629,111.08999999999999
2026-03-06 16:44:52.823962,132.0,91.8,125.2,23.6,19.1,13.0,0.23,pm25,29.54,77.0,1.11,1010.0,10000,30.0,Clear,clear sky,16,4,6,3,0,1,130.0,83.83333333333336,117.56666666666666,130.5,80.06666666666668,116.68333333333332,138.16666666666666,83.30833333333334,121.25,131.54166666666666,78.6375,116.67083333333333,6.0,-10.0,0.7332268312042585,0.809321999605,22.7458,101.89800000000001
2026-03-06 17:44:52.823962,166.0,103.9,155.6,29.1,22.9,12.3,0.66,pm25,29.44,69.0,2.97,1013.0,10000,9.0,Clear,clear sky,17,4,6,3,0,1,141.33333333333334,92.06666666666668,130.26666666666665,138.66666666666666,85.38333333333333,125.89999999999999,143.0,87.06666666666666,126.70833333333331,131.29166666666666,78.74583333333334,116.18333333333334,34.0,34.0,0.667737784911711,0.7869415537133485,20.3136,308.583
2026-03-06 18:44:52.823962,140.0,84.9,120.6,47.5,24.2,15.8,0.54,pm25,26.49,66.0,1.98,1022.0,10000,92.0,Clear,clear sky,18,4,6,3,0,1,146.0,93.53333333333335,133.79999999999998,139.66666666666666,86.06666666666666,125.41666666666667,143.0,87.16666666666667,126.075,129.91666666666666,78.22916666666667,114.62916666666666,-26.0,14.0,0.7039800936651734,0.5094736734847648,17.4834,168.102
2026-03-06 19:44:52.823962,155.0,84.8,118.3,20.8,33.2,9.4,0.53,pm25,24.68,57.0,1.65,1008.0,10000,29.0,Clear,clear sky,19,4,6,3,0,1,153.66666666666666,91.2,131.49999999999997,141.83333333333334,87.51666666666667,124.53333333333332,143.5,86.65833333333332,124.675,129.5,77.92916666666666,113.73333333333333,15.0,23.0,0.7168216338392085,1.5961537694156842,14.0676,139.92
2026-03-06 20:44:52.823962,121.0,64.7,88.9,22.6,39.4,23.8,0.23,pm25,23.93,57.0,1.77,1009.0,10000,57.0,Clear,clear sky,20,4,6,3,0,1,138.66666666666666,78.13333333333335,109.26666666666665,140.0,85.10000000000001,119.76666666666667,141.16666666666666,84.73333333333333,121.90833333333335,129.66666666666666,77.89999999999999,113.59166666666665,-34.0,-45.0,0.7277840188100785,1.743362754718462,13.6401,114.519
2026-03-06 21:44:52.823962,146.0,80.4,110.8,29.2,18.9,17.8,0.84,pm25,26.39,58.0,1.52,1013.0,10000,74.0,Clear,clear sky,21,4,6,3,0,1,140.66666666666666,76.63333333333335,106.0,143.33333333333334,85.08333333333333,119.89999999999999,139.0,82.71666666666667,118.53333333333335,131.125,78.47916666666667,114.01666666666665,25.0,6.0,0.7256317624040456,0.6472602518061557,15.3062,122.20800000000001
2026-03-06 22:44:52.823962,128.0,75.9,112.6,41.0,26.4,12.2,0.83,pm25,24.57,64.0,2.82,1018.0,10000,6.0,Clear,clear sky,22,4,6,3,0,1,131.66666666666666,73.66666666666669,104.09999999999998,142.66666666666666,82.43333333333334,117.80000000000001,136.58333333333334,81.25,117.24166666666666,132.375,79.05,115.38333333333334,-18.0,-27.0,0.674067489573113,0.6439024233194531,15.7248,214.038
2026-03-06 23:44:52.823962,102.0,67.7,96.9,39.7,20.9,9.9,0.4,pm25,21.98,71.0,2.31,1018.0,10000,5.0,Clear,clear sky,23,4,6,3,0,1,125.33333333333333,74.66666666666669,106.76666666666665,132.0,76.4,108.01666666666667,135.33333333333334,80.89166666666667,116.95833333333333,132.66666666666666,79.49166666666666,115.85833333333333,-26.0,-19.0,0.6986584035226171,0.5264483494597393,15.605799999999999,156.387
2026-03-07 00:44:52.823962,101.0,68.0,109.4,26.2,18.9,10.0,0.18,pm25,24.48,72.0,4.12,1011.0,10000,23.0,Clear,clear sky,0,5,7,3,1,1,110.33333333333333,70.53333333333335,106.3,125.5,73.58333333333333,106.14999999999999,132.58333333333334,79.825,115.78333333333332,131.5,79.12916666666666,115.65416666666665,-1.0,-45.0,0.6215722063841663,0.7213740182681672,17.6256,280.16
2026-03-07 01:44:52.823962,104.0,61.5,97.8,35.2,26.3,5.7,0.76,pm25,24.78,64.0,3.83,1016.0,10000,96.0,Clear,clear sky,1,5,7,3,1,1,102.33333333333333,65.73333333333335,101.36666666666666,117.0,69.7,102.73333333333335,129.41666666666666,78.60833333333333,113.63333333333334,130.83333333333334,78.58333333333333,114.93333333333334,3.0,-24.0,0.6288343493984219,0.747159069682981,15.859200000000001,235.54500000000002
2026-03-07 02:44:52.823962,111.0,70.9,113.1,18.8,1.8,20.1,0.69,pm25,25.67,69.0,4.02,1007.0,10000,94.0,Clear,clear sky,2,5,7,3,1,1,105.33333333333333,66.80000000000001,106.76666666666665,115.33333333333333,70.73333333333333,106.76666666666665,127.66666666666667,77.91666666666667,113.26666666666667,131.0,78.61666666666666,114.89583333333333,7.0,9.0,0.6268788627154832,0.09574467575826193,17.7123,285.018
2026-03-07 03:44:52.823962,109.0,71.1,104.3,41.0,32.1,11.6,0.57,pm25,25.49,70.0,2.65,1018.0,10000,85.0,Clear,clear sky,3,5,7,3,1,1,108.0,67.83333333333336,105.06666666666665,109.16666666666667,69.18333333333334,105.68333333333334,126.25,77.13333333333333,112.79166666666667,131.0,78.84583333333333,115.08750000000002,-2.0,8.0,0.6816874335408684,0.7829268101725169,17.843,188.415
2026-03-07 04:44:52.823962,115.0,62.1,105.0,38.8,36.6,12.4,0.6,pm25,26.18,58.0,4.78,1017.0,10000,95.0,Clear,clear sky,4,5,7,3,1,1,111.66666666666667,68.03333333333335,107.46666666666665,107.0,66.88333333333334,104.41666666666667,124.83333333333333,74.65833333333333,111.10833333333333,131.5,78.98333333333333,116.17916666666667,6.0,11.0,0.5914285657959184,0.9432989447603366,15.1844,296.838
2026-03-07 05:44:52.823962,74.0,43.3,70.9,22.8,22.4,11.0,0.48,pm25,21.04,64.0,3.88,1009.0,10000,7.0,Clear,clear sky,5,5,7,3,1,1,99.33333333333333,58.83333333333334,93.39999999999999,102.33333333333333,62.81666666666666,100.08333333333333,117.16666666666667,69.60833333333333,104.05000000000001,130.08333333333334,78.3375,115.37916666666666,-41.0,-37.0,0.6107193143763142,0.9824560972606974,13.4656,168.004
2026-03-07 06:44:52.823962,122.0,79.5,109.3,37.2,25.4,7.2,0.66,pm25,26.98,71.0,1.5,1017.0,10000,23.0,Clear,clear sky,6,5,7,3,1,1,103.66666666666667,61.63333333333335,95.06666666666666,105.83333333333333,64.73333333333333,100.06666666666666,115.66666666666667,69.15833333333335,103.10833333333333,129.33333333333334,78.16250000000001,114.59166666666665,48.0,13.0,0.7273558945347128,0.6827956805700085,19.1558,119.25
2026-03-07 07:44:52.823962,138.0,81.2,111.1,14.7,31.3,15.9,0.63,pm25,27.05,63.0,1.4,1005.0,10000,82.0,Clear,clear sky,7,5,7,3,1,1,111.33333333333333,68.00000000000001,97.09999999999998,111.5,68.01666666666667,102.28333333333335,114.25,68.85833333333333,102.50833333333333,128.875,77.75833333333334,113.59166666666665,16.0,23.0,0.7308730807302154,2.129251555833228,17.0415,113.67999999999999
2026-03-07 08:44:52.823962,176.0,99.1,130.0,34.7,22.9,12.9,0.4,pm25,30.96,59.0,0.2,1015.0,10000,99.0,Clear,clear sky,8,5,7,3,1,1,145.33333333333334,86.60000000000001,116.8,122.33333333333333,72.71666666666667,105.09999999999998,118.83333333333333,71.72500000000001,105.93333333333332,130.0,78.22916666666667,113.92083333333333,38.0,102.0,0.762307686443787,0.6599423440938805,18.2664,19.82
2026-03-07 09:44:52.823962,160.0,109.4,155.4,31.4,38.4,5.6,0.52,pm25,30.26,78.0,1.68,1014.0,10000,42.0,Clear,clear sky,9,5,7,3,1,1,158.0,96.56666666666668,132.16666666666666,130.83333333333334,79.10000000000001,113.61666666666667,120.0,74.14166666666667,109.64999999999999,129.5,78.42916666666667,114.09166666666665,-16.0,38.0,0.7039896994595257,1.2229298973589204,23.602800000000002,183.792
2026-03-07 10:44:52.823962,140.0,90.6,131.8,40.2,24.7,19.7,0.75,pm25,31.4,72.0,2.39,1018.0,10000,90.0,Clear,clear sky,10,5,7,3,1,1,158.66666666666666,99.7,139.06666666666666,135.0,83.85,118.08333333333333,121.0,75.36666666666666,111.25,128.79166666666666,78.30833333333334,114.24583333333334,-20.0,2.0,0.6874051541168045,0.6144278454122426,22.607999999999997,216.534
2026-03-07 11:44:52.823962,141.0,94.9,137.5,34.8,32.5,14.0,0.61,pm25,31.82,75.0,2.26,1015.0,10000,97.0,Clear,clear sky,11,5,7,3,1,1,147.0,98.30000000000001,141.56666666666666,146.16666666666666,92.45,129.1833333333333,124.25,77.63333333333334,114.63333333333333,129.79166666666666,79.2625,115.79583333333335,1.0,-35.0,0.6901818131623142,0.9339080191405743,23.865,214.474
2026-03-07 12:44:52.823962,147.0,87.1,137.2,42.3,33.9,10.1,0.28,pm25,32.47,64.0,3.98,1019.0,10000,31.0,Clear,clear sky,12,5,7,3,1,1,142.66666666666666,90.86666666666667,135.49999999999997,150.33333333333334,93.71666666666668,133.83333333333334,128.08333333333334,79.225,116.95,130.33333333333334,79.52499999999999,116.36666666666667,6.0,-13.0,0.6348396455186615,0.8014184207702502,20.7808,346.65799999999996
2026-03-07 13:44:52.823962,136.0,87.1,134.2,35.0,22.6,13.9,0.53,pm25,31.27,71.0,3.53,1016.0,10000,22.0,Clear,clear sky,13,5,7,3,1,1,141.33333333333334,89.7,136.29999999999998,150.0,94.69999999999999,137.6833333333333,130.75,81.35833333333333,119.98333333333333,130.08333333333334,79.98333333333333,116.80833333333332,-11.0,-4.0,0.6490312917359815,0.6457142672653068,22.201700000000002,307.46299999999997
2026-03-07 14:44:52.823962,111.0,61.7,93.9,21.3,17.5,13.0,0.52,pm25,28.47,60.0,3.21,1009.0,10000,35.0,Clear,clear sky,14,5,7,3,1,1,131.33333333333334,78.63333333333334,121.76666666666665,139.16666666666666,88.46666666666665,131.66666666666666,130.75,80.59166666666665,118.38333333333333,129.20833333333334,79.25416666666666,115.82499999999999,-25.0,-30.0,0.6570819951322471,0.8215962055588635,17.081999999999997,198.05700000000002
2026-03-07 15:44:52.823962,112.0,67.1,96.6,42.5,25.7,7.8,0.58,pm25,28.14,65.0,2.39,1019.0,10000,20.0,Clear,clear sky,15,5,7,3,1,1,119.66666666666667,71.96666666666667,108.2333333333333,131.16666666666666,81.41666666666667,121.86666666666666,131.0,80.25833333333334,117.74166666666667,128.625,78.69583333333334,115.26666666666665,1.0,-35.0,0.694616970035021,0.6047058681245678,18.291,160.369
2026-03-07 16:44:52.823962,145.0,81.8,122.7,25.3,17.3,10.7,0.13,pm25,30.77,60.0,3.0,1011.0,10000,28.0,Clear,clear sky,16,5,7,3,1,1,122.66666666666667,70.2,104.39999999999999,132.0,79.95,120.35000000000001,133.5,81.9,119.21666666666665,129.16666666666666,78.27916666666667,115.16250000000001,33.0,9.0,0.6666666612333605,0.6837944393757138,18.462,245.39999999999998
2026-03-07 17:44:52.823962,161.0,88.7,137.4,38.5,24.0,16.6,0.59,pm25,29.03,57.0,3.66,1017.0,10000,95.0,Clear,clear sky,17,5,7,3,1,1,139.33333333333334,79.2,118.89999999999998,135.33333333333334,78.91666666666667,120.33333333333333,140.75,85.68333333333334,124.75833333333333,128.95833333333334,77.64583333333333,114.40416666666665,16.0,50.0,0.6455604028707395,0.6233766071850232,16.5471,324.642
2026-03-07 18:44:52.823962,167.0,97.5,154.6,16.3,28.1,20.0,0.77,pm25,28.75,62.0,4.26,1006.0,10000,85.0,Clear,clear sky,18,5,7,3,1,1,157.66666666666666,89.33333333333333,138.23333333333332,138.66666666666666,80.64999999999999,123.23333333333333,144.5,87.18333333333334,128.53333333333333,130.08333333333334,78.17083333333333,115.82083333333334,6.0,55.0,0.6306597630617092,1.72392627460575,17.825,415.34999999999997
2026-03-07 19:44:52.823962,155.0,93.5,144.6,31.3,27.2,18.4,0.59,pm25,24.75,65.0,3.66,1014.0,10000,91.0,Clear,clear sky,19,5,7,3,1,1,161.0,93.23333333333335,145.5333333333333,141.83333333333334,81.71666666666665,124.96666666666665,145.91666666666666,88.20833333333333,131.32500000000002,130.08333333333334,78.53333333333335,116.91666666666667,-12.0,10.0,0.6466113371603642,0.8690095569006531,16.0875,342.21000000000004
2026-03-07 20:44:52.823962,114.0,64.2,88.3,49.6,15.9,7.2,0.61,pm25,23.2,61.0,1.8,1023.0,10000,34.0,Clear,clear sky,20,5,7,3,1,1,145.33333333333334,85.06666666666668,129.16666666666666,142.33333333333334,82.13333333333334,124.03333333333332,140.75,85.3,127.85000000000001,129.79166666666666,78.5125,116.89166666666665,-41.0,-47.0,0.7270668094329921,0.3205645096660381,14.152000000000001,115.56
2026-03-07 21:44:52.823962,110.0,71.6,103.9,33.2,21.4,18.6,0.06,pm25,22.82,70.0,2.47,1015.0,10000,85.0,Clear,clear sky,21,5,7,3,1,1,126.33333333333333,76.43333333333334,112.26666666666665,142.0,82.88333333333334,125.25,136.58333333333334,82.15,123.55833333333334,128.29166666666666,78.14583333333333,116.60416666666667,-4.0,-57.0,0.6891241512115095,0.6445782938380031,15.974,176.852
2026-03-07 22:44:52.823962,124.0,73.1,106.4,31.9,20.3,23.1,0.66,pm25,24.18,64.0,2.5,1014.0,10000,72.0,Clear,clear sky,22,5,7,3,1,1,116.0,69.63333333333334,99.53333333333332,138.5,81.43333333333334,122.53333333333332,135.25,80.69166666666666,121.44166666666666,128.125,78.02916666666667,116.34583333333332,14.0,-31.0,0.6870300687309203,0.6363636164149337,15.4752,182.75
2026-03-07 23:44:52.823962,127.0,71.0,117.5,48.0,35.4,21.0,0.43,pm25,24.48,60.0,4.65,1022.0,10000,65.0,Clear,clear sky,23,5,7,3,1,1,120.33333333333333,71.90000000000002,109.26666666666665,132.83333333333334,78.48333333333333,119.21666666666665,134.08333333333334,78.7,119.77499999999999,129.16666666666666,78.16666666666667,117.20416666666667,3.0,13.0,0.6042553140063378,0.737499984635417,14.687999999999999,330.15000000000003
2026-03-08 00:44:52.823962,125.0,74.3,127.7,33.9,36.8,16.8,0.43,pm25,27.4,65.0,5.44,1015.0,10000,57.0,Clear,clear sky,0,6,8,3,1,1,125.33333333333333,72.8,117.2,125.83333333333333,74.61666666666666,114.73333333333333,132.25,77.63333333333334,118.98333333333333,130.16666666666666,78.42916666666666,117.96666666666665,-2.0,15.0,0.5818324151775065,1.0855456906918677,17.81,404.192
2026-03-08 01:44:52.823962,109.0,66.3,115.5,36.5,26.9,18.8,0.19,pm25,25.41,66.0,5.41,1016.0,10000,91.0,Clear,clear sky,1,6,8,3,1,1,120.33333333333333,70.53333333333335,120.2333333333333,118.16666666666667,70.08333333333333,109.88333333333333,130.0,75.89999999999999,117.425,130.375,78.62916666666668,118.70416666666665,-16.0,-15.0,0.5740259690560522,0.7369862811784581,16.770599999999998,358.683
2026-03-08 02:44:52.823962,91.0,56.9,81.8,30.5,15.9,16.5,0.41,pm25,23.18,67.0,2.47,1013.0,10000,59.0,Clear,clear sky,2,6,8,3,1,1,108.33333333333333,65.83333333333333,108.33333333333331,114.33333333333333,68.86666666666666,108.8,128.33333333333334,75.49999999999999,116.41666666666667,129.54166666666666,78.04583333333333,117.39999999999999,-18.0,-36.0,0.6955990135012345,0.5213114583176571,15.5306,140.543
2026-03-08 03:44:52.823962,110.0,68.7,109.3,30.1,24.1,13.3,0.49,pm25,25.61,67.0,3.94,1013.0,10000,4.0,Clear,clear sky,3,6,8,3,1,1,103.33333333333333,63.966666666666676,102.19999999999999,114.33333333333333,68.38333333333334,109.7,128.16666666666666,75.63333333333334,117.47499999999998,129.58333333333334,77.94583333333334,117.60833333333333,19.0,-15.0,0.6285452824469783,0.8006644252270955,17.1587,270.678
2026-03-08 04:44:52.823962,96.0,61.7,89.7,27.4,26.3,5.6,0.42,pm25,23.77,69.0,2.58,1012.0,10000,29.0,Clear,clear sky,4,6,8,3,1,1,99.0,62.433333333333344,93.59999999999998,109.66666666666667,66.48333333333333,106.91666666666667,124.08333333333333,73.95833333333333,114.72500000000001,128.79166666666666,77.92916666666666,116.97083333333332,-14.0,-13.0,0.6878483758322367,0.9598539795673731,16.4013,159.186
2026-03-08 05:44:52.823962,110.0,65.0,92.2,26.5,28.0,13.3,0.66,pm25,25.5,64.0,2.21,1011.0,10000,18.0,Clear,clear sky,5,6,8,3,1,1,105.33333333333333,65.13333333333334,97.06666666666665,106.83333333333333,65.48333333333333,102.7,119.83333333333333,71.98333333333333,110.95833333333333,130.29166666666666,78.83333333333333,117.85833333333335,14.0,19.0,0.7049891463667121,1.0566037337130667,16.32,143.65
2026-03-08 06:44:52.823962,130.0,82.9,124.0,30.5,33.5,12.4,0.77,pm25,27.82,70.0,2.96,1013.0,10000,34.0,Clear,clear sky,6,6,8,3,1,1,112.0,69.86666666666669,101.96666666666665,107.66666666666667,66.91666666666667,102.08333333333333,116.75,70.76666666666667,108.40833333333335,130.625,78.975,118.47083333333335,20.0,20.0,0.668548381705255,1.0983606197258813,19.474,245.38400000000001
2026-03-08 07:44:52.823962,194.0,116.0,184.6,33.8,32.7,17.2,0.31,pm25,31.74,65.0,4.58,1015.0,10000,66.0,Clear,clear sky,7,6,8,3,1,1,144.66666666666666,87.96666666666668,133.6,121.83333333333333,75.2,113.60000000000001,120.0,72.64166666666667,111.74166666666666,132.95833333333334,80.425,121.53333333333335,64.0,98.0,0.6283856954041945,0.9674555926788289,20.631,531.28
2026-03-08 08:44:52.823962,135.0,80.6,112.5,39.6,17.7,17.3,0.77,pm25,27.51,65.0,1.74,1018.0,10000,67.0,Clear,clear sky,8,6,8,3,1,1,153.0,93.16666666666667,140.36666666666665,129.16666666666666,79.14999999999999,118.71666666666668,121.75,74.00833333333334,113.75833333333333,131.25,79.65416666666667,120.80416666666667,-59.0,25.0,0.7164444380760494,0.44696968568258366,17.881500000000003,140.244
2026-03-08 09:44:52.823962,159.0,96.6,120.0,21.3,40.7,14.5,0.02,pm25,30.14,66.0,0.74,1009.0,10000,49.0,Clear,clear sky,9,6,8,3,1,1,162.66666666666666,97.73333333333335,139.0333333333333,137.33333333333334,83.8,120.5,125.83333333333333,76.09166666666665,115.09999999999998,131.20833333333334,79.12083333333332,119.32916666666667,24.0,29.0,0.8049999932916667,1.9107980323568998,19.8924,71.484
2026-03-08 10:44:52.823962,141.0,78.0,115.6,45.8,36.2,17.6,0.41,pm25,31.53,58.0,2.79,1021.0,10000,60.0,Clear,clear sky,10,6,8,3,1,1,145.0,85.06666666666668,116.03333333333332,144.83333333333334,86.51666666666667,124.81666666666668,127.25,76.5,115.86666666666667,131.25,78.59583333333333,118.65416666666665,-18.0,-53.0,0.6747404785922104,0.7903929958429479,18.2874,217.62
2026-03-08 11:44:52.823962,132.0,94.4,140.5,38.5,16.6,10.3,0.72,pm25,30.94,80.0,2.83,1017.0,10000,30.0,Clear,clear sky,11,6,8,3,1,1,144.0,89.66666666666667,125.36666666666666,148.5,91.41666666666667,132.86666666666667,127.66666666666667,78.45,117.78333333333335,130.875,78.575,118.77916666666665,-9.0,-3.0,0.6718861162143337,0.4311688199696411,24.752000000000002,267.15200000000004
2026-03-08 12:44:52.823962,169.0,100.7,178.0,26.3,15.9,11.6,0.74,pm25,34.71,64.0,7.05,1011.0,10000,34.0,Clear,clear sky,12,6,8,3,1,1,147.33333333333334,91.03333333333336,144.7,155.0,94.38333333333333,141.86666666666667,131.33333333333334,80.64999999999999,121.97500000000001,131.79166666666666,79.14166666666667,120.47916666666667,37.0,10.0,0.5657303339003914,0.6045627146554101,22.2144,709.935
2026-03-08 13:44:52.823962,113.0,71.8,114.6,45.7,26.4,7.0,0.33,pm25,29.0,69.0,4.02,1021.0,10000,24.0,Clear,clear sky,13,6,8,3,1,1,138.0,88.9666666666667,144.36666666666667,141.5,87.01666666666667,130.2,131.66666666666666,81.10833333333333,121.89999999999999,130.83333333333334,78.50416666666668,119.66250000000001,-56.0,-28.0,0.6265270451437431,0.5776805125234024,20.01,288.63599999999997
2026-03-08 14:44:52.823962,131.0,78.2,123.7,22.0,46.0,15.1,0.18,pm25,30.52,64.0,3.96,1009.0,10000,50.0,Clear,clear sky,14,6,8,3,1,1,137.66666666666666,83.56666666666668,138.76666666666668,140.83333333333334,86.61666666666667,132.06666666666666,135.0,82.88333333333334,125.39166666666667,131.66666666666666,79.19166666666668,120.90416666666665,18.0,-1.0,0.6321746108959208,2.090908995867773,19.532799999999998,309.672
2026-03-08 15:44:52.823962,117.0,74.0,127.4,27.8,22.5,16.9,0.56,pm25,28.61,69.0,5.45,1012.0,10000,8.0,Clear,clear sky,15,6,8,3,1,1,120.33333333333333,74.66666666666669,121.89999999999999,133.83333333333334,82.85000000000001,133.29999999999998,135.58333333333334,83.325,126.90000000000002,131.875,79.47916666666667,122.1875,-14.0,-52.0,0.5808477191456223,0.8093524888722126,19.7409,403.3
2026-03-08 16:44:52.823962,139.0,88.2,134.8,14.3,25.7,14.4,0.47,pm25,30.19,70.0,3.37,1005.0,10000,0.0,Clear,clear sky,16,6,8,3,1,1,129.0,80.13333333333334,128.63333333333333,133.5,84.55,136.5,139.16666666666666,85.53333333333332,130.65833333333333,131.625,79.74583333333332,122.69166666666666,22.0,26.0,0.654302665769268,1.7972026715242886,21.133000000000003,297.23400000000004
2026-03-08 17:44:52.823962,113.0,60.1,74.2,38.4,14.5,23.8,0.32,pm25,24.96,57.0,0.62,1017.0,10000,62.0,Clear,clear sky,17,6,8,3,1,1,123.0,74.10000000000001,112.13333333333334,130.33333333333334,78.83333333333333,125.45,139.41666666666666,85.125,129.15833333333333,129.625,78.55416666666666,120.05833333333332,-26.0,-18.0,0.8099730349060238,0.3776041568332251,14.2272,37.262
2026-03-08 18:44:52.823962,192.0,116.6,177.4,27.1,19.0,17.4,0.61,pm25,30.85,66.0,3.36,1012.0,10000,2.0,Clear,clear sky,18,6,8,3,1,1,148.0,88.30000000000001,128.79999999999998,134.16666666666666,81.48333333333333,125.35000000000002,144.58333333333334,87.93333333333334,133.60833333333332,130.66666666666666,79.35,121.00833333333333,79.0,75.0,0.6572716986625045,0.7011069851990042,20.361,391.77599999999995
2026-03-08 19:44:52.823962,171.0,93.5,159.1,16.7,33.7,18.1,0.45,pm25,26.08,56.0,5.84,1006.0,10000,67.0,Clear,clear sky,19,6,8,3,1,1,158.66666666666666,90.06666666666668,136.89999999999998,143.83333333333334,85.10000000000001,132.76666666666668,142.66666666666666,86.05833333333334,131.48333333333335,131.33333333333334,79.35,121.6125,-21.0,32.0,0.5876807002659918,2.0179639510201226,14.604800000000001,546.04
2026-03-08 20:44:52.823962,125.0,76.9,123.6,12.0,31.5,14.3,0.21,pm25,24.27,67.0,4.24,1004.0,10000,43.0,Clear,clear sky,20,6,8,3,1,1,162.66666666666666,95.66666666666667,153.36666666666665,142.83333333333334,84.88333333333333,132.75,141.83333333333334,85.75,132.40833333333333,131.79166666666666,79.87916666666668,123.08333333333333,-46.0,12.0,0.6221682797559202,2.6249997812500183,16.2609,326.05600000000004
2026-03-08 21:44:52.823962,167.0,100.8,164.0,52.6,12.4,20.4,0.71,pm25,28.5,66.0,4.92,1024.0,10000,61.0,Clear,clear sky,21,6,8,3,1,1,154.33333333333334,90.40000000000002,148.89999999999998,151.16666666666666,89.35000000000001,138.85,142.5,86.10000000000001,136.07500000000002,134.16666666666666,81.09583333333333,125.58750000000002,42.0,-25.0,0.6146341425936942,0.23574144038514372,18.81,495.936
2026-03-08 22:44:52.823962,140.0,86.3,108.3,48.5,29.0,10.3,0.67,pm25,25.76,68.0,0.18,1022.0,10000,17.0,Clear,clear sky,22,6,8,3,1,1,144.0,88.0,131.96666666666664,151.33333333333334,89.03333333333335,134.4333333333333,142.41666666666666,86.79166666666667,135.46666666666667,134.83333333333334,81.64583333333333,125.66666666666667,-27.0,-31.0,0.7968605651259413,0.5979381320012757,17.5168,15.533999999999999
2026-03-08 23:44:52.823962,151.0,91.5,143.1,32.8,18.3,13.8,0.77,pm25,26.92,66.0,3.88,1014.0,10000,39.0,Clear,clear sky,23,6,8,3,1,1,152.66666666666666,92.86666666666667,138.46666666666664,157.66666666666666,94.26666666666667,145.91666666666666,144.0,86.55,135.6833333333333,135.83333333333334,82.5,126.73333333333333,11.0,26.0,0.6394129934352691,0.557926812258329,17.7672,355.02
2026-03-09 00:44:52.823962,113.0,64.7,106.0,26.5,25.0,11.8,0.26,pm25,25.98,62.0,4.34,1011.0,10000,5.0,Clear,clear sky,0,0,9,3,0,1,134.66666666666666,80.83333333333333,119.13333333333331,144.5,85.61666666666667,134.01666666666665,139.33333333333334,83.55,129.6833333333333,135.33333333333334,82.10000000000001,125.82916666666665,-38.0,-54.0,0.6103773527322892,0.9433961908152381,16.1076,280.798
2026-03-09 01:44:52.823962,111.0,77.0,125.3,48.6,34.7,6.4,0.99,pm25,25.67,75.0,4.46,1022.0,10000,37.0,Clear,clear sky,1,0,9,3,0,1,125.0,77.73333333333335,124.79999999999997,134.5,82.86666666666666,128.38333333333333,139.16666666666666,83.98333333333333,130.57500000000002,135.41666666666666,82.54583333333333,126.2375,-2.0,-29.0,0.6145251347603741,0.7139917548561368,19.2525,343.42
2026-03-09 02:44:52.823962,102.0,62.1,84.2,20.7,24.5,18.1,0.59,pm25,24.6,66.0,1.66,1008.0,10000,95.0,Clear,clear sky,2,0,9,3,0,1,108.66666666666667,67.93333333333335,105.16666666666664,130.66666666666666,80.39999999999999,121.81666666666666,136.75,82.64166666666667,127.28333333333335,135.875,82.7625,126.33749999999999,-9.0,-49.0,0.7375296824521416,1.1835748220495255,16.236,103.086
2026-03-09 03:44:52.823962,67.0,40.6,69.0,49.5,16.5,6.2,0.48,pm25,20.18,65.0,4.21,1023.0,10000,35.0,Clear,clear sky,3,0,9,3,0,1,93.33333333333333,59.900000000000006,92.83333333333331,114.0,70.36666666666667,105.98333333333333,132.58333333333334,79.85833333333333,122.41666666666667,134.08333333333334,81.59166666666667,124.65833333333332,-35.0,-46.0,0.5884057885738292,0.33333332659932674,13.117,170.92600000000002
2026-03-09 04:44:52.823962,114.0,62.4,97.5,29.7,39.2,24.1,0.54,pm25,26.05,59.0,3.58,1013.0,10000,57.0,Clear,clear sky,4,0,9,3,0,1,94.33333333333333,55.03333333333334,83.56666666666665,109.66666666666667,66.38333333333334,104.18333333333334,130.5,77.70833333333333,119.30833333333332,134.83333333333334,81.62083333333332,124.98333333333333,47.0,3.0,0.6399999934358975,1.3198652754254117,15.3695,223.392
2026-03-09 05:44:52.823962,91.0,58.1,97.5,24.9,16.3,6.8,0.54,pm25,23.1,69.0,4.55,1010.0,10000,12.0,Clear,clear sky,5,0,9,3,0,1,90.66666666666667,53.70000000000001,87.99999999999999,99.66666666666667,60.81666666666666,96.58333333333333,128.66666666666666,77.54166666666667,121.25,134.04166666666666,81.33333333333333,125.20416666666665,-23.0,-11.0,0.5958974297856674,0.6546184476056849,15.939,264.355
2026-03-09 06:44:52.823962,102.0,68.1,115.4,42.8,23.6,21.6,0.4,pm25,25.0,72.0,4.99,1019.0,10000,85.0,Clear,clear sky,6,0,9,3,0,1,102.33333333333333,62.866666666666674,103.46666666666665,97.83333333333333,61.38333333333333,98.14999999999999,121.16666666666667,73.5,116.08333333333333,132.875,80.71666666666667,124.84583333333332,11.0,35.0,0.5901213120440094,0.5514018562756576,18.0,339.81899999999996
2026-03-09 07:44:52.823962,158.0,94.7,141.6,22.8,33.8,13.7,0.62,pm25,28.77,65.0,2.94,1009.0,10000,41.0,Clear,clear sky,7,0,9,3,0,1,117.0,73.63333333333334,118.16666666666664,105.66666666666667,64.33333333333333,100.86666666666667,120.08333333333333,73.60000000000001,114.625,131.375,79.82916666666667,123.05416666666666,56.0,44.0,0.6687853060114033,1.4824560753308738,18.700499999999998,278.418
2026-03-09 08:44:52.823962,193.0,108.6,166.4,23.7,24.2,15.5,0.19,pm25,32.44,58.0,3.52,1010.0,10000,83.0,Clear,clear sky,8,0,9,3,0,1,151.0,90.46666666666668,141.13333333333333,120.83333333333333,72.08333333333333,114.56666666666666,125.75,76.24166666666666,118.19166666666666,133.79166666666666,80.99583333333332,125.3,35.0,102.0,0.6526442268470899,1.0210970033292404,18.8152,382.272
2026-03-09 09:44:52.823962,182.0,111.7,148.2,22.6,32.1,12.4,0.73,pm25,32.09,68.0,0.1,1009.0,10000,3.0,Clear,clear sky,9,0,9,3,0,1,177.66666666666666,105.0,152.06666666666663,140.0,83.93333333333332,127.76666666666667,127.0,77.14999999999999,116.875,134.75,81.625,126.47499999999998,-11.0,80.0,0.7537111959938517,1.4203539194533663,21.821200000000005,11.170000000000002
2026-03-09 10:44:52.823962,105.0,60.2,92.9,19.0,18.0,16.7,0.33,pm25,27.83,62.0,3.38,1008.0,10000,65.0,Clear,clear sky,10,0,9,3,0,1,160.0,93.50000000000001,135.83333333333331,138.5,83.56666666666666,127.0,124.08333333333333,74.97500000000001,115.59166666666665,133.25,80.88333333333334,125.52916666666665,-77.0,-53.0,0.6480086044347836,0.9473683711911383,17.254599999999996,203.476
2026-03-09 11:44:52.823962,132.0,79.3,104.1,32.9,28.1,20.2,0.55,pm25,30.92,65.0,0.77,1014.0,10000,8.0,Clear,clear sky,11,0,9,3,0,1,139.66666666666666,83.73333333333333,115.06666666666665,145.33333333333334,87.09999999999998,128.1,122.5,73.95833333333333,112.34166666666668,133.25,80.25416666666666,124.01249999999999,27.0,-61.0,0.7617675239023293,0.8541033175044586,20.098000000000003,61.061
2026-03-09 12:44:52.823962,143.0,96.4,125.0,15.5,36.5,15.8,0.25,pm25,32.14,75.0,0.06,1006.0,10000,53.0,Clear,clear sky,12,0,9,3,0,1,126.66666666666667,78.63333333333334,107.33333333333331,152.16666666666666,91.81666666666666,129.7,125.0,76.60000000000001,113.925,132.16666666666666,80.075,121.80416666666666,11.0,-39.0,0.7711999938304002,2.3548385577523514,24.105,5.784
2026-03-09 13:44:52.823962,134.0,84.2,117.6,41.1,19.0,19.3,0.35,pm25,31.13,69.0,1.69,1019.0,10000,77.0,Clear,clear sky,13,0,9,3,0,1,136.33333333333334,86.63333333333334,115.56666666666665,148.16666666666666,90.06666666666666,125.69999999999999,126.91666666666667,77.2,113.28333333333332,133.04166666666666,80.59166666666667,121.92916666666667,-9.0,29.0,0.7159863884695036,0.4622870933750099,21.479699999999998,142.298
2026-03-09 14:44:52.823962,118.0,67.5,99.0,32.2,37.7,14.6,0.54,pm25,29.22,61.0,2.67,1014.0,10000,49.0,Clear,clear sky,14,0,9,3,0,1,131.66666666666666,82.7,113.86666666666663,135.66666666666666,83.21666666666667,114.46666666666665,128.25,77.64999999999999,114.51666666666665,132.5,80.14583333333333,120.90000000000002,-16.0,-14.0,0.6818181749311296,1.1708074170556704,17.824199999999998,180.225
2026-03-09 15:44:52.823962,88.0,51.6,70.2,59.7,25.4,13.8,0.64,pm25,25.66,64.0,1.91,1028.0,10000,2.0,Clear,clear sky,15,0,9,3,0,1,113.33333333333333,67.76666666666668,95.59999999999998,120.0,73.2,101.46666666666668,130.0,78.56666666666666,114.61666666666666,131.29166666666666,79.21249999999999,118.51666666666667,-30.0,-55.0,0.735042724572041,0.42546062938926915,16.4224,98.556
2026-03-09 16:44:52.823962,125.0,72.3,113.7,16.0,25.3,13.6,0.36,pm25,28.79,62.0,3.8,1006.0,10000,2.0,Clear,clear sky,16,0,9,3,0,1,110.33333333333333,63.80000000000001,94.3,123.33333333333333,75.21666666666667,104.93333333333334,130.91666666666666,79.39166666666667,115.96666666666668,130.70833333333334,78.55,117.63749999999999,37.0,-9.0,0.6358838994205461,1.581249901171881,17.849800000000002,274.73999999999995
2026-03-09 17:44:52.823962,198.0,119.8,187.1,30.1,20.3,20.4,0.46,pm25,32.1,66.0,4.12,1013.0,10000,80.0,Clear,clear sky,17,0,9,3,0,1,137.0,81.23333333333333,123.66666666666664,134.33333333333334,81.96666666666667,118.76666666666667,139.83333333333334,84.53333333333333,123.43333333333332,134.25,81.0375,122.34166666666668,73.0,80.0,0.640299301762163,0.6744185822452298,21.186,493.576
2026-03-09 18:44:52.823962,186.0,112.0,187.5,43.2,26.6,7.4,0.71,pm25,30.34,65.0,5.92,1020.0,10000,23.0,Clear,clear sky,18,0,9,3,0,1,169.66666666666666,101.36666666666667,162.76666666666665,141.5,84.56666666666666,129.18333333333334,146.83333333333334,88.19166666666666,129.44166666666666,134.0,80.84583333333333,122.7625,-12.0,98.0,0.5973333301475556,0.6157407264874832,19.721,663.04
2026-03-09 19:44:52.823962,180.0,97.7,139.4,24.3,32.6,17.8,0.54,pm25,26.8,55.0,1.93,1010.0,10000,69.0,Clear,clear sky,19,0,9,3,0,1,188.0,109.83333333333333,171.3333333333333,149.16666666666666,86.81666666666666,132.81666666666666,148.66666666666666,88.44166666666666,129.25833333333333,134.375,81.02083333333333,121.94166666666666,-6.0,55.0,0.7008608271100372,1.3415637307998465,14.74,188.561
2026-03-09 20:44:52.823962,121.0,71.4,110.2,42.1,20.0,21.7,0.63,pm25,23.87,64.0,3.45,1019.0,10000,76.0,Clear,clear sky,20,0,9,3,0,1,162.33333333333334,93.7,145.7,149.66666666666666,87.46666666666665,134.68333333333334,142.66666666666666,85.34166666666665,124.575,134.20833333333334,80.79166666666667,121.38333333333334,-59.0,-77.0,0.6479128797830048,0.4750593711387323,15.276800000000001,246.33000000000004
2026-03-09 21:44:52.823962,119.0,77.5,120.1,25.8,26.4,17.1,0.46,pm25,23.67,71.0,3.57,1011.0,10000,94.0,Clear,clear sky,21,0,9,3,0,1,140.0,82.2,123.2333333333333,154.83333333333334,91.78333333333335,143.0,137.41666666666666,82.49166666666666,122.23333333333333,132.20833333333334,79.82083333333334,119.55416666666666,-2.0,-67.0,0.6452955816378386,1.0232557742924118,16.8057,276.675
2026-03-09 22:44:52.823962,160.0,84.9,121.0,33.0,18.7,20.0,0.01,pm25,27.85,54.0,2.04,1015.0,10000,76.0,Clear,clear sky,22,0,9,3,0,1,133.33333333333334,77.93333333333334,117.09999999999998,160.66666666666666,93.88333333333333,144.21666666666667,142.0,84.55,124.575,133.04166666666666,79.7625,120.08333333333333,41.0,-20.0,0.7016528867631994,0.56666664949495,15.039000000000001,173.19600000000003
2026-03-09 23:44:52.823962,107.0,70.4,115.2,43.3,20.4,20.2,0.45,pm25,22.43,71.0,4.44,1020.0,10000,81.0,Clear,clear sky,23,0,9,3,0,1,128.66666666666666,77.60000000000001,118.76666666666665,145.5,85.64999999999999,132.23333333333332,139.91666666666666,83.80833333333332,125.5,131.20833333333334,78.88333333333334,118.92083333333333,-53.0,-14.0,0.6111111058063272,0.4711316288422257,15.9253,312.5760000000001
2026-03-10 00:44:52.823962,97.0,65.5,93.0,44.0,16.7,15.0,0.62,pm25,23.93,72.0,2.2,1020.0,10000,50.0,Clear,clear sky,0,1,10,3,0,1,121.33333333333333,73.60000000000001,109.7333333333333,130.66666666666666,77.89999999999999,116.48333333333333,136.08333333333334,81.23333333333333,122.83333333333333,130.54166666666666,78.91666666666667,118.37916666666666,-10.0,-22.0,0.7043010676956875,0.3795454459194217,17.2296,144.10000000000002
2026-03-10 01:44:52.823962,83.0,49.1,76.7,32.8,26.7,12.1,0.47,pm25,22.19,64.0,3.46,1014.0,10000,7.0,Clear,clear sky,1,1,10,3,0,1,95.66666666666667,61.66666666666668,94.96666666666664,114.5,69.8,106.03333333333335,131.83333333333334,78.30833333333334,119.42500000000001,129.375,77.75416666666668,116.35416666666667,-14.0,-77.0,0.6401564453695379,0.8140243654260866,14.201600000000001,169.886
2026-03-10 02:44:52.823962,113.0,62.7,95.0,31.4,8.0,9.1,0.62,pm25,25.87,60.0,3.15,1014.0,10000,44.0,Clear,clear sky,2,1,10,3,0,1,97.66666666666667,59.1,88.2333333333333,113.16666666666667,68.35,103.5,131.41666666666666,77.90833333333335,119.09166666666668,129.83333333333334,77.77916666666667,116.80416666666667,30.0,6.0,0.6599999930526317,0.2547770619497751,15.522,197.505
2026-03-10 03:44:52.823962,129.0,80.7,118.5,28.5,39.2,16.7,0.29,pm25,27.94,68.0,2.61,1012.0,10000,54.0,Clear,clear sky,3,1,10,3,0,1,108.33333333333333,64.16666666666667,96.7333333333333,114.83333333333333,68.88333333333334,103.23333333333333,134.83333333333334,80.33333333333333,123.11666666666667,132.41666666666666,79.45,118.86666666666667,16.0,32.0,0.6810126524809059,1.3754385482302265,18.999200000000002,210.627
2026-03-10 04:44:52.823962,100.0,58.6,67.3,34.6,36.9,12.7,0.49,pm25,24.24,64.0,0.09,1015.0,10000,1.0,Clear,clear sky,4,1,10,3,0,1,114.0,67.33333333333334,93.59999999999998,104.83333333333333,64.5,94.28333333333335,132.75,79.19166666666668,119.25,131.83333333333334,79.29166666666667,117.60833333333333,-29.0,17.0,0.8707280702714998,1.0664739576163595,15.513599999999999,5.274
2026-03-10 05:44:52.823962,77.0,41.7,54.7,28.3,26.6,3.9,0.24,pm25,21.43,60.0,1.82,1012.0,10000,24.0,Clear,clear sky,5,1,10,3,0,1,102.0,60.33333333333334,80.16666666666664,99.83333333333333,59.71666666666667,84.2,122.66666666666667,72.68333333333334,108.21666666666668,131.25,78.60833333333333,115.825,-23.0,-36.0,0.762340022626325,0.9399292954088588,12.857999999999999,75.894
2026-03-10 06:44:52.823962,105.0,62.3,106.5,34.1,28.7,7.7,0.83,pm25,25.3,64.0,4.95,1015.0,10000,24.0,Clear,clear sky,6,1,10,3,0,1,94.0,54.20000000000001,76.16666666666664,101.16666666666667,59.18333333333333,86.45,115.91666666666667,68.54166666666667,101.46666666666668,131.375,78.36666666666667,115.45416666666667,28.0,-24.0,0.5849765203288589,0.8416422040574134,16.192,308.385
2026-03-10 07:44:52.823962,135.0,78.3,105.7,41.0,16.3,22.2,0.55,pm25,26.78,62.0,1.25,1019.0,10000,68.0,Clear,clear sky,7,1,10,3,0,1,105.66666666666667,60.76666666666668,88.96666666666664,109.83333333333333,64.05,91.28333333333335,112.16666666666667,66.925,98.65833333333335,130.41666666666666,77.68333333333334,113.95833333333333,30.0,35.0,0.7407757735025944,0.3975609659131472,16.6036,97.875
2026-03-10 08:44:52.823962,194.0,117.9,177.6,33.0,34.8,12.9,0.48,pm25,32.51,66.0,3.11,1014.0,10000,39.0,Clear,clear sky,8,1,10,3,0,1,144.66666666666666,86.16666666666667,129.9333333333333,123.33333333333333,73.25,105.05,118.25,70.8,104.27499999999999,130.45833333333334,78.07083333333334,114.425,59.0,117.0,0.6638513476134497,1.0545454225895325,21.456599999999998,366.669
2026-03-10 09:44:52.823962,154.0,94.1,149.2,27.6,34.4,12.2,0.49,pm25,29.74,67.0,4.21,1012.0,10000,36.0,Clear,clear sky,9,1,10,3,0,1,161.0,96.7666666666667,144.16666666666666,127.5,75.48333333333333,110.16666666666667,121.16666666666667,72.18333333333334,106.7,129.29166666666666,77.3375,114.46666666666668,-40.0,49.0,0.6306970467111458,1.2463767664356242,19.9258,396.16099999999994
2026-03-10 10:44:52.823962,129.0,76.3,114.7,55.2,24.7,8.5,0.31,pm25,30.3,64.0,3.04,1026.0,10000,93.0,Clear,clear sky,10,1,10,3,0,1,159.0,96.10000000000001,147.16666666666666,132.33333333333334,78.43333333333334,118.06666666666666,118.58333333333333,71.46666666666667,106.175,130.29166666666666,78.00833333333334,115.375,-25.0,-6.0,0.6652135948978762,0.4474637600097145,19.392,231.952
2026-03-10 11:44:52.823962,106.0,53.0,71.4,34.2,27.0,23.6,0.24,pm25,28.28,54.0,1.79,1015.0,10000,73.0,Clear,clear sky,11,1,10,3,0,1,129.66666666666666,74.46666666666668,111.76666666666665,137.16666666666666,80.31666666666668,120.85000000000001,118.5,70.01666666666667,102.52499999999999,129.20833333333334,76.91250000000001,114.0125,-23.0,-88.0,0.7422969083711918,0.7894736611265011,15.2712,94.87
2026-03-10 12:44:52.823962,113.0,66.5,99.9,32.2,25.7,15.5,0.55,pm25,29.07,64.0,3.02,1014.0,10000,86.0,Clear,clear sky,12,1,10,3,0,1,116.0,65.26666666666667,95.33333333333331,138.5,81.01666666666667,119.75,119.83333333333333,70.10000000000001,103.10000000000001,127.95833333333333,75.66666666666667,112.96666666666668,7.0,-41.0,0.6656656590023458,0.7981366211758812,18.6048,200.83
2026-03-10 13:44:52.823962,116.0,74.8,117.3,21.8,10.6,19.4,0.49,pm25,29.29,70.0,3.77,1009.0,10000,58.0,Clear,clear sky,13,1,10,3,0,1,111.66666666666667,64.76666666666667,96.19999999999999,135.33333333333334,80.43333333333334,121.68333333333332,122.58333333333333,72.24166666666666,106.48333333333333,127.20833333333333,75.27499999999999,112.95416666666665,3.0,-13.0,0.6376811539839629,0.48623850980557287,20.502999999999997,281.996
2026-03-10 14:44:52.823962,146.0,93.9,162.0,10.0,21.9,15.0,0.37,pm25,31.97,72.0,6.17,1003.0,10000,1.0,Clear,clear sky,14,1,10,3,0,1,125.0,78.40000000000002,126.39999999999998,127.33333333333333,76.43333333333334,119.08333333333333,125.33333333333333,74.84166666666665,112.06666666666666,128.375,76.375,115.57916666666665,30.0,40.0,0.579629626051669,2.189999781000022,23.0184,579.363
2026-03-10 15:44:52.823962,151.0,92.0,139.8,25.4,21.7,10.4,0.3,pm25,32.02,67.0,3.27,1011.0,10000,15.0,Clear,clear sky,15,1,10,3,0,1,137.66666666666666,86.90000000000002,139.7,126.83333333333333,76.08333333333333,117.51666666666667,127.16666666666667,75.78333333333335,113.84166666666665,131.0,78.05833333333334,118.47916666666667,5.0,38.0,0.6580829709722248,0.8543306750263514,21.453400000000002,300.84
2026-03-10 16:44:52.823962,132.0,73.5,133.5,33.3,17.5,18.5,0.78,pm25,29.47,60.0,6.48,1015.0,10000,71.0,Clear,clear sky,16,1,10,3,0,1,143.0,86.46666666666668,145.1,127.33333333333333,75.61666666666666,120.65000000000002,129.83333333333334,77.02499999999999,119.35833333333333,131.29166666666666,78.10833333333333,119.30416666666667,-19.0,16.0,0.5505617936287506,0.5255255097439788,17.682,476.28000000000003
2026-03-10 17:44:52.823962,126.0,70.9,98.1,29.2,24.7,8.4,0.6,pm25,26.02,61.0,1.78,1013.0,10000,18.0,Clear,clear sky,17,1,10,3,0,1,136.33333333333334,78.80000000000001,123.8,130.66666666666666,78.60000000000001,125.09999999999998,133.91666666666666,79.45833333333333,122.97499999999998,128.29166666666666,76.07083333333334,115.59583333333332,-6.0,-20.0,0.7227318988508472,0.8458903819900554,15.8722,126.20200000000001
2026-03-10 18:44:52.823962,177.0,104.2,154.6,29.2,22.5,14.7,0.97,pm25,29.6,63.0,2.74,1013.0,10000,42.0,Clear,clear sky,18,1,10,3,0,1,145.0,82.86666666666669,128.73333333333332,141.33333333333334,84.88333333333334,134.21666666666667,139.91666666666666,82.95,126.98333333333333,127.91666666666667,75.74583333333334,114.22499999999998,51.0,26.0,0.6739974083182574,0.7705479188168521,18.648000000000003,285.50800000000004
2026-03-10 19:44:52.823962,178.0,109.1,163.5,26.5,9.8,8.1,0.41,pm25,26.62,68.0,2.98,1011.0,10000,43.0,Clear,clear sky,19,1,10,3,0,1,160.33333333333334,94.73333333333335,138.73333333333332,151.66666666666666,90.60000000000001,141.91666666666666,143.5,85.51666666666667,131.79999999999998,127.83333333333333,76.22083333333335,115.22916666666667,1.0,46.0,0.6672782833805609,0.36981130679957336,18.1016,325.118
2026-03-10 20:44:52.823962,117.0,73.2,107.1,22.5,18.9,12.5,0.63,pm25,23.53,68.0,2.59,1009.0,10000,28.0,Clear,clear sky,20,1,10,3,0,1,157.33333333333334,95.50000000000001,141.73333333333332,146.83333333333334,87.14999999999999,132.76666666666668,137.08333333333334,81.79166666666667,125.925,127.66666666666667,76.29583333333333,115.10000000000001,-61.0,-9.0,0.6834733829741048,0.8399999626666682,16.0004,189.588
2026-03-10 21:44:52.823962,95.0,54.5,70.8,27.6,22.1,17.5,0.58,pm25,21.3,62.0,1.36,1012.0,10000,87.0,Clear,clear sky,21,1,10,3,0,1,130.0,78.93333333333334,113.79999999999997,137.5,80.89999999999999,121.26666666666665,132.16666666666666,78.49166666666667,119.39166666666665,126.66666666666667,75.33749999999999,113.04583333333333,-22.0,-82.0,0.7697740004269209,0.8007246086693982,13.206000000000001,74.12
2026-03-10 22:44:52.823962,171.0,109.7,163.8,32.6,20.8,19.9,0.47,pm25,28.89,72.0,2.89,1014.0,10000,95.0,Clear,clear sky,22,1,10,3,0,1,127.66666666666667,79.13333333333334,113.89999999999998,144.0,86.93333333333334,126.31666666666666,135.66666666666666,81.27499999999999,123.48333333333335,127.125,76.37083333333332,114.82916666666667,76.0,-7.0,0.6697191656305301,0.6380367902442703,20.8008,317.033
2026-03-10 23:44:52.823962,119.0,80.3,115.5,32.3,21.1,15.6,0.55,pm25,23.74,74.0,2.26,1014.0,10000,60.0,Clear,clear sky,23,1,10,3,0,1,128.33333333333334,81.50000000000001,116.69999999999997,142.83333333333334,88.5,129.21666666666667,136.75,83.55,127.15833333333335,127.625,76.78333333333333,114.84166666666668,-52.0,2.0,0.6952380892187179,0.6532507537693266,17.5676,181.47799999999998
2026-03-11 00:44:52.823962,110.0,56.6,96.6,19.8,20.2,19.2,0.39,pm25,25.52,56.0,4.77,1008.0,10000,80.0,Clear,clear sky,0,2,11,3,0,1,133.33333333333334,82.20000000000002,125.29999999999997,131.66666666666666,80.56666666666666,119.55000000000001,136.5,82.72500000000001,126.88333333333333,128.16666666666666,76.41250000000001,114.99166666666667,-9.0,15.0,0.5859213189863218,1.0202019686766681,14.291199999999998,269.98199999999997
2026-03-11 01:44:52.823962,126.0,76.5,115.2,42.0,21.7,15.7,0.41,pm25,27.52,66.0,3.05,1019.0,10000,65.0,Clear,clear sky,1,2,11,3,0,1,118.33333333333333,71.13333333333334,109.09999999999997,123.0,75.13333333333334,111.5,137.33333333333334,82.86666666666667,126.70833333333333,129.95833333333334,77.55416666666666,116.59583333333332,16.0,-45.0,0.6640624942355686,0.5166666543650796,18.1632,233.325
2026-03-11 02:44:52.823962,146.0,96.9,137.6,2.5,14.8,16.9,0.61,pm25,30.13,74.0,1.84,999.0,10000,59.0,Clear,clear sky,2,2,11,3,0,1,127.33333333333333,76.66666666666667,116.46666666666664,127.83333333333333,79.08333333333333,116.58333333333333,137.33333333333334,83.11666666666666,124.675,131.33333333333334,78.97916666666667,118.37083333333334,20.0,27.0,0.7042151111612275,5.919997632000947,22.2962,178.29600000000002
2026-03-11 03:44:52.823962,138.0,78.9,123.5,23.1,18.6,11.2,0.56,pm25,29.12,61.0,3.77,1010.0,10000,25.0,Clear,clear sky,3,2,11,3,0,1,136.66666666666666,84.10000000000001,125.43333333333332,135.0,83.15,125.36666666666667,136.25,82.025,123.31666666666666,131.70833333333334,78.90416666666667,118.57916666666667,-8.0,28.0,0.6388663915881264,0.8051947703378887,17.7632,297.45300000000003
2026-03-11 04:44:52.823962,100.0,62.3,102.3,30.0,30.2,17.2,0.79,pm25,24.23,68.0,4.33,1013.0,10000,97.0,Clear,clear sky,4,2,11,3,0,1,128.0,79.36666666666667,121.13333333333331,123.16666666666667,75.25,115.11666666666666,133.58333333333334,81.09166666666665,120.71666666666665,131.70833333333334,79.05833333333332,120.03750000000001,-38.0,-26.0,0.608993151427242,1.0066666331111123,16.4764,269.759
2026-03-11 05:44:52.823962,121.0,73.3,111.1,32.0,37.0,13.1,0.51,pm25,26.91,66.0,3.16,1014.0,10000,16.0,Clear,clear sky,5,2,11,3,0,1,119.66666666666667,71.50000000000001,112.29999999999997,123.5,74.08333333333333,114.38333333333333,133.16666666666666,81.29166666666667,121.80000000000001,133.54166666666666,80.375,122.38749999999999,21.0,-25.0,0.6597659706591722,1.1562499638671888,17.7606,231.62800000000001
2026-03-11 06:44:52.823962,185.0,101.8,154.5,29.6,16.8,14.2,0.97,pm25,33.35,56.0,3.28,1013.0,10000,44.0,Clear,clear sky,6,2,11,3,0,1,135.33333333333334,79.13333333333334,122.63333333333331,136.0,81.61666666666666,124.03333333333332,133.83333333333334,81.09166666666667,121.79166666666667,136.875,82.02083333333333,124.38749999999999,64.0,47.0,0.6588996721106817,0.5675675483929882,18.676000000000002,333.904
2026-03-11 07:44:52.823962,148.0,91.3,136.9,45.5,31.7,20.4,0.7,pm25,27.93,67.0,2.99,1021.0,10000,75.0,Clear,clear sky,7,2,11,3,0,1,151.33333333333334,88.8,134.16666666666663,139.66666666666666,84.08333333333333,127.64999999999999,131.33333333333334,79.60833333333333,119.57499999999999,137.41666666666666,82.5625,125.6875,-37.0,48.0,0.6669101485251268,0.6967032813911367,18.7131,272.987
2026-03-11 08:44:52.823962,155.0,101.6,157.9,35.3,27.0,6.6,0.23,pm25,29.25,73.0,3.84,1016.0,10000,26.0,Clear,clear sky,8,2,11,3,0,1,162.66666666666666,98.23333333333335,149.76666666666665,141.16666666666666,84.86666666666667,131.03333333333333,134.5,81.975,123.80833333333334,135.79166666666666,81.88333333333334,124.86666666666667,7.0,34.0,0.6434452144176996,0.7648724995786829,21.3525,390.14399999999995
2026-03-11 09:44:52.823962,169.0,103.0,140.4,30.7,33.9,16.6,0.1,pm25,31.0,67.0,0.89,1013.0,10000,60.0,Clear,clear sky,9,2,11,3,0,1,157.33333333333334,98.63333333333333,145.06666666666663,146.33333333333334,88.88333333333333,133.85,140.66666666666666,86.01666666666667,129.60833333333335,136.41666666666666,82.25416666666666,124.5,14.0,-16.0,0.7336182283930326,1.104234491718746,20.77,91.67
2026-03-11 10:44:52.823962,121.0,66.4,108.0,31.9,25.3,7.9,0.67,pm25,29.5,59.0,4.26,1014.0,10000,20.0,Clear,clear sky,10,2,11,3,0,1,148.33333333333334,90.33333333333333,135.4333333333333,149.83333333333334,89.56666666666666,134.8,136.5,82.40833333333335,124.95833333333333,136.08333333333334,81.84166666666667,124.22083333333335,-48.0,-27.0,0.6148148091220852,0.7931034234136858,17.405,282.86400000000003
2026-03-11 11:44:52.823962,117.0,64.3,105.0,38.5,20.3,13.2,0.27,pm25,29.42,59.0,4.27,1017.0,10000,1.0,Clear,clear sky,11,2,11,3,0,1,135.66666666666666,77.90000000000002,117.8,149.16666666666666,88.06666666666666,133.78333333333333,136.33333333333334,81.075,124.08333333333333,136.54166666666666,82.3125,125.62083333333334,-4.0,-38.0,0.6123809465487529,0.5272727135773322,17.3578,274.561
2026-03-11 12:44:52.823962,135.0,80.8,98.6,31.0,27.2,15.3,0.48,pm25,31.35,65.0,0.39,1013.0,10000,59.0,Clear,clear sky,12,2,11,3,0,1,124.33333333333333,70.50000000000001,103.86666666666663,140.83333333333334,84.56666666666666,124.46666666666665,138.41666666666666,83.09166666666665,124.25,137.45833333333334,82.90833333333333,125.56666666666666,18.0,-34.0,0.8194726083217788,0.8774193265348604,20.3775,31.512
2026-03-11 13:44:52.823962,109.0,66.1,97.8,26.1,25.3,19.6,0.32,pm25,28.59,66.0,2.79,1011.0,10000,90.0,Clear,clear sky,13,2,11,3,0,1,120.33333333333333,70.4,100.46666666666664,134.33333333333334,80.36666666666666,117.95,137.0,82.225,122.8,137.16666666666666,82.54583333333333,124.75416666666668,-26.0,-12.0,0.6758691137436695,0.9693486218640374,18.8694,184.41899999999998
2026-03-11 14:44:52.823962,134.0,79.4,114.5,20.1,40.1,18.4,0.33,pm25,30.82,64.0,2.32,1008.0,10000,56.0,Clear,clear sky,14,2,11,3,0,1,126.0,75.43333333333335,103.63333333333331,130.83333333333334,76.66666666666667,110.71666666666665,136.0,80.76666666666667,120.875,136.66666666666666,81.94166666666666,122.77500000000002,25.0,17.0,0.6934497756030588,1.9950247763669264,19.724800000000002,184.208
2026-03-11 15:44:52.823962,128.0,81.2,123.1,23.4,33.3,14.7,0.81,pm25,29.69,70.0,3.19,1010.0,10000,48.0,Clear,clear sky,15,2,11,3,0,1,123.66666666666667,75.56666666666668,111.79999999999997,124.0,73.03333333333335,107.83333333333333,135.16666666666666,80.95833333333333,120.84166666666668,135.70833333333334,81.49166666666666,122.07916666666667,-6.0,-7.0,0.6596263147065288,1.4230768622616725,20.783,259.028
2026-03-11 16:44:52.823962,166.0,100.9,161.1,28.1,16.3,9.0,0.96,pm25,32.91,66.0,4.48,1012.0,10000,31.0,Clear,clear sky,16,2,11,3,0,1,142.66666666666666,87.16666666666669,132.89999999999998,131.5,78.78333333333333,116.68333333333332,140.66666666666666,84.175,125.74166666666667,137.125,82.63333333333334,123.22916666666667,38.0,57.0,0.6263190525988886,0.5800711537341227,21.7206,452.0320000000001
2026-03-11 17:44:52.823962,144.0,85.8,121.9,20.2,26.5,11.5,0.49,pm25,27.56,64.0,1.97,1008.0,10000,6.0,Clear,clear sky,17,2,11,3,0,1,146.0,89.30000000000001,135.36666666666665,136.0,82.36666666666666,119.5,142.58333333333334,85.21666666666665,126.64166666666667,137.875,83.25416666666668,124.22083333333335,-22.0,10.0,0.7038556135860901,1.3118811231742018,17.6384,169.02599999999998
2026-03-11 18:44:52.823962,112.0,68.0,114.0,28.4,35.2,24.8,0.41,pm25,24.09,66.0,4.81,1012.0,10000,61.0,Clear,clear sky,18,2,11,3,0,1,140.66666666666666,84.90000000000002,132.33333333333334,132.16666666666666,80.23333333333333,122.06666666666668,136.5,82.39999999999999,123.26666666666667,135.16666666666666,81.74583333333334,122.52916666666668,-32.0,-16.0,0.5964912228377963,1.239436576076177,15.8994,327.08
2026-03-11 19:44:52.823962,169.0,100.7,156.3,22.5,26.7,20.2,0.84,pm25,25.92,64.0,3.79,1009.0,10000,87.0,Clear,clear sky,19,2,11,3,0,1,141.66666666666666,84.83333333333333,130.73333333333332,142.16666666666666,86.0,131.81666666666666,138.25,83.18333333333334,124.88333333333334,134.79166666666666,81.39583333333333,122.22916666666667,57.0,3.0,0.644273828251607,1.186666613925928,16.588800000000003,381.653
2026-03-11 20:44:52.823962,150.0,88.6,125.6,25.6,25.8,17.2,0.35,pm25,26.79,64.0,1.89,1011.0,10000,96.0,Clear,clear sky,20,2,11,3,0,1,143.66666666666666,85.76666666666667,131.96666666666667,144.83333333333334,87.53333333333335,133.66666666666666,137.83333333333334,82.10000000000001,122.19166666666666,136.16666666666666,82.03750000000001,123.0,-19.0,6.0,0.7054140071224999,1.0078124606323258,17.145599999999998,167.45399999999998
2026-03-11 21:44:52.823962,152.0,78.1,103.6,27.8,21.9,9.1,0.38,pm25,27.05,52.0,0.96,1012.0,10000,18.0,Clear,clear sky,21,2,11,3,0,1,157.0,89.13333333333334,128.5,148.83333333333334,87.01666666666667,130.41666666666666,136.41666666666666,80.025,119.125,138.54166666666666,83.02083333333333,124.36666666666667,2.0,40.0,0.7538609965843533,0.7877697558356201,14.066,74.97599999999998
2026-03-11 22:44:52.823962,133.0,81.5,130.2,42.9,13.4,19.1,0.81,pm25,25.1,67.0,4.2,1019.0,10000,19.0,Clear,clear sky,22,2,11,3,0,1,145.0,82.73333333333335,119.79999999999997,143.33333333333334,83.78333333333333,125.26666666666667,137.41666666666666,81.28333333333335,120.97499999999998,136.95833333333334,81.84583333333333,122.96666666666665,-19.0,-36.0,0.6259600566362515,0.31235430507332623,16.817,342.3
2026-03-11 23:44:52.823962,106.0,67.7,95.2,38.1,28.7,6.6,0.34,pm25,22.36,69.0,2.05,1017.0,10000,27.0,Clear,clear sky,23,2,11,3,0,1,130.33333333333334,75.76666666666667,109.66666666666664,137.0,80.76666666666667,120.81666666666666,136.5,81.56666666666666,120.15833333333332,136.41666666666666,81.32083333333334,122.12083333333334,-27.0,-44.0,0.7111344463116129,0.753280820123863,15.4284,138.785
2026-03-12 00:44:52.823962,114.0,66.7,121.2,3.9,19.8,10.7,0.6,pm25,26.11,63.0,6.18,1000.0,10000,11.0,Clear,clear sky,0,3,12,3,0,1,117.66666666666667,71.96666666666668,115.5333333333333,137.33333333333334,80.55,122.01666666666665,134.75,80.39166666666667,122.04166666666667,136.58333333333334,81.74166666666666,123.14583333333333,8.0,-38.0,0.5503300284626236,5.0769217751482625,16.4493,412.206
2026-03-12 01:44:52.823962,105.0,59.8,87.8,34.7,29.1,7.9,0.98,pm25,24.91,62.0,2.73,1015.0,10000,23.0,Clear,clear sky,1,3,12,3,0,1,108.33333333333333,64.73333333333335,101.39999999999998,126.66666666666667,73.73333333333333,110.60000000000001,134.41666666666666,79.86666666666666,121.20833333333333,135.70833333333334,81.04583333333333,122.00416666666668,-9.0,-28.0,0.6810933863201208,0.8386166905297784,15.4442,163.254
2026-03-12 02:44:52.823962,100.0,55.3,83.4,24.8,15.1,14.9,0.61,pm25,24.28,60.0,3.06,1010.0,10000,50.0,Clear,clear sky,2,3,12,3,0,1,106.33333333333333,60.6,97.46666666666665,118.33333333333333,68.18333333333332,103.56666666666666,131.58333333333334,77.85833333333333,118.61666666666667,133.79166666666666,79.3125,119.74583333333332,-5.0,-6.0,0.6630695364140343,0.6088709431906877,14.568000000000001,169.218
2026-03-12 03:44:52.823962,133.0,76.0,114.9,17.9,28.2,17.1,0.82,pm25,28.5,61.0,3.13,1007.0,10000,83.0,Clear,clear sky,3,3,12,3,0,1,112.66666666666667,63.70000000000001,95.36666666666666,115.16666666666667,67.83333333333333,105.44999999999999,132.0,77.425,117.93333333333332,133.58333333333334,79.19166666666666,119.38749999999999,33.0,19.0,0.661444728795085,1.5754189064011783,17.385,237.88
2026-03-12 04:44:52.823962,71.0,54.8,78.5,20.8,23.4,25.6,0.28,pm25,20.69,77.0,2.45,1008.0,10000,66.0,Clear,clear sky,4,3,12,3,0,1,101.33333333333333,62.03333333333334,92.26666666666665,104.83333333333333,63.38333333333333,96.83333333333333,124.08333333333333,73.58333333333333,111.05,132.375,78.87916666666666,118.39583333333333,-62.0,-34.0,0.6980891630816667,1.124999945913464,15.9313,134.26
2026-03-12 05:44:52.823962,89.0,49.8,82.4,8.5,23.5,16.0,0.59,pm25,22.93,61.0,4.16,1002.0,10000,86.0,Clear,clear sky,5,3,12,3,0,1,97.66666666666667,60.20000000000001,91.93333333333332,102.0,60.400000000000006,94.7,119.5,70.58333333333333,107.75833333333333,131.04166666666666,77.9,117.2,18.0,-11.0,0.6043689247042605,2.764705557093464,13.9873,207.168
2026-03-12 06:44:52.823962,134.0,88.1,135.3,24.5,33.3,15.6,0.26,pm25,28.17,73.0,3.48,1010.0,10000,54.0,Clear,clear sky,6,3,12,3,0,1,98.0,64.23333333333333,98.7333333333333,105.33333333333333,63.96666666666666,97.05,121.33333333333333,72.25833333333334,109.53333333333332,128.91666666666666,77.32916666666667,116.40000000000002,45.0,1.0,0.6511455975525084,1.3591836179925052,20.564100000000003,306.58799999999997
2026-03-12 07:44:52.823962,124.0,66.6,93.2,35.2,32.0,25.0,0.58,pm25,25.84,57.0,2.0,1016.0,10000,64.0,Clear,clear sky,7,3,12,3,0,1,115.66666666666667,68.16666666666667,103.63333333333331,108.5,65.10000000000001,97.95,117.58333333333333,69.41666666666667,104.27499999999999,127.91666666666667,76.3,114.57916666666667,-10.0,53.0,0.7145922670108126,0.9090908832644635,14.7288,133.2
2026-03-12 08:44:52.823962,216.0,130.7,196.2,32.0,28.5,7.9,0.43,pm25,34.34,66.0,3.03,1014.0,10000,23.0,Clear,clear sky,8,3,12,3,0,1,158.0,95.13333333333333,141.56666666666663,127.83333333333333,77.66666666666667,116.75,123.08333333333333,72.925,110.15833333333335,130.45833333333334,77.5125,116.175,92.0,127.0,0.6661569792754486,0.8906249721679697,22.6644,396.02099999999996
2026-03-12 09:44:52.823962,199.0,124.8,187.4,16.8,19.4,16.7,0.21,pm25,33.51,71.0,3.03,1006.0,10000,90.0,Clear,clear sky,9,3,12,3,0,1,179.66666666666666,107.36666666666667,158.9333333333333,138.83333333333334,85.8,128.83333333333334,127.0,76.81666666666666,117.14166666666665,131.70833333333334,78.42083333333333,118.13333333333333,-17.0,65.0,0.6659551725402605,1.154761836026081,23.7921,378.14399999999995
2026-03-12 10:44:52.823962,114.0,73.1,108.0,33.9,19.2,15.7,0.39,pm25,28.78,70.0,2.76,1015.0,10000,59.0,Clear,clear sky,10,3,12,3,0,1,176.33333333333334,109.53333333333335,163.86666666666665,146.0,88.85000000000001,133.75,125.41666666666667,76.11666666666666,115.29166666666667,131.41666666666666,78.7,118.13333333333333,-85.0,-10.0,0.6768518455847051,0.5663716647088005,20.146,201.75599999999997
2026-03-12 11:44:52.823962,112.0,60.8,91.2,15.8,24.9,21.6,0.62,pm25,28.92,58.0,3.01,1006.0,10000,82.0,Clear,clear sky,11,3,12,3,0,1,141.66666666666666,86.23333333333335,128.86666666666665,149.83333333333334,90.68333333333332,135.21666666666667,125.91666666666667,75.54166666666667,114.95833333333333,131.20833333333334,78.55416666666666,117.55833333333334,-2.0,-104.0,0.6666666593567252,1.575949267344983,16.773600000000002,183.00799999999998
2026-03-12 12:44:52.823962,133.0,82.5,141.2,33.1,29.2,15.2,0.46,pm25,31.1,68.0,5.61,1015.0,10000,54.0,Clear,clear sky,12,3,12,3,0,1,119.66666666666667,72.13333333333334,113.46666666666665,149.66666666666666,89.75,136.20000000000002,127.5,76.85833333333333,116.625,131.125,78.625,119.33333333333333,21.0,-66.0,0.5842776162586572,0.882175199934284,21.148000000000003,462.82500000000005
2026-03-12 13:44:52.823962,125.0,76.4,118.8,23.1,23.9,14.1,0.99,pm25,30.22,66.0,3.63,1010.0,10000,10.0,Clear,clear sky,13,3,12,3,0,1,123.33333333333333,73.23333333333333,117.06666666666665,149.83333333333334,91.38333333333333,140.46666666666667,129.16666666666666,78.24166666666666,119.20833333333333,131.79166666666666,79.05416666666667,120.20833333333333,-8.0,11.0,0.6430976376843633,1.034631989842771,19.9452,277.332
2026-03-12 14:44:52.823962,139.0,89.1,120.2,37.6,25.1,3.5,0.65,pm25,31.34,70.0,0.98,1017.0,10000,37.0,Clear,clear sky,14,3,12,3,0,1,132.33333333333334,82.66666666666667,126.7333333333333,137.0,84.45,127.8,132.41666666666666,81.05833333333332,122.27499999999999,132.0,79.45833333333333,120.44583333333333,14.0,27.0,0.7412645529012932,0.667553173735288,21.938000000000002,87.318
2026-03-12 15:44:52.823962,92.0,50.8,74.6,35.8,27.4,18.4,0.06,pm25,26.06,61.0,2.76,1016.0,10000,90.0,Clear,clear sky,15,3,12,3,0,1,118.66666666666667,72.10000000000001,104.53333333333332,119.16666666666667,72.11666666666666,109.0,129.0,78.95833333333333,118.91666666666667,130.5,78.19166666666666,118.425,-47.0,-41.0,0.6809651383248642,0.7653631071127625,15.8966,140.20799999999997
2026-03-12 16:44:52.823962,139.0,81.2,143.0,35.3,31.7,13.3,0.45,pm25,30.22,63.0,6.18,1016.0,10000,34.0,Clear,clear sky,16,3,12,3,0,1,123.33333333333333,73.7,112.59999999999998,123.33333333333333,73.46666666666667,114.83333333333333,134.66666666666666,81.15833333333333,124.29166666666667,129.375,77.37083333333332,117.67083333333333,47.0,14.0,0.5678321638613135,0.8980169717275647,19.0386,501.816
2026-03-12 17:44:52.823962,192.0,116.4,172.2,15.6,30.1,8.2,0.69,pm25,31.63,66.0,2.65,1006.0,10000,24.0,Clear,clear sky,17,3,12,3,0,1,141.0,82.80000000000001,129.9333333333333,136.66666666666666,82.73333333333333,128.33333333333334,143.25,86.70833333333333,131.775,131.375,78.64583333333333,119.76666666666667,53.0,53.0,0.6759581842278852,1.929487055802112,20.875799999999998,308.46
2026-03-12 18:44:52.823962,93.0,60.2,82.0,57.4,27.8,20.4,0.29,pm25,22.47,70.0,1.76,1027.0,10000,84.0,Clear,clear sky,18,3,12,3,0,1,141.33333333333334,85.93333333333334,132.39999999999998,130.0,79.01666666666667,118.46666666666665,139.83333333333334,84.38333333333334,127.33333333333333,130.58333333333334,78.32083333333333,118.43333333333334,-99.0,1.0,0.7341463325104106,0.484320549053649,15.729,105.95200000000001
2026-03-12 19:44:52.823962,162.0,103.2,157.0,34.1,28.3,17.0,0.31,pm25,25.28,71.0,3.32,1015.0,10000,82.0,Clear,clear sky,19,3,12,3,0,1,149.0,93.2666666666667,137.06666666666663,136.16666666666666,83.48333333333333,124.83333333333333,143.0,87.43333333333334,132.65,130.29166666666666,78.425,118.46250000000002,69.0,23.0,0.6573248365775488,0.8299119991228153,17.948800000000002,342.62399999999997
2026-03-12 20:44:52.823962,123.0,72.8,96.9,52.1,29.1,4.0,0.6,pm25,24.12,64.0,1.15,1024.0,10000,4.0,Clear,clear sky,20,3,12,3,0,1,126.0,78.73333333333335,111.96666666666665,133.5,80.76666666666667,120.94999999999999,135.25,82.60833333333333,124.375,129.16666666666666,77.76666666666667,117.26666666666665,-39.0,-69.0,0.7512899819268319,0.5585412560740642,15.4368,83.71999999999998
2026-03-12 21:44:52.823962,113.0,74.0,129.1,26.0,25.4,6.0,0.73,pm25,23.11,71.0,5.71,1011.0,10000,28.0,Clear,clear sky,21,3,12,3,0,1,132.66666666666666,83.33333333333336,127.66666666666667,137.0,84.63333333333334,130.03333333333333,128.08333333333334,78.375,119.51666666666667,127.54166666666667,77.59583333333333,118.32916666666667,-10.0,20.0,0.5731990660480321,0.9769230393491137,16.4081,422.54
2026-03-12 22:44:52.823962,131.0,84.8,138.6,34.1,14.7,23.9,0.16,pm25,24.94,71.0,4.7,1015.0,10000,18.0,Clear,clear sky,22,3,12,3,0,1,122.33333333333333,77.2,121.53333333333332,135.66666666666666,85.23333333333333,129.29999999999998,129.5,79.35,122.06666666666668,127.45833333333333,77.73333333333333,118.67916666666667,18.0,-31.0,0.6118326074182352,0.43108503134648,17.7074,398.56
2026-03-12 23:44:52.823962,111.0,68.4,92.4,22.2,7.4,24.5,0.35,pm25,22.87,67.0,1.46,1009.0,10000,54.0,Clear,clear sky,23,3,12,3,0,1,118.33333333333333,75.73333333333333,120.0333333333333,122.16666666666667,77.23333333333333,116.0,129.41666666666666,79.98333333333333,122.16666666666667,127.66666666666667,77.7625,118.5625,-20.0,-12.0,0.7402597322482714,0.333333318318319,15.322899999999999,99.864
2026-03-13 00:44:52.823962,130.0,74.4,114.0,35.1,30.2,19.8,0.24,pm25,28.03,62.0,3.35,1016.0,10000,4.0,Clear,clear sky,0,4,13,3,0,1,124.0,75.86666666666669,115.0,128.33333333333334,79.60000000000001,121.33333333333333,129.16666666666666,79.30833333333334,119.89999999999999,128.33333333333334,78.08333333333333,118.2625,19.0,17.0,0.6526315732225301,0.860398835886073,17.378600000000002,249.24000000000004
2026-03-13 01:44:52.823962,87.0,61.9,61.6,32.4,17.3,14.2,0.5,pm25,22.59,75.0,1.68,1014.0,10000,44.0,Clear,clear sky,1,4,13,3,0,1,109.33333333333333,68.23333333333335,89.33333333333333,115.83333333333333,72.71666666666667,105.43333333333334,126.0,78.10000000000001,115.13333333333334,127.58333333333333,78.17083333333333,117.17083333333333,-43.0,-44.0,1.0048701135573033,0.5339506008039939,16.9425,103.99199999999999
2026-03-13 02:44:52.823962,104.0,69.6,115.4,29.7,33.4,14.6,0.4,pm25,24.79,72.0,4.64,1013.0,10000,47.0,Clear,clear sky,2,4,13,3,0,1,107.0,68.63333333333334,97.0,112.66666666666667,72.18333333333334,108.51666666666667,123.08333333333333,76.47500000000001,114.73333333333333,127.75,78.76666666666667,118.50416666666668,17.0,-7.0,0.6031195788291197,1.124579086714509,17.848799999999997,322.94399999999996
2026-03-13 03:44:52.823962,101.0,59.3,106.6,20.9,28.9,18.0,0.85,pm25,24.44,64.0,5.64,1008.0,10000,83.0,Clear,clear sky,3,4,13,3,0,1,97.33333333333333,63.6,94.53333333333332,110.66666666666667,69.73333333333333,104.76666666666665,123.83333333333333,77.18333333333334,117.40000000000002,126.41666666666667,78.07083333333334,118.15833333333335,-3.0,-29.0,0.5562851730179628,1.382775053455739,15.6416,334.45199999999994
2026-03-13 04:44:52.823962,114.0,71.3,117.7,12.6,15.9,15.9,0.62,pm25,26.09,68.0,4.62,1004.0,10000,55.0,Clear,clear sky,4,4,13,3,0,1,106.33333333333333,66.73333333333333,113.23333333333333,107.83333333333333,67.48333333333333,101.28333333333335,121.75,76.35833333333333,115.29166666666667,128.20833333333334,78.75833333333334,119.79166666666667,13.0,27.0,0.6057773950231317,1.2619046617535985,17.7412,329.406
2026-03-13 05:44:52.823962,105.0,70.7,104.7,31.1,21.7,12.7,0.5,pm25,24.9,73.0,2.79,1014.0,10000,4.0,Clear,clear sky,5,4,13,3,0,1,106.66666666666667,67.10000000000001,109.66666666666667,106.83333333333333,67.86666666666666,103.33333333333333,114.5,72.55,109.66666666666667,128.875,79.62916666666666,120.72083333333335,-9.0,1.0,0.6752626487558486,0.6977491737058142,18.177,197.25300000000001
2026-03-13 06:44:52.823962,113.0,68.9,105.2,20.8,21.0,15.6,0.49,pm25,26.12,66.0,3.28,1008.0,10000,14.0,Clear,clear sky,6,4,13,3,0,1,110.66666666666667,70.30000000000001,109.19999999999999,104.0,66.95,101.86666666666667,116.16666666666667,73.27499999999999,111.60000000000001,128.0,78.82916666666667,119.46666666666665,8.0,12.0,0.6549429595537742,1.0096153360761857,17.2392,225.99200000000002
2026-03-13 07:44:52.823962,135.0,82.9,123.8,11.4,31.4,17.1,0.62,pm25,26.83,67.0,2.92,1004.0,10000,69.0,Clear,clear sky,7,4,13,3,0,1,117.66666666666667,74.16666666666669,111.23333333333333,112.0,70.45,112.23333333333333,113.91666666666667,71.58333333333333,108.83333333333333,128.45833333333334,79.50833333333334,120.74166666666667,22.0,21.0,0.6696284275474279,2.7543857232994977,17.9761,242.068
2026-03-13 08:44:52.823962,156.0,96.4,139.4,30.3,33.6,19.1,0.64,pm25,29.33,68.0,2.24,1013.0,10000,69.0,Clear,clear sky,8,4,13,3,0,1,134.66666666666666,82.73333333333335,122.8,120.66666666666667,74.91666666666667,116.23333333333335,116.66666666666667,73.55,112.375,125.95833333333333,78.07916666666667,118.375,21.0,51.0,0.6915351456848268,1.1089108544913908,19.944399999999998,215.93600000000004
2026-03-13 09:44:52.823962,140.0,87.1,123.6,30.2,31.7,9.0,0.61,pm25,28.61,68.0,1.93,1013.0,10000,26.0,Clear,clear sky,9,4,13,3,0,1,143.66666666666666,88.80000000000001,128.9333333333333,127.16666666666667,79.55,119.06666666666666,118.91666666666667,74.64166666666667,111.91666666666667,123.5,76.50833333333334,115.71666666666668,-16.0,27.0,0.7046925509329082,1.0496688394149392,19.4548,168.10299999999998
2026-03-13 10:44:52.823962,151.0,93.8,142.3,31.5,22.9,22.5,0.43,pm25,32.54,68.0,3.23,1014.0,10000,98.0,Clear,clear sky,10,4,13,3,0,1,149.0,92.43333333333335,135.1,133.33333333333334,83.3,123.16666666666667,120.58333333333333,75.39166666666667,112.22500000000001,125.04166666666667,77.37083333333334,117.14583333333333,11.0,16.0,0.6591707613550895,0.7269841039052665,22.1272,302.974
2026-03-13 11:44:52.823962,110.0,68.7,88.0,39.1,32.4,18.1,0.72,pm25,28.65,68.0,0.73,1018.0,10000,70.0,Clear,clear sky,11,4,13,3,0,1,133.66666666666666,83.2,117.96666666666665,134.16666666666666,82.96666666666667,120.38333333333334,120.5,75.41666666666667,111.85833333333333,124.95833333333333,77.7,117.01249999999999,-41.0,-46.0,0.7806818093104341,0.8286444800858189,19.482,50.151
2026-03-13 12:44:52.823962,116.0,70.4,121.4,41.2,7.1,13.4,0.45,pm25,29.39,66.0,5.38,1019.0,10000,48.0,Clear,clear sky,12,4,13,3,0,1,125.66666666666667,77.63333333333334,117.23333333333333,134.66666666666666,83.21666666666667,123.08333333333333,119.33333333333333,75.08333333333333,112.47500000000001,124.25,77.19583333333334,116.1875,6.0,-24.0,0.5799011484357401,0.17233009290460938,19.3974,378.752
2026-03-13 13:44:52.823962,144.0,86.0,132.6,27.2,13.0,24.7,0.67,pm25,32.07,65.0,3.55,1012.0,10000,59.0,Clear,clear sky,13,4,13,3,0,1,123.33333333333333,75.03333333333335,114.0,136.16666666666666,83.73333333333333,124.55000000000001,124.08333333333333,77.09166666666667,118.39166666666665,125.04166666666667,77.59583333333333,116.76249999999999,28.0,-7.0,0.6485671142641998,0.4779411588992221,20.8455,305.3
2026-03-13 14:44:52.823962,146.0,87.5,143.0,24.9,30.1,27.3,0.13,pm25,32.03,65.0,4.77,1010.0,10000,60.0,Clear,clear sky,14,4,13,3,0,1,135.33333333333334,81.30000000000001,132.33333333333334,134.5,82.25,125.15000000000002,127.58333333333333,78.58333333333333,120.69166666666666,125.33333333333333,77.52916666666667,117.71249999999999,2.0,36.0,0.6118881076091741,1.2088352928178598,20.8195,417.37499999999994
2026-03-13 15:44:52.823962,128.0,83.9,123.4,16.1,33.3,22.2,0.54,pm25,29.72,72.0,2.63,1006.0,10000,2.0,Clear,clear sky,15,4,13,3,0,1,139.33333333333334,85.80000000000001,133.0,132.5,81.71666666666667,125.11666666666667,129.83333333333334,80.63333333333334,122.09166666666665,126.83333333333333,78.90833333333335,119.74583333333334,-18.0,12.0,0.6799027497576763,2.0683228528992013,21.398400000000002,220.657
2026-03-13 16:44:52.823962,123.0,80.7,122.5,33.7,13.7,7.3,0.63,pm25,28.6,72.0,3.22,1015.0,10000,87.0,Clear,clear sky,16,4,13,3,0,1,132.33333333333334,84.03333333333335,129.63333333333333,127.83333333333333,79.53333333333335,121.81666666666666,130.58333333333334,81.41666666666667,122.49166666666667,126.16666666666667,78.8875,118.89166666666667,-5.0,-21.0,0.6587755048263224,0.4065281778478285,20.592000000000002,259.85400000000004
2026-03-13 17:44:52.823962,144.0,85.4,126.9,29.5,35.6,2.9,0.37,pm25,27.55,64.0,2.82,1013.0,10000,94.0,Clear,clear sky,17,4,13,3,0,1,131.66666666666666,83.33333333333334,124.26666666666665,133.5,82.31666666666668,128.29999999999998,133.83333333333334,82.64166666666667,124.34166666666668,124.16666666666667,77.59583333333333,117.00416666666666,21.0,-2.0,0.6729708378804504,1.2067796201091654,17.632,240.828
2026-03-13 18:44:52.823962,162.0,93.3,138.7,18.2,23.3,14.1,0.68,pm25,28.29,61.0,2.81,1007.0,10000,18.0,Clear,clear sky,18,4,13,3,0,1,143.0,86.46666666666668,129.36666666666665,141.16666666666666,86.13333333333333,131.18333333333334,137.91666666666666,84.675,127.13333333333333,127.04166666666667,78.97500000000001,119.36666666666666,18.0,34.0,0.6726748329295255,1.280219709878038,17.2569,262.173
2026-03-13 19:44:52.823962,141.0,85.5,138.3,22.9,16.4,18.5,1.13,pm25,23.53,66.0,4.49,1009.0,10000,8.0,Clear,clear sky,19,4,13,3,0,1,149.0,88.06666666666668,134.63333333333333,140.66666666666666,86.05,132.13333333333333,138.41666666666666,84.89166666666667,128.34166666666667,126.16666666666667,78.2375,118.58749999999999,-21.0,18.0,0.6182212536643438,0.7161571739669356,15.5298,383.89500000000004
2026-03-13 20:44:52.823962,157.0,97.2,136.0,13.5,22.5,18.3,0.39,pm25,27.57,68.0,1.54,1005.0,10000,2.0,Clear,clear sky,20,4,13,3,0,1,153.33333333333334,92.0,137.66666666666666,142.5,87.66666666666667,130.96666666666667,138.5,84.95833333333333,128.05833333333334,127.58333333333333,79.25416666666668,120.21666666666668,16.0,13.0,0.7147058770977509,1.6666665432098857,18.7476,149.68800000000002
2026-03-13 21:44:52.823962,104.0,50.6,73.8,23.1,35.0,16.0,0.42,pm25,22.14,53.0,2.69,1010.0,10000,55.0,Clear,clear sky,21,4,13,3,0,1,134.0,77.76666666666667,116.03333333333332,138.5,82.11666666666667,122.7,135.5,81.91666666666667,123.90833333333335,127.20833333333333,78.27916666666667,117.91249999999998,-53.0,-58.0,0.6856368470780916,1.5151514495605432,11.734200000000001,136.114
2026-03-13 22:44:52.823962,159.0,97.0,134.9,24.9,23.3,21.2,0.56,pm25,27.73,67.0,1.4,1010.0,10000,83.0,Clear,clear sky,22,4,13,3,0,1,140.0,81.60000000000001,114.89999999999998,144.5,84.83333333333333,124.76666666666667,136.16666666666666,82.18333333333334,123.29166666666667,128.375,78.7875,117.75833333333333,55.0,18.0,0.7190511436690056,0.9357429343075128,18.5791,135.79999999999998
2026-03-13 23:44:52.823962,145.0,88.6,144.3,17.8,22.7,19.1,0.58,pm25,26.3,67.0,4.71,1007.0,10000,89.0,Clear,clear sky,23,4,13,3,0,1,136.0,78.73333333333333,117.66666666666667,144.66666666666666,85.36666666666667,127.66666666666667,139.08333333333334,83.84166666666665,127.98333333333335,129.79166666666666,79.62916666666668,119.92083333333333,-14.0,-12.0,0.6139986097435993,1.275280827231414,17.621000000000002,417.306
2026-03-14 00:44:52.823962,119.0,72.9,118.2,39.9,16.2,11.9,0.76,pm25,26.69,67.0,4.33,1018.0,10000,34.0,Clear,clear sky,0,5,14,3,1,1,141.0,86.16666666666667,132.46666666666667,137.5,81.96666666666665,124.25,139.33333333333334,84.05,127.71666666666668,129.33333333333334,79.56666666666666,120.09583333333332,-26.0,15.0,0.6167512638176712,0.40601502741816975,17.8823,315.65700000000004
2026-03-14 01:44:52.823962,93.0,62.1,82.4,37.1,40.3,14.2,0.57,pm25,23.47,71.0,1.37,1017.0,10000,48.0,Clear,clear sky,1,5,14,3,1,1,119.0,74.53333333333335,114.96666666666665,129.5,78.06666666666666,114.93333333333334,135.08333333333334,82.05833333333334,123.53333333333335,129.58333333333334,79.575,120.96249999999999,-26.0,-66.0,0.7536407675529033,1.0862533399931713,16.6637,85.07700000000001
2026-03-14 02:44:52.823962,115.0,64.0,90.0,15.7,27.0,15.2,0.72,pm25,26.25,60.0,2.09,1006.0,10000,58.0,Clear,clear sky,2,5,14,3,1,1,109.0,66.33333333333334,96.86666666666666,122.5,72.53333333333333,107.26666666666667,132.5,80.10000000000001,119.11666666666667,130.04166666666666,79.34166666666667,119.90416666666665,22.0,-30.0,0.7111111032098767,1.7197451133920312,15.75,133.76
2026-03-14 03:44:52.823962,93.0,60.2,101.4,24.0,16.9,18.1,0.45,pm25,23.41,69.0,4.66,1010.0,10000,68.0,Clear,clear sky,3,5,14,3,1,1,100.33333333333333,62.1,91.26666666666667,120.66666666666667,74.13333333333333,111.86666666666667,129.58333333333334,78.125,117.28333333333335,129.70833333333334,79.37916666666668,119.6875,-22.0,-26.0,0.5936883570642174,0.7041666373263901,16.1529,280.53200000000004
2026-03-14 04:44:52.823962,107.0,62.3,81.1,44.9,34.6,11.2,0.4,pm25,25.19,63.0,1.14,1020.0,10000,34.0,Clear,clear sky,4,5,14,3,1,1,105.0,62.16666666666668,90.83333333333331,112.0,68.35,102.89999999999999,128.25,76.59166666666667,113.83333333333333,129.41666666666666,79.00416666666668,118.16250000000001,14.0,14.0,0.7681874134625474,0.7706013191402825,15.8697,71.02199999999999
2026-03-14 05:44:52.823962,108.0,70.0,106.1,42.5,31.9,11.5,0.56,pm25,25.33,70.0,3.17,1019.0,10000,27.0,Clear,clear sky,5,5,14,3,1,1,102.66666666666667,64.16666666666667,96.19999999999999,105.83333333333333,65.25,96.53333333333335,125.25,75.30833333333334,112.10000000000001,129.54166666666666,78.97500000000001,118.22083333333332,1.0,-7.0,0.6597549419438743,0.7505882176332184,17.730999999999998,221.9
2026-03-14 06:44:52.823962,100.0,53.5,84.4,34.5,14.1,17.1,0.66,pm25,24.73,59.0,3.62,1015.0,10000,59.0,Clear,clear sky,6,5,14,3,1,1,105.0,61.93333333333334,90.53333333333332,102.66666666666667,62.01666666666667,90.89999999999999,120.08333333333333,71.99166666666667,107.575,129.0,78.33333333333333,117.35416666666667,-8.0,7.0,0.63388624841367,0.40869564032766265,14.5907,193.67000000000002
2026-03-14 07:44:52.823962,155.0,91.6,134.8,19.7,31.5,16.5,0.05,pm25,28.5,64.0,2.61,1008.0,10000,64.0,Clear,clear sky,7,5,14,3,1,1,121.0,71.7,108.43333333333332,113.0,66.93333333333334,99.63333333333333,121.25,72.5,107.28333333333335,129.83333333333334,78.69583333333334,117.8125,55.0,48.0,0.6795252175109404,1.5989846904068685,18.24,239.07599999999996
2026-03-14 08:44:52.823962,149.0,96.9,136.8,23.6,21.9,12.2,0.49,pm25,28.75,72.0,1.72,1010.0,10000,13.0,Clear,clear sky,8,5,14,3,1,1,134.66666666666666,80.66666666666667,118.66666666666667,118.66666666666667,72.41666666666667,107.43333333333334,120.58333333333333,72.47500000000001,107.35000000000001,129.54166666666666,78.71666666666667,117.70416666666667,-6.0,41.0,0.7083333281554581,0.9279660623743192,20.7,166.668
2026-03-14 09:44:52.823962,129.0,86.3,141.9,24.6,34.8,16.1,0.42,pm25,27.67,74.0,4.87,1010.0,10000,97.0,Clear,clear sky,9,5,14,3,1,1,144.33333333333334,91.60000000000001,137.83333333333334,124.66666666666667,76.76666666666667,114.18333333333334,122.66666666666667,75.45,113.02499999999999,129.08333333333334,78.68333333333334,118.46666666666665,-20.0,29.0,0.6081747666795294,1.4146340888360125,20.475800000000003,420.281
2026-03-14 10:44:52.823962,151.0,88.9,127.5,39.7,22.0,8.4,0.41,pm25,32.54,63.0,2.13,1018.0,10000,20.0,Clear,clear sky,10,5,14,3,1,1,143.0,90.7,135.39999999999998,132.0,81.2,121.91666666666667,122.0,74.77499999999999,112.40833333333335,129.08333333333334,78.47916666666667,117.85000000000001,22.0,-4.0,0.6972548964921185,0.5541561573260414,20.5002,189.357
2026-03-14 11:44:52.823962,131.0,80.9,120.2,35.4,35.1,23.0,0.28,pm25,30.82,67.0,2.83,1016.0,10000,64.0,Clear,clear sky,11,5,14,3,1,1,137.0,85.36666666666667,129.86666666666665,135.83333333333334,83.01666666666667,124.26666666666667,120.83333333333333,74.13333333333334,110.39999999999999,129.95833333333334,78.9875,119.19166666666668,-20.0,-18.0,0.6730449195254167,0.9915253957196217,20.6494,228.94700000000003
2026-03-14 12:44:52.823962,147.0,78.8,127.4,45.2,22.2,26.5,0.72,pm25,32.54,55.0,4.37,1021.0,10000,63.0,Clear,clear sky,12,5,14,3,1,1,143.0,82.86666666666667,125.03333333333332,143.66666666666666,87.23333333333333,131.43333333333334,123.16666666666667,74.625,111.16666666666667,131.25,79.33749999999999,119.44166666666666,16.0,18.0,0.6185243279550681,0.4911504316117161,17.897000000000002,344.356
2026-03-14 13:44:52.823962,135.0,78.1,112.8,49.0,15.4,17.7,0.04,pm25,31.21,62.0,2.35,1022.0,10000,6.0,Clear,clear sky,13,5,14,3,1,1,137.66666666666666,79.26666666666668,120.13333333333333,140.33333333333334,84.98333333333333,127.76666666666665,126.66666666666667,75.95833333333333,113.7,130.875,79.00833333333334,118.61666666666667,-12.0,-16.0,0.6923758803867386,0.3142857078717203,19.3502,183.535
2026-03-14 14:44:52.823962,149.0,85.9,112.2,48.7,28.5,16.2,0.29,pm25,32.33,61.0,0.52,1022.0,10000,73.0,Clear,clear sky,14,5,14,3,1,1,143.66666666666666,80.93333333333335,117.46666666666665,140.33333333333334,83.14999999999999,123.66666666666667,129.5,77.78333333333333,115.55000000000001,131.0,78.94166666666666,117.33333333333333,14.0,18.0,0.7655971411265853,0.5852155937327393,19.7213,44.668000000000006
2026-03-14 15:44:52.823962,143.0,82.2,133.4,10.3,15.9,8.5,0.22,pm25,31.21,62.0,4.53,1003.0,10000,32.0,Clear,clear sky,15,5,14,3,1,1,142.33333333333334,82.06666666666668,119.46666666666664,142.66666666666666,82.46666666666667,122.25,133.66666666666666,79.61666666666666,118.21666666666665,131.625,78.87083333333332,117.75,-6.0,-4.0,0.6161918994288463,1.5436891705156146,19.3502,372.36600000000004
2026-03-14 16:44:52.823962,133.0,78.3,121.6,45.1,26.8,16.4,0.32,pm25,29.61,63.0,3.61,1021.0,10000,88.0,Clear,clear sky,16,5,14,3,1,1,141.66666666666666,82.13333333333334,122.39999999999998,139.66666666666666,80.7,121.26666666666667,135.83333333333334,80.95,121.59166666666668,132.04166666666666,78.77083333333333,117.71249999999999,-10.0,-2.0,0.6439144683888613,0.5942350200834807,18.6543,282.66299999999995
2026-03-14 17:44:52.823962,148.0,95.7,151.7,17.5,36.1,27.7,0.57,pm25,27.91,72.0,4.21,1007.0,10000,1.0,Clear,clear sky,17,5,14,3,1,1,141.33333333333334,85.40000000000002,135.56666666666663,142.5,83.16666666666667,126.51666666666667,139.16666666666666,83.09166666666667,125.39166666666667,132.20833333333334,79.2,118.74583333333334,15.0,-1.0,0.6308503583991407,2.0628570249795986,20.0952,402.897
2026-03-14 18:44:52.823962,141.0,89.9,157.5,37.4,15.5,11.4,0.35,pm25,26.54,70.0,6.39,1017.0,10000,34.0,Clear,clear sky,18,5,14,3,1,1,140.66666666666666,87.96666666666668,143.59999999999997,141.5,85.01666666666667,131.53333333333333,142.58333333333334,86.125,131.48333333333335,131.33333333333334,79.05833333333334,119.52916666666668,-7.0,-2.0,0.5707936471695642,0.41443849159255375,18.578,574.461
2026-03-14 19:44:52.823962,117.0,78.3,101.1,26.9,42.2,18.7,0.28,pm25,21.53,73.0,0.55,1011.0,10000,54.0,Clear,clear sky,19,5,14,3,1,1,135.33333333333334,87.96666666666668,136.76666666666665,138.5,85.05,129.58333333333334,139.41666666666666,85.01666666666667,128.67499999999998,130.33333333333334,78.75833333333334,117.97916666666667,-24.0,-16.0,0.774480704505631,1.5687731758820382,15.7169,43.065000000000005
2026-03-14 20:44:52.823962,120.0,64.0,74.8,24.5,32.6,19.9,0.51,pm25,23.75,57.0,0.18,1010.0,10000,73.0,Clear,clear sky,20,5,14,3,1,1,126.0,77.40000000000002,111.13333333333328,133.66666666666666,81.39999999999999,123.35000000000001,137.0,82.27499999999999,123.50833333333333,128.79166666666666,77.375,115.42916666666667,3.0,-28.0,0.8556149618233294,1.3306121905872574,13.5375,11.52
2026-03-14 21:44:52.823962,162.0,99.8,173.7,51.7,22.9,10.2,0.41,pm25,28.02,68.0,6.59,1024.0,10000,12.0,Clear,clear sky,21,5,14,3,1,1,133.0,80.7,116.5333333333333,136.83333333333334,84.33333333333333,130.0666666666667,139.75,83.39999999999999,126.15833333333335,131.20833333333334,79.425,119.59166666666668,42.0,21.0,0.5745538251321024,0.4429400301172141,19.0536,657.682
2026-03-14 22:44:52.823962,76.0,37.9,45.5,45.6,26.6,21.8,0.51,pm25,19.33,57.0,1.29,1021.0,10000,3.0,Clear,clear sky,22,5,14,3,1,1,119.33333333333333,67.23333333333333,97.99999999999996,127.33333333333333,77.60000000000001,117.38333333333333,133.5,79.15,119.325,127.75,76.9625,115.86666666666667,-86.0,-41.0,0.8329670146600656,0.583333320540936,11.018099999999999,48.891
2026-03-14 23:44:52.823962,101.0,57.8,86.7,47.4,31.5,16.2,0.29,pm25,21.89,62.0,3.0,1022.0,10000,62.0,Clear,clear sky,23,5,14,3,1,1,113.0,65.16666666666667,101.96666666666663,119.5,71.28333333333333,106.55,131.0,77.22500000000001,116.53333333333335,125.91666666666667,75.67916666666666,113.46666666666665,25.0,-19.0,0.6666666589773165,0.6645569480051278,13.571800000000001,173.39999999999998
2026-03-15 00:44:52.823962,122.0,65.6,110.9,5.8,19.9,18.6,0.99,pm25,27.12,57.0,4.87,1001.0,10000,80.0,Clear,clear sky,0,6,15,3,1,1,99.66666666666667,53.76666666666667,81.0333333333333,116.33333333333333,67.23333333333333,98.78333333333332,128.91666666666666,76.125,115.15833333333332,126.04166666666667,75.375,113.16250000000001,21.0,-40.0,0.591523890067413,3.431033891201053,15.458400000000001,319.472
2026-03-15 01:44:52.823962,87.0,48.6,81.7,15.7,24.4,22.9,0.23,pm25,22.63,62.0,4.31,1006.0,10000,77.0,Clear,clear sky,1,6,15,3,1,1,103.33333333333333,57.33333333333334,93.09999999999997,111.33333333333333,62.28333333333333,95.55,124.91666666666667,73.66666666666667,112.56666666666666,125.79166666666667,74.8125,113.13333333333334,-35.0,11.0,0.5948592338450522,1.5541400283987243,14.0306,209.46599999999998
2026-03-15 02:44:52.823962,121.0,77.2,112.9,16.8,30.0,14.9,0.57,pm25,26.92,70.0,2.57,1006.0,10000,49.0,Clear,clear sky,2,6,15,3,1,1,110.0,63.80000000000001,101.8333333333333,111.5,64.48333333333333,101.89999999999999,122.58333333333333,72.94166666666666,112.625,126.04166666666667,75.3625,114.08749999999999,34.0,20.0,0.6837909593995486,1.7857141794217748,18.844,198.404
2026-03-15 03:44:52.823962,130.0,70.6,134.4,29.8,31.8,16.4,0.41,pm25,28.11,57.0,7.28,1013.0,10000,94.0,Clear,clear sky,3,6,15,3,1,1,112.66666666666667,65.46666666666668,109.66666666666663,106.16666666666667,59.61666666666667,95.35000000000001,121.5,71.97500000000001,112.70833333333333,127.58333333333333,75.79583333333333,115.46249999999999,9.0,8.0,0.5252976151391546,1.067114058150535,16.0227,513.968
2026-03-15 04:44:52.823962,104.0,67.9,86.5,32.0,21.1,7.8,0.4,pm25,24.78,71.0,0.7,1014.0,10000,23.0,Clear,clear sky,4,6,15,3,1,1,118.33333333333333,71.90000000000002,111.26666666666664,110.83333333333333,64.61666666666667,102.18333333333334,119.08333333333333,71.10833333333333,109.78333333333335,127.45833333333333,76.02916666666667,115.6875,-26.0,17.0,0.7849710891910857,0.6593749793945319,17.5938,47.53
2026-03-15 05:44:52.823962,106.0,68.7,99.7,23.9,11.4,17.2,0.4,pm25,25.11,70.0,2.51,1010.0,10000,56.0,Clear,clear sky,5,6,15,3,1,1,113.33333333333333,69.06666666666668,106.86666666666663,111.66666666666667,66.43333333333334,104.35000000000001,115.58333333333333,68.85833333333333,105.44999999999999,127.375,75.975,115.42083333333335,2.0,-15.0,0.6890671946934083,0.47698742774111186,17.577,172.43699999999998
2026-03-15 06:44:52.823962,132.0,76.7,129.7,25.0,32.9,20.9,0.4,pm25,28.04,62.0,5.2,1011.0,10000,24.0,Clear,clear sky,6,6,15,3,1,1,114.0,71.10000000000001,105.29999999999995,113.33333333333333,68.28333333333333,107.48333333333333,114.83333333333333,67.75833333333333,103.13333333333333,128.70833333333334,76.94166666666666,117.30833333333334,26.0,2.0,0.5913646831814597,1.315999947360002,17.3848,398.84000000000003
2026-03-15 07:44:52.823962,190.0,119.7,169.4,27.3,20.5,9.2,0.69,pm25,31.46,71.0,1.46,1012.0,10000,20.0,Clear,clear sky,7,6,15,3,1,1,142.66666666666666,88.36666666666667,132.9333333333333,130.5,80.13333333333334,122.10000000000001,120.91666666666667,71.20833333333333,108.825,130.16666666666666,78.1125,118.75,58.0,86.0,0.7066115660766732,0.7509157234096804,22.336599999999997,174.762
2026-03-15 08:44:52.823962,145.0,92.5,146.9,27.2,29.0,18.6,0.6,pm25,28.39,70.0,4.21,1012.0,10000,84.0,Clear,clear sky,8,6,15,3,1,1,155.66666666666666,96.30000000000001,148.66666666666663,134.5,82.68333333333334,127.76666666666665,123.0,73.58333333333333,114.83333333333333,130.0,77.92916666666666,119.17083333333335,-45.0,39.0,0.6296800501723618,1.0661764313905724,19.873,389.425
2026-03-15 09:44:52.823962,204.0,123.4,208.2,15.0,19.1,11.4,0.38,pm25,33.95,66.0,6.46,1006.0,10000,23.0,Clear,clear sky,9,6,15,3,1,1,179.66666666666666,111.86666666666667,174.8333333333333,146.83333333333334,91.48333333333333,140.06666666666666,126.5,75.55,117.70833333333333,133.125,79.47500000000001,121.93333333333334,59.0,72.0,0.5926993247228659,1.2733332484444502,22.407000000000004,797.164
2026-03-15 10:44:52.823962,123.0,71.0,97.7,41.9,31.5,16.8,0.56,pm25,29.69,62.0,1.69,1019.0,10000,66.0,Clear,clear sky,10,6,15,3,1,1,157.33333333333334,95.63333333333334,150.9333333333333,150.0,92.0,141.93333333333334,130.41666666666666,78.30833333333332,122.05833333333334,131.95833333333334,78.72916666666667,120.69166666666666,-81.0,-67.0,0.72671442449627,0.7517899581911706,18.407799999999998,119.99
2026-03-15 11:44:52.823962,114.0,70.9,114.0,21.2,23.9,10.9,0.32,pm25,29.07,68.0,4.15,1009.0,10000,91.0,Clear,clear sky,11,6,15,3,1,1,147.0,88.43333333333335,139.96666666666664,151.33333333333334,92.36666666666667,144.31666666666666,131.5,79.4,124.33333333333333,131.25,78.3125,120.43333333333332,-9.0,-31.0,0.6219298191058789,1.1273584373887529,19.7676,294.23500000000007
2026-03-15 12:44:52.823962,140.0,84.9,128.2,24.9,19.9,9.7,0.78,pm25,31.82,66.0,3.12,1010.0,10000,21.0,Clear,clear sky,12,6,15,3,1,1,125.66666666666667,75.60000000000001,113.29999999999997,152.66666666666666,93.73333333333333,144.06666666666666,133.0,81.00833333333334,125.77500000000002,130.95833333333334,78.56666666666668,120.46666666666668,26.0,-64.0,0.6622464846938653,0.7991967550523391,21.001199999999997,264.88800000000003
2026-03-15 13:44:52.823962,88.0,57.5,70.0,23.6,26.0,18.3,0.37,pm25,26.41,70.0,0.55,1010.0,10000,94.0,Clear,clear sky,13,6,15,3,1,1,114.0,71.10000000000001,104.06666666666665,135.66666666666666,83.36666666666667,127.5,133.08333333333334,81.75,124.8,129.0,77.70833333333333,118.68333333333334,-52.0,-35.0,0.8214285596938777,1.1016948685722512,18.487000000000002,31.625000000000004
2026-03-15 14:44:52.823962,115.0,68.1,100.4,50.2,39.2,21.6,0.56,pm25,28.89,64.0,2.72,1023.0,10000,6.0,Clear,clear sky,14,6,15,3,1,1,114.33333333333333,70.16666666666669,99.5333333333333,130.66666666666666,79.3,119.74999999999999,132.58333333333334,80.99166666666667,123.75833333333333,127.58333333333333,76.96666666666667,118.19166666666668,27.0,1.0,0.6782868458337963,0.7808764784685961,18.4896,185.232
2026-03-15 15:44:52.823962,121.0,70.1,114.3,37.1,16.9,12.0,0.41,pm25,29.0,63.0,4.36,1017.0,10000,32.0,Clear,clear sky,15,6,15,3,1,1,108.0,65.23333333333333,94.89999999999998,116.83333333333333,70.41666666666667,104.10000000000001,131.83333333333334,80.95,122.08333333333331,126.66666666666667,76.4625,117.39583333333333,6.0,-19.0,0.6132983323420969,0.4555255941906848,18.27,305.636
2026-03-15 16:44:52.823962,102.0,60.5,87.4,38.6,18.6,12.9,0.25,pm25,26.49,64.0,2.49,1017.0,10000,31.0,Clear,clear sky,16,6,15,3,1,1,112.66666666666667,66.23333333333333,100.69999999999999,113.33333333333333,68.66666666666667,102.38333333333333,131.66666666666666,80.33333333333333,122.15833333333335,125.375,75.72083333333335,115.97083333333335,-19.0,14.0,0.6922196717137337,0.481865272490537,16.953599999999998,150.645
2026-03-15 17:44:52.823962,156.0,90.9,157.7,28.1,27.4,9.8,0.41,pm25,28.58,62.0,6.21,1012.0,10000,14.0,Clear,clear sky,17,6,15,3,1,1,126.33333333333333,73.83333333333334,119.8,120.33333333333333,72.0,109.66666666666667,135.83333333333334,82.18333333333334,126.99166666666667,125.70833333333333,75.52083333333333,116.22083333333332,54.0,41.0,0.5764109031299246,0.9750889332708563,17.7196,564.489
2026-03-15 18:44:52.823962,169.0,97.4,156.8,35.0,38.6,19.5,0.35,pm25,28.89,61.0,4.61,1016.0,10000,59.0,Clear,clear sky,18,6,15,3,1,1,142.33333333333334,82.93333333333335,133.96666666666667,125.16666666666667,74.08333333333333,114.43333333333332,138.91666666666666,83.90833333333333,129.25,126.875,75.83333333333333,116.19166666666666,13.0,48.0,0.6211734654261897,1.1028571113469399,17.6229,449.01400000000007
2026-03-15 19:44:52.823962,140.0,83.9,132.0,36.8,40.2,12.7,0.63,pm25,23.48,65.0,3.93,1016.0,10000,45.0,Clear,clear sky,19,6,15,3,1,1,155.0,90.73333333333335,148.83333333333334,133.83333333333334,78.48333333333333,124.76666666666665,134.75,80.925,126.13333333333333,127.83333333333333,76.06666666666668,117.47916666666667,-29.0,38.0,0.6356060557908633,1.092391274663281,15.262,329.72700000000003
2026-03-15 20:44:52.823962,127.0,81.9,127.3,41.4,16.1,12.0,0.3,pm25,24.45,71.0,3.65,1019.0,10000,34.0,Clear,clear sky,20,6,15,3,1,1,145.33333333333334,87.73333333333335,138.7,135.83333333333334,80.78333333333335,129.25,133.25,80.04166666666667,124.5,128.125,76.8125,119.66666666666667,-13.0,-29.0,0.6433621316310909,0.38888887949543777,17.3595,298.935
2026-03-15 21:44:52.823962,124.0,70.1,98.0,20.1,25.2,9.9,0.55,pm25,24.22,61.0,1.93,1008.0,10000,95.0,Clear,clear sky,21,6,15,3,1,1,130.33333333333334,78.63333333333334,119.09999999999998,136.33333333333334,80.78333333333333,126.53333333333335,126.58333333333333,75.60000000000001,115.31666666666666,126.54166666666667,75.575,116.5125,-3.0,-45.0,0.7153061151499376,1.2537312809088914,14.774199999999999,135.29299999999998
2026-03-15 22:44:52.823962,151.0,83.5,129.6,7.2,23.3,19.0,0.31,pm25,26.93,58.0,3.65,1002.0,10000,5.0,Clear,clear sky,22,6,15,3,1,1,134.0,78.50000000000001,118.3,144.5,84.61666666666666,133.5666666666667,128.91666666666666,76.64166666666667,117.97499999999998,129.66666666666666,77.47500000000001,120.01666666666667,27.0,11.0,0.6442901184854158,3.236110661651297,15.6194,304.775
2026-03-15 23:44:52.823962,155.0,87.1,136.4,35.3,35.0,15.2,0.38,pm25,27.3,59.0,3.85,1016.0,10000,51.0,Clear,clear sky,23,6,15,3,1,1,143.33333333333334,80.23333333333333,121.33333333333333,144.33333333333334,83.98333333333333,130.01666666666668,132.33333333333334,77.99166666666666,119.84166666666665,131.91666666666666,78.69583333333334,122.08750000000002,4.0,28.0,0.6385630451718252,0.991501388342737,16.107,335.335
2026-03-16 00:44:52.823962,108.0,64.7,93.4,21.0,13.9,11.9,0.53,pm25,25.31,65.0,2.45,1008.0,10000,38.0,Clear,clear sky,0,0,16,3,0,1,138.0,78.43333333333334,119.8,134.16666666666666,78.53333333333333,119.44999999999999,129.66666666666666,76.30833333333334,116.94166666666668,131.33333333333334,78.65833333333335,121.35833333333333,-47.0,-16.0,0.6927194786646736,0.661904730385489,16.4515,158.51500000000001
2026-03-16 01:44:52.823962,114.0,61.9,70.5,23.0,17.8,11.7,0.54,pm25,26.01,59.0,0.35,1009.0,10000,28.0,Clear,clear sky,1,0,16,3,0,1,125.66666666666667,71.23333333333333,100.10000000000001,129.83333333333334,74.86666666666666,109.2,131.83333333333334,76.675,116.98333333333335,132.45833333333334,79.21249999999999,120.89166666666665,6.0,-37.0,0.8780141719430614,0.7739130098298691,15.345900000000002,21.665
2026-03-16 02:44:52.823962,98.0,55.3,75.1,28.7,25.9,7.1,0.48,pm25,24.1,61.0,1.82,1012.0,10000,23.0,Clear,clear sky,2,0,16,3,0,1,106.66666666666667,60.63333333333335,79.66666666666667,125.0,70.43333333333332,100.5,130.41666666666666,75.60833333333333,114.875,131.5,78.3,119.31666666666668,-16.0,-57.0,0.7363515214866642,0.9024389929463765,14.701,100.646
2026-03-16 03:44:52.823962,109.0,61.5,73.5,47.8,40.7,14.8,0.32,pm25,25.37,61.0,0.18,1022.0,10000,50.0,Clear,clear sky,3,0,16,3,0,1,107.0,59.56666666666667,73.03333333333333,122.5,69.0,96.41666666666667,129.41666666666666,74.89166666666667,111.47500000000001,130.625,77.92083333333333,116.77916666666668,11.0,1.0,0.8367346824934057,0.8514644173333805,15.475700000000002,11.07
2026-03-16 04:44:52.823962,90.0,49.2,82.4,20.9,21.8,13.0,0.88,pm25,22.97,61.0,4.29,1008.0,10000,78.0,Clear,clear sky,4,0,16,3,0,1,99.0,55.33333333333334,77.0,112.33333333333333,63.28333333333333,88.55,128.41666666666666,73.95,111.05833333333334,130.04166666666666,77.14166666666667,116.60833333333333,-19.0,-24.0,0.5970873713945708,1.0430621510496578,14.011699999999998,211.068
2026-03-16 05:44:52.823962,117.0,64.8,98.1,29.8,26.9,13.9,0.65,pm25,26.38,60.0,3.15,1013.0,10000,18.0,Clear,clear sky,5,0,16,3,0,1,105.33333333333333,58.50000000000001,84.66666666666667,106.0,59.56666666666666,82.16666666666667,125.16666666666667,71.77499999999999,106.09166666666665,130.5,76.97916666666667,116.54166666666667,27.0,19.0,0.6605504519821565,0.9026845334669619,15.828,204.11999999999998
2026-03-16 06:44:52.823962,134.0,80.0,134.3,16.2,30.1,14.8,0.56,pm25,28.22,64.0,5.15,1006.0,10000,93.0,Clear,clear sky,6,0,16,3,0,1,113.66666666666667,64.66666666666667,104.93333333333334,110.33333333333333,62.11666666666667,88.98333333333333,122.25,70.325,104.21666666666665,130.58333333333334,77.11666666666667,116.73333333333333,17.0,25.0,0.5956813060634303,1.8580245766651495,18.0608,412.0
2026-03-16 07:44:52.823962,140.0,82.4,133.7,5.5,19.1,21.1,0.74,pm25,27.19,64.0,4.51,1001.0,10000,76.0,Clear,clear sky,7,0,16,3,0,1,130.33333333333334,75.73333333333333,122.03333333333335,114.66666666666667,65.53333333333335,99.51666666666667,122.25,70.2,104.35833333333333,128.5,75.5625,115.24583333333334,6.0,50.0,0.6163051561981665,3.472726641322429,17.401600000000002,371.624
2026-03-16 08:44:52.823962,129.0,83.4,124.4,31.7,27.9,16.8,0.91,pm25,26.99,71.0,2.89,1014.0,10000,83.0,Clear,clear sky,8,0,16,3,0,1,134.33333333333334,81.93333333333335,130.79999999999998,119.83333333333333,70.21666666666667,107.73333333333333,122.41666666666667,70.325,104.11666666666667,127.83333333333333,75.18333333333334,114.30833333333332,-11.0,12.0,0.6704180010416559,0.8801261552010676,19.1629,241.02600000000004
2026-03-16 09:44:52.823962,183.0,111.5,167.1,41.8,21.8,20.0,0.42,pm25,32.23,66.0,2.99,1019.0,10000,85.0,Clear,clear sky,9,0,16,3,0,1,150.66666666666666,92.43333333333335,141.73333333333335,132.16666666666666,78.55,123.33333333333333,127.33333333333333,73.77499999999999,109.875,126.95833333333333,74.6875,112.59583333333335,54.0,49.0,0.6672651067189401,0.5215310880016487,21.2718,333.38500000000005
2026-03-16 10:44:52.823962,122.0,73.7,110.8,25.1,39.8,20.0,0.63,pm25,29.55,66.0,3.05,1011.0,10000,77.0,Clear,clear sky,10,0,16,3,0,1,144.66666666666666,89.53333333333335,134.1,137.5,82.63333333333334,128.06666666666666,124.91666666666667,72.95833333333333,108.30833333333334,126.91666666666667,74.8,113.14166666666667,-61.0,-18.0,0.6651624488703751,1.58565730734433,19.503,224.785
2026-03-16 11:44:52.823962,109.0,71.0,116.6,42.1,23.5,18.7,0.48,pm25,28.53,71.0,4.51,1019.0,10000,92.0,Clear,clear sky,11,0,16,3,0,1,138.0,85.40000000000002,131.5,136.16666666666666,83.66666666666667,131.15,121.08333333333333,71.61666666666666,106.65833333333335,126.70833333333333,74.80416666666667,113.25,-13.0,-20.0,0.6089193772819951,0.5581947610880105,20.2563,320.21
2026-03-16 12:44:52.823962,105.0,73.9,115.2,19.8,23.6,9.0,0.29,pm25,28.25,76.0,3.64,1008.0,10000,16.0,Clear,clear sky,12,0,16,3,0,1,112.0,72.86666666666667,114.2,131.33333333333334,82.65,127.96666666666665,120.83333333333333,72.38333333333334,108.47499999999998,125.25,74.34583333333333,112.70833333333333,-4.0,-78.0,0.6414930499870396,1.1919191317212559,21.47,268.99600000000004
2026-03-16 13:44:52.823962,168.0,96.7,137.3,32.2,26.1,14.1,0.65,pm25,34.56,61.0,1.85,1014.0,10000,11.0,Clear,clear sky,13,0,16,3,0,1,127.33333333333333,80.53333333333335,123.03333333333335,136.0,85.03333333333333,128.56666666666666,125.33333333333333,75.28333333333333,114.04166666666667,128.58333333333334,75.97916666666667,115.51249999999999,63.0,46.0,0.7042971543751118,0.810558981038541,21.0816,178.895
2026-03-16 14:44:52.823962,147.0,94.9,143.8,30.5,24.0,16.3,0.7,pm25,32.09,72.0,3.23,1013.0,10000,94.0,Clear,clear sky,14,0,16,3,0,1,140.0,88.5,132.10000000000002,139.0,86.95,131.79999999999998,129.41666666666666,78.58333333333333,119.76666666666667,129.91666666666666,77.09583333333335,117.32083333333333,-21.0,38.0,0.6599443625873131,0.7868852201021239,23.104800000000004,306.52700000000004
2026-03-16 15:44:52.823962,127.0,81.6,124.5,61.3,31.3,12.1,0.32,pm25,29.66,70.0,3.31,1029.0,10000,3.0,Clear,clear sky,15,0,16,3,0,1,147.33333333333334,91.06666666666668,135.20000000000002,129.66666666666666,81.96666666666667,124.7,130.91666666666666,80.25833333333334,124.01666666666667,130.16666666666666,77.575,117.74583333333334,-20.0,22.0,0.6554216814825568,0.5106035805774294,20.761999999999997,270.096
2026-03-16 16:44:52.823962,171.0,97.9,126.1,30.2,29.4,7.1,0.94,pm25,33.44,60.0,0.1,1013.0,10000,26.0,Clear,clear sky,16,0,16,3,0,1,148.33333333333334,91.46666666666668,131.46666666666667,137.83333333333334,86.0,127.25,137.66666666666666,84.31666666666666,127.65833333333332,133.04166666666666,79.13333333333334,119.35833333333333,44.0,3.0,0.7763679557782082,0.9735099015394072,20.064,9.790000000000001
2026-03-16 17:44:52.823962,160.0,100.8,153.2,23.3,33.0,9.7,0.75,pm25,28.91,70.0,3.31,1010.0,10000,29.0,Clear,clear sky,17,0,16,3,0,1,152.66666666666666,93.43333333333334,134.6,146.33333333333334,90.96666666666668,133.35,141.25,87.31666666666666,132.25,133.20833333333334,79.54583333333333,119.17083333333335,-11.0,13.0,0.6579634421803954,1.4163089520897445,20.237000000000002,333.64799999999997
2026-03-16 18:44:52.823962,160.0,92.7,134.1,23.3,21.7,7.2,0.27,pm25,28.13,62.0,2.27,1010.0,10000,25.0,Clear,clear sky,18,0,16,3,0,1,163.66666666666666,97.13333333333334,137.79999999999998,155.5,94.10000000000001,136.5,143.41666666666666,88.375,132.23333333333335,132.83333333333334,79.35000000000001,118.22500000000001,0.0,33.0,0.6912751626303121,0.931330432131741,17.4406,210.429
2026-03-16 19:44:52.823962,152.0,88.3,151.9,10.7,19.0,13.0,0.57,pm25,24.47,62.0,5.91,1003.0,10000,31.0,Clear,clear sky,19,0,16,3,0,1,157.33333333333334,93.93333333333334,146.39999999999998,152.83333333333334,92.7,138.93333333333334,144.41666666666666,88.86666666666667,133.75,133.33333333333334,79.53333333333333,119.05416666666667,-8.0,-19.0,0.5813034853107077,1.7757007686260966,15.171399999999998,521.853
2026-03-16 20:44:52.823962,143.0,84.7,138.0,21.8,19.9,15.8,0.25,pm25,26.14,64.0,4.65,1009.0,10000,61.0,Clear,clear sky,20,0,16,3,0,1,151.66666666666666,88.56666666666668,141.33333333333334,152.16666666666666,91.0,137.96666666666667,145.58333333333334,88.97500000000001,134.88333333333333,134.0,79.65,119.5,-9.0,-17.0,0.613768111494434,0.9128439948236698,16.7296,393.855
2026-03-16 21:44:52.823962,152.0,89.7,130.3,1.9,18.2,21.2,0.4,pm25,27.03,63.0,2.37,999.0,10000,13.0,Clear,clear sky,21,0,16,3,0,1,149.0,87.56666666666668,140.0666666666667,156.33333333333334,92.35000000000001,138.9333333333333,143.0,87.15833333333332,131.81666666666666,135.16666666666666,80.46666666666665,120.84583333333332,9.0,-8.0,0.688411353120404,9.57894232687246,17.0289,212.58900000000003
2026-03-16 22:44:52.823962,159.0,84.4,117.4,25.2,31.9,7.4,0.52,pm25,27.69,54.0,1.61,1011.0,10000,30.0,Clear,clear sky,22,0,16,3,0,1,151.33333333333334,86.26666666666667,128.5666666666667,154.33333333333334,90.10000000000001,137.48333333333335,146.08333333333334,88.05000000000001,132.36666666666667,135.5,80.50416666666666,120.33749999999999,7.0,7.0,0.7189097042682309,1.2658729656399617,14.9526,135.88400000000001
2026-03-16 23:44:52.823962,160.0,96.3,124.1,16.3,29.6,15.0,0.58,pm25,27.8,65.0,0.05,1006.0,10000,49.0,Clear,clear sky,23,0,16,3,0,1,157.0,90.13333333333334,123.93333333333334,154.33333333333334,89.35000000000001,132.63333333333333,150.33333333333334,90.15833333333335,132.99166666666665,135.70833333333334,80.8875,119.82499999999999,1.0,17.0,0.775987100918718,1.8159508088373735,18.07,4.815
2026-03-17 00:44:52.823962,124.0,65.2,91.4,28.5,19.6,21.4,0.4,pm25,27.35,56.0,2.04,1012.0,10000,97.0,Clear,clear sky,0,1,17,3,0,1,147.66666666666666,81.96666666666668,110.96666666666665,148.33333333333334,84.76666666666667,125.5166666666667,151.91666666666666,89.43333333333334,131.00833333333333,136.375,80.90833333333333,119.74166666666667,-36.0,-28.0,0.7133479134207011,0.6877192741151132,15.316,133.008
2026-03-17 01:44:52.823962,134.0,79.0,115.5,36.1,15.2,16.3,0.35,pm25,28.59,64.0,2.56,1016.0,10000,34.0,Clear,clear sky,1,1,17,3,0,1,139.33333333333334,80.16666666666667,110.33333333333333,145.33333333333334,83.21666666666667,119.45,149.08333333333334,87.95833333333333,129.19166666666666,137.20833333333334,81.62083333333334,121.61666666666667,10.0,-25.0,0.6839826780607561,0.4210526199154399,18.2976,202.24
2026-03-17 02:44:52.823962,84.0,50.7,68.1,12.9,16.7,15.7,0.45,pm25,22.31,65.0,1.81,1004.0,10000,30.0,Clear,clear sky,2,1,17,3,0,1,114.0,64.96666666666668,91.66666666666667,135.5,77.55000000000001,107.8,143.83333333333334,84.275,122.88333333333333,136.625,81.42916666666666,121.32499999999999,-50.0,-76.0,0.7444933811381297,1.2945735430563146,14.501499999999998,91.76700000000001
2026-03-17 03:44:52.823962,99.0,66.0,100.1,24.3,17.1,20.6,0.41,pm25,24.11,72.0,3.17,1010.0,10000,71.0,Clear,clear sky,3,1,17,3,0,1,105.66666666666667,65.23333333333335,94.56666666666666,126.66666666666667,73.60000000000001,102.76666666666667,141.5,82.97500000000001,120.85000000000001,136.20833333333334,81.61666666666666,122.43333333333332,15.0,-25.0,0.6593406527538397,0.7037036747447047,17.3592,209.22
2026-03-17 04:44:52.823962,126.0,82.6,113.8,36.4,21.4,9.0,0.38,pm25,27.53,72.0,1.49,1016.0,10000,10.0,Clear,clear sky,4,1,17,3,0,1,103.0,66.43333333333334,94.0,121.16666666666667,73.3,102.16666666666667,137.75,81.7,119.825,137.70833333333334,83.00833333333334,123.74166666666667,27.0,-8.0,0.7258347915128753,0.5879120717606574,19.8216,123.07399999999998
2026-03-17 05:44:52.823962,107.0,66.8,83.5,21.9,6.6,18.5,0.21,pm25,25.22,67.0,0.49,1009.0,10000,53.0,Clear,clear sky,5,1,17,3,0,1,110.66666666666667,71.80000000000001,99.13333333333333,112.33333333333333,68.38333333333334,95.39999999999999,133.33333333333334,78.86666666666666,114.01666666666667,137.29166666666666,83.09166666666667,123.13333333333333,-19.0,23.0,0.7999999904191618,0.3013698492525183,16.8974,32.732
2026-03-17 06:44:52.823962,113.0,57.2,91.5,36.8,27.4,13.7,0.12,pm25,26.1,54.0,3.86,1016.0,10000,19.0,Clear,clear sky,6,1,17,3,0,1,115.33333333333333,68.86666666666667,96.26666666666667,110.5,67.05,95.41666666666667,129.41666666666666,75.90833333333335,110.46666666666665,136.41666666666666,82.14166666666667,121.35000000000001,6.0,14.0,0.6251366051897639,0.7445651971585545,14.094000000000001,220.792
2026-03-17 07:44:52.823962,168.0,103.9,163.4,20.0,5.0,9.6,0.61,pm25,29.61,68.0,4.14,1008.0,10000,47.0,Clear,clear sky,7,1,17,3,0,1,129.33333333333334,75.96666666666668,112.8,116.16666666666667,71.2,103.39999999999999,130.75,77.20833333333333,111.425,137.58333333333334,83.03750000000001,122.58749999999999,55.0,42.0,0.6358629092052454,0.2499999875000006,20.1348,430.146
2026-03-17 08:44:52.823962,171.0,105.2,168.1,30.8,15.6,24.7,0.07,pm25,30.57,68.0,4.56,1013.0,10000,62.0,Clear,clear sky,8,1,17,3,0,1,150.66666666666666,88.76666666666667,141.0,130.66666666666666,80.28333333333333,120.06666666666666,133.08333333333334,78.91666666666667,113.93333333333334,139.33333333333334,83.94583333333334,124.40833333333335,3.0,64.0,0.6258179617738373,0.5064934900489126,20.7876,479.712
2026-03-17 09:44:52.823962,167.0,107.8,162.9,30.2,31.5,17.3,0.76,pm25,30.81,73.0,3.19,1013.0,10000,70.0,Clear,clear sky,9,1,17,3,0,1,168.66666666666666,105.63333333333334,164.79999999999998,142.0,87.25,130.53333333333333,134.33333333333334,80.425,116.65000000000002,138.66666666666666,83.79166666666667,124.23333333333333,-4.0,54.0,0.6617556742679209,1.0430463230779363,22.491300000000003,343.882
2026-03-17 10:44:52.823962,140.0,89.9,133.2,46.3,20.7,21.3,0.55,pm25,31.44,71.0,2.74,1021.0,10000,79.0,Clear,clear sky,10,1,17,3,0,1,159.33333333333334,100.96666666666668,154.73333333333332,144.33333333333334,88.46666666666665,133.76666666666665,132.75,80.88333333333334,117.96666666666665,139.41666666666666,84.46666666666665,125.16666666666667,-27.0,-28.0,0.6749249198579211,0.4470842236050924,22.322400000000002,246.32600000000002
2026-03-17 11:44:52.823962,104.0,65.3,106.7,19.1,3.2,25.3,0.69,pm25,28.03,68.0,4.32,1008.0,10000,52.0,Clear,clear sky,11,1,17,3,0,1,137.0,87.66666666666669,134.26666666666668,143.83333333333334,88.21666666666665,137.63333333333333,128.08333333333334,78.3,116.51666666666667,139.20833333333334,84.22916666666667,124.75416666666668,-36.0,-67.0,0.6119962454358364,0.16753925824401789,19.0604,282.096
2026-03-17 12:44:52.823962,79.0,46.5,76.7,44.2,11.9,14.7,0.85,pm25,25.68,64.0,4.05,1020.0,10000,49.0,Clear,clear sky,12,1,17,3,0,1,107.66666666666667,67.23333333333335,105.53333333333335,138.16666666666666,86.43333333333334,135.16666666666666,124.33333333333333,76.74166666666666,115.29166666666667,138.125,83.0875,123.14999999999999,-25.0,-88.0,0.6062581407267518,0.2692307631395755,16.4352,188.325
2026-03-17 13:44:52.823962,116.0,69.3,104.2,35.9,26.0,11.0,0.48,pm25,29.28,65.0,3.05,1016.0,10000,8.0,Clear,clear sky,13,1,17,3,0,1,99.66666666666667,60.366666666666674,95.86666666666667,129.5,80.66666666666667,125.3,122.83333333333333,75.93333333333334,114.35000000000001,135.95833333333334,81.94583333333334,121.77083333333333,37.0,-24.0,0.6650671721202767,0.7242339631132602,19.032,211.36499999999998
2026-03-17 14:44:52.823962,142.0,79.8,119.8,23.8,30.9,15.9,0.35,pm25,31.61,60.0,3.01,1010.0,10000,60.0,Clear,clear sky,14,1,17,3,0,1,112.33333333333333,65.2,100.23333333333335,124.66666666666667,76.43333333333332,117.25,127.66666666666667,78.35833333333333,118.65833333333335,135.75,81.31666666666666,120.77083333333333,26.0,38.0,0.6661101780792139,1.2983192731798623,18.965999999999998,240.19799999999998
2026-03-17 15:44:52.823962,115.0,72.8,120.4,39.7,23.2,16.7,0.55,pm25,28.39,69.0,4.67,1018.0,10000,90.0,Clear,clear sky,15,1,17,3,0,1,124.33333333333333,73.96666666666668,114.8,116.0,70.6,110.16666666666667,129.0,78.925,120.34999999999998,135.25,80.95,120.60000000000001,-27.0,36.0,0.6046511577686781,0.5843828568165527,19.589100000000002,339.976
2026-03-17 16:44:52.823962,127.0,65.2,108.5,41.1,22.0,17.6,0.45,pm25,29.02,54.0,4.62,1019.0,10000,80.0,Clear,clear sky,16,1,17,3,0,1,128.0,72.60000000000001,116.23333333333335,113.83333333333333,66.48333333333333,106.05,129.08333333333334,77.47500000000001,119.90833333333335,133.41666666666666,79.58749999999999,119.86666666666667,12.0,11.0,0.6009216534477267,0.5352797923289588,15.6708,301.22400000000005
2026-03-17 17:44:52.823962,139.0,82.5,120.5,48.7,29.1,24.7,0.02,pm25,27.16,64.0,2.51,1022.0,10000,68.0,Clear,clear sky,17,1,17,3,0,1,127.0,73.50000000000001,116.46666666666665,119.66666666666667,69.35,108.35000000000001,131.75,78.78333333333333,122.99166666666667,132.54166666666666,78.825,118.50416666666666,12.0,-3.0,0.684647297222844,0.5975359220218497,17.3824,207.075
2026-03-17 18:44:52.823962,159.0,92.8,148.1,34.1,24.9,16.5,0.23,pm25,28.07,62.0,4.34,1015.0,10000,99.0,Clear,clear sky,18,1,17,3,0,1,141.66666666666666,80.16666666666669,125.7,133.0,77.06666666666666,120.25,135.58333333333334,81.75,127.70833333333333,132.5,78.82916666666667,119.08749999999999,20.0,44.0,0.6266036419540605,0.7302052571787314,17.403399999999998,402.75199999999995
2026-03-17 19:44:52.823962,171.0,112.5,166.2,37.3,22.8,13.5,0.59,pm25,26.08,75.0,2.61,1017.0,10000,15.0,Clear,clear sky,19,1,17,3,0,1,156.33333333333334,95.93333333333334,144.9333333333333,142.16666666666666,84.26666666666667,130.58333333333334,135.83333333333334,82.46666666666665,127.94166666666666,133.29166666666666,79.83749999999999,119.68333333333332,12.0,44.0,0.6768953027864303,0.6112600372316345,19.56,293.625
2026-03-17 20:44:52.823962,116.0,63.8,100.5,51.6,17.4,15.7,0.63,pm25,23.41,59.0,3.71,1024.0,10000,3.0,Clear,clear sky,20,1,17,3,0,1,148.66666666666666,89.7,138.26666666666665,137.83333333333334,81.60000000000001,127.36666666666666,131.25,79.01666666666667,122.30833333333334,132.16666666666666,78.96666666666665,118.12083333333332,-55.0,-23.0,0.6348258643300909,0.3372092957905175,13.811900000000001,236.69799999999998
2026-03-17 21:44:52.823962,134.0,79.8,106.0,44.1,20.7,22.2,0.44,pm25,25.25,64.0,0.95,1020.0,10000,76.0,Clear,clear sky,21,1,17,3,0,1,140.33333333333334,85.36666666666667,124.2333333333333,141.0,82.76666666666667,124.96666666666665,128.5,76.68333333333332,117.56666666666668,131.41666666666666,78.55416666666667,117.10833333333333,18.0,-25.0,0.7528301815770737,0.46938774445832776,16.16,75.80999999999999
2026-03-17 22:44:52.823962,152.0,86.1,128.6,26.7,26.4,6.5,0.46,pm25,26.98,60.0,2.92,1011.0,10000,26.0,Clear,clear sky,22,1,17,3,0,1,134.0,76.56666666666666,111.7,145.16666666666666,86.25,128.31666666666666,129.5,76.36666666666666,117.18333333333334,131.125,78.625,117.575,18.0,-19.0,0.669517879708259,0.9887640079114604,16.188,251.41199999999998
2026-03-17 23:44:52.823962,132.0,82.0,130.1,24.9,29.1,18.7,0.34,pm25,25.01,68.0,4.06,1010.0,10000,84.0,Clear,clear sky,23,1,17,3,0,1,139.33333333333334,82.63333333333334,121.56666666666666,144.0,86.16666666666667,129.91666666666666,131.83333333333334,77.75833333333334,119.13333333333333,129.95833333333334,78.02916666666667,117.825,-20.0,16.0,0.6302843917733714,1.1686746518604558,17.006800000000002,332.91999999999996
2026-03-18 00:44:52.823962,130.0,77.9,127.9,21.9,32.1,17.0,0.53,pm25,28.1,65.0,4.65,1009.0,10000,66.0,Clear,clear sky,0,2,18,3,0,1,138.0,82.0,128.86666666666667,139.16666666666666,83.68333333333334,126.55,136.08333333333334,80.375,123.39999999999999,130.20833333333334,78.55833333333334,119.34583333333335,-2.0,-4.0,0.6090695808516843,1.4657533577281572,18.265,362.23500000000007
2026-03-18 01:44:52.823962,136.0,85.4,117.3,31.3,26.3,19.0,0.65,pm25,28.89,69.0,1.38,1014.0,10000,91.0,Clear,clear sky,1,2,18,3,0,1,132.66666666666666,81.7666666666667,125.09999999999998,133.33333333333334,79.16666666666667,118.39999999999999,137.75,81.71666666666665,124.49166666666666,130.29166666666666,78.825,119.42083333333333,6.0,-16.0,0.7280477346287492,0.8402555642090874,19.9341,117.852
2026-03-18 02:44:52.823962,114.0,66.4,119.5,36.5,29.7,9.4,0.81,pm25,26.02,63.0,5.98,1016.0,10000,20.0,Clear,clear sky,2,2,18,3,0,1,126.66666666666667,76.56666666666668,121.56666666666666,133.0,79.60000000000001,121.56666666666666,135.41666666666666,80.60000000000001,124.46666666666665,131.54166666666666,79.47916666666667,121.5625,-22.0,-18.0,0.5556485309150752,0.8136986078438738,16.3926,397.07200000000006
2026-03-18 03:44:52.823962,124.0,78.3,121.9,26.2,31.1,14.6,0.61,pm25,27.31,69.0,3.65,1011.0,10000,45.0,Clear,clear sky,3,2,18,3,0,1,124.66666666666667,76.7,119.56666666666666,131.33333333333334,79.35000000000001,124.21666666666668,136.16666666666666,81.05833333333334,124.59166666666665,132.58333333333334,79.99166666666666,122.47083333333335,10.0,-6.0,0.6423297732376556,1.187022855457143,18.843899999999998,285.79499999999996
2026-03-18 04:44:52.823962,94.0,55.4,67.5,13.6,23.1,8.1,0.62,pm25,23.58,64.0,0.65,1005.0,10000,20.0,Clear,clear sky,4,2,18,3,0,1,110.66666666666667,66.70000000000002,102.96666666666665,121.66666666666667,74.23333333333333,114.03333333333335,133.41666666666666,80.24166666666666,121.175,131.25,78.85833333333333,120.54166666666667,-30.0,-42.0,0.8207407285816188,1.6985292868728468,15.091199999999999,36.01
2026-03-18 05:44:52.823962,118.0,75.1,114.5,33.0,31.5,15.6,0.36,pm25,26.56,69.0,3.27,1015.0,10000,56.0,Clear,clear sky,5,2,18,3,0,1,112.0,69.60000000000001,101.3,119.33333333333333,73.08333333333333,111.43333333333334,131.66666666666666,79.625,120.675,131.70833333333334,79.20416666666667,121.83333333333333,24.0,4.0,0.6558951907782079,0.9545454256198357,18.3264,245.57699999999997
2026-03-18 06:44:52.823962,158.0,97.2,163.0,40.7,19.0,19.4,0.41,pm25,30.6,68.0,5.58,1018.0,10000,77.0,Clear,clear sky,6,2,18,3,0,1,123.33333333333333,75.90000000000002,115.0,124.0,76.3,117.28333333333335,131.58333333333334,79.99166666666667,121.91666666666667,133.58333333333334,80.87083333333334,124.8125,40.0,34.0,0.5963190147465092,0.46683045536043105,20.808000000000003,542.376
2026-03-18 07:44:52.823962,108.0,66.8,106.6,34.2,27.5,9.1,0.42,pm25,24.53,67.0,3.95,1015.0,10000,17.0,Clear,clear sky,7,2,18,3,0,1,128.0,79.7,128.03333333333333,119.33333333333333,73.2,115.5,126.33333333333333,76.18333333333334,116.94999999999999,131.08333333333334,79.325,122.44583333333333,-50.0,14.0,0.6266416451534556,0.8040935437399549,16.4351,263.86
2026-03-18 08:44:52.823962,144.0,88.0,150.1,21.0,22.3,17.1,0.52,pm25,28.27,67.0,5.71,1008.0,10000,86.0,Clear,clear sky,8,2,18,3,0,1,136.66666666666666,84.00000000000001,139.9,124.33333333333333,76.8,120.60000000000001,128.66666666666666,78.2,121.08333333333333,129.95833333333334,78.60833333333333,121.69583333333333,36.0,26.0,0.5862758122166835,1.0619047113378708,18.9409,502.48
2026-03-18 09:44:52.823962,175.0,106.0,158.1,37.0,1.8,10.6,0.3,pm25,31.49,66.0,2.85,1017.0,10000,49.0,Clear,clear sky,9,2,18,3,0,1,142.33333333333334,86.93333333333334,138.26666666666665,132.83333333333334,81.41666666666667,126.63333333333333,132.08333333333334,80.38333333333334,125.425,130.29166666666666,78.53333333333333,121.49583333333332,31.0,17.0,0.6704617288395843,0.04864864733382035,20.783399999999997,302.1
2026-03-18 10:44:52.823962,117.0,68.5,106.7,21.1,23.4,17.2,0.5,pm25,29.11,63.0,3.59,1009.0,10000,93.0,Clear,clear sky,10,2,18,3,0,1,145.33333333333334,87.5,138.29999999999998,136.66666666666666,83.6,133.16666666666666,129.16666666666666,78.91666666666667,123.60000000000001,129.33333333333334,77.64166666666667,120.39166666666667,-58.0,9.0,0.6419868730835344,1.109004686777029,18.3393,245.915
2026-03-18 11:44:52.823962,185.0,108.9,164.1,22.1,29.9,10.0,0.57,pm25,36.27,63.0,3.1,1009.0,10000,20.0,Clear,clear sky,11,2,18,3,0,1,159.0,94.46666666666668,142.96666666666667,147.83333333333334,89.23333333333333,141.4333333333333,133.58333333333334,81.15833333333333,126.43333333333334,132.70833333333334,79.45833333333333,122.78333333333332,68.0,41.0,0.663619740014505,1.352941115251533,22.8501,337.59000000000003
2026-03-18 12:44:52.823962,144.0,90.6,139.0,30.6,28.2,14.7,0.54,pm25,32.22,69.0,3.47,1013.0,10000,43.0,Clear,clear sky,12,2,18,3,0,1,148.66666666666666,89.33333333333333,136.6,145.5,88.13333333333333,137.4333333333333,134.75,82.21666666666667,127.35833333333333,135.41666666666666,81.29583333333333,125.37916666666666,-41.0,-31.0,0.6517985564618809,0.9215685973343595,22.2318,314.382
2026-03-18 13:44:52.823962,123.0,79.3,110.8,4.4,17.4,19.9,0.14,pm25,30.03,70.0,1.78,1000.0,10000,72.0,Clear,clear sky,13,2,18,3,0,1,150.66666666666666,92.93333333333334,137.96666666666667,148.0,90.21666666666665,138.13333333333333,133.66666666666666,81.70833333333333,126.81666666666666,135.70833333333334,81.71249999999999,125.65416666666668,-21.0,6.0,0.7157039646597115,3.9545445557853274,21.021,141.154
2026-03-18 14:44:52.823962,121.0,71.6,97.7,14.7,23.6,11.0,0.41,pm25,29.46,64.0,1.56,1005.0,10000,9.0,Clear,clear sky,14,2,18,3,0,1,129.33333333333334,80.5,115.83333333333333,144.16666666666666,87.48333333333333,129.4,134.25,82.14166666666667,125.0,134.83333333333334,81.37083333333334,124.73333333333333,-2.0,-64.0,0.7328556731539848,1.6054420676570025,18.854400000000002,111.696
2026-03-18 15:44:52.823962,146.0,92.9,131.1,54.1,21.5,7.2,0.84,pm25,31.5,71.0,1.76,1025.0,10000,86.0,Clear,clear sky,15,2,18,3,0,1,130.0,81.26666666666667,113.2,139.33333333333334,85.3,124.89999999999999,136.08333333333334,83.35833333333333,125.76666666666665,136.125,82.20833333333333,125.17916666666666,25.0,2.0,0.7086193691180827,0.3974121922844327,22.365,163.50400000000002
2026-03-18 16:44:52.823962,123.0,78.2,117.3,21.5,13.7,19.5,0.4,pm25,28.62,69.0,2.99,1009.0,10000,21.0,Clear,clear sky,16,2,18,3,0,1,130.0,80.9,115.36666666666666,140.33333333333334,86.91666666666667,126.66666666666667,138.5,85.25833333333334,129.91666666666666,135.95833333333334,82.75,125.54583333333333,-23.0,0.0,0.666666660983234,0.6372092726879407,19.747799999999998,233.818
2026-03-18 17:44:52.823962,174.0,104.0,157.7,19.6,15.9,16.3,0.62,pm25,30.08,65.0,3.25,1008.0,10000,58.0,Clear,clear sky,17,2,18,3,0,1,147.66666666666666,91.7,135.36666666666665,138.5,86.10000000000001,125.59999999999998,143.16666666666666,87.66666666666667,133.51666666666665,137.41666666666666,83.64583333333333,127.09583333333332,51.0,53.0,0.659480021182752,0.8112244484069158,19.552,338.0
2026-03-18 18:44:52.823962,151.0,91.6,138.5,27.3,18.8,12.9,0.41,pm25,27.42,66.0,3.18,1012.0,10000,30.0,Clear,clear sky,18,2,18,3,0,1,149.33333333333334,91.2666666666667,137.83333333333334,139.66666666666666,86.26666666666667,125.51666666666665,142.58333333333334,87.19999999999999,131.475,137.08333333333334,83.59583333333333,126.69583333333333,-23.0,5.0,0.6613718363799868,0.6886446634196094,18.0972,291.288
2026-03-18 19:44:52.823962,194.0,121.9,178.2,28.3,29.4,14.8,0.36,pm25,28.02,70.0,2.3,1012.0,10000,46.0,Clear,clear sky,19,2,18,3,0,1,173.0,105.83333333333333,158.13333333333333,151.5,93.36666666666667,136.75,149.75,91.79166666666667,137.44166666666666,138.04166666666666,83.9875,127.19583333333333,43.0,71.0,0.684062846890781,1.0388692212413702,19.613999999999997,280.37
2026-03-18 20:44:52.823962,155.0,90.1,155.3,58.5,17.9,12.4,0.73,pm25,27.34,62.0,6.03,1027.0,10000,93.0,Clear,clear sky,20,2,18,3,0,1,166.66666666666666,101.2,157.33333333333334,157.16666666666666,96.45,146.35,150.66666666666666,91.96666666666665,137.87499999999997,139.66666666666666,85.08333333333333,129.47916666666666,-39.0,-19.0,0.580167414165052,0.305982900752429,16.9508,543.303
2026-03-18 21:44:52.823962,155.0,97.4,139.2,32.2,34.5,8.2,0.44,pm25,27.37,69.0,1.96,1014.0,10000,33.0,Clear,clear sky,21,2,18,3,0,1,168.0,103.13333333333334,157.56666666666666,158.66666666666666,97.2,147.7,149.0,91.25,136.29999999999998,140.54166666666666,85.81666666666666,130.86249999999998,0.0,4.0,0.6997126386514898,1.0714285381543933,18.8853,190.904
2026-03-18 22:44:52.823962,138.0,80.1,123.8,28.8,20.2,16.6,0.76,pm25,25.56,63.0,3.54,1012.0,10000,70.0,Clear,clear sky,22,2,18,3,0,1,149.33333333333334,89.2,139.43333333333334,161.16666666666666,97.51666666666667,148.78333333333333,150.75,92.21666666666665,137.725,139.95833333333334,85.56666666666666,130.6625,-17.0,-56.0,0.6470113033359345,0.7013888645351088,16.1028,283.554
2026-03-18 23:44:52.823962,122.0,68.8,125.9,43.6,16.5,23.7,0.6,pm25,24.01,61.0,6.4,1020.0,10000,65.0,Clear,clear sky,23,2,18,3,0,1,138.33333333333334,82.10000000000001,129.63333333333333,152.5,91.64999999999999,143.48333333333335,145.5,88.875,134.54166666666666,139.54166666666666,85.01666666666667,130.48749999999998,-16.0,-33.0,0.546465444428392,0.3784403582926523,14.6461,440.32
2026-03-19 00:44:52.823962,111.0,62.4,102.7,23.1,18.0,18.8,0.83,pm25,25.64,61.0,4.36,1010.0,10000,74.0,Clear,clear sky,0,3,19,3,0,1,123.66666666666667,70.43333333333334,117.46666666666665,145.83333333333334,86.78333333333332,137.51666666666668,142.75,86.52499999999999,131.51666666666668,138.75,84.37083333333332,129.4375,-11.0,-44.0,0.6075949307926491,0.7792207454882794,15.6404,272.064
2026-03-19 01:44:52.823962,85.0,47.8,78.6,32.9,16.8,13.6,0.65,pm25,22.38,62.0,4.03,1014.0,10000,40.0,Clear,clear sky,1,3,19,3,0,1,106.0,59.66666666666668,102.39999999999999,127.66666666666667,74.43333333333332,120.91666666666667,139.58333333333334,83.9,128.83333333333334,136.625,82.80416666666666,127.825,-26.0,-53.0,0.6081424859014951,0.5106382823514201,13.875599999999999,192.63400000000001
2026-03-19 02:44:52.823962,93.0,48.2,75.3,12.0,23.9,15.4,0.58,pm25,23.46,57.0,3.46,1004.0,10000,76.0,Clear,clear sky,2,3,19,3,0,1,96.33333333333333,52.80000000000001,85.53333333333335,117.33333333333333,67.45,107.58333333333333,137.25,81.95,126.96666666666665,135.75,82.04583333333333,125.98333333333333,8.0,-29.0,0.6401062331991205,1.9916665006944583,13.3722,166.77200000000002
2026-03-19 03:44:52.823962,96.0,62.4,110.4,28.5,24.7,13.3,0.64,pm25,23.84,70.0,5.51,1012.0,10000,2.0,Clear,clear sky,3,3,19,3,0,1,91.33333333333333,52.80000000000001,88.10000000000001,107.5,61.61666666666667,102.78333333333335,133.08333333333334,79.40833333333335,125.24166666666667,134.58333333333334,81.38333333333334,125.50416666666666,3.0,-15.0,0.5652173861846251,0.866666636257311,16.688,343.82399999999996
2026-03-19 04:44:52.823962,94.0,64.4,82.5,34.1,21.0,13.2,0.74,pm25,23.57,73.0,0.88,1015.0,10000,23.0,Clear,clear sky,4,3,19,3,0,1,94.33333333333333,58.33333333333335,89.39999999999999,100.16666666666667,59.0,95.89999999999999,130.66666666666666,78.25833333333334,122.34166666666665,134.58333333333334,81.75833333333333,126.12916666666666,-2.0,9.0,0.7806060511441691,0.6158357590664001,17.206100000000003,56.672000000000004
2026-03-19 05:44:52.823962,123.0,66.0,107.1,19.6,11.7,11.7,0.36,pm25,27.15,57.0,4.22,1008.0,10000,42.0,Clear,clear sky,5,3,19,3,0,1,104.33333333333333,64.26666666666667,100.0,100.33333333333333,58.53333333333334,92.76666666666667,126.41666666666667,75.09166666666667,118.125,134.79166666666666,81.37916666666666,125.82083333333333,29.0,30.0,0.6162464928455044,0.5969387450541456,15.4755,278.52
2026-03-19 06:44:52.823962,136.0,82.7,137.7,47.3,8.3,17.3,0.25,pm25,28.43,66.0,5.06,1022.0,10000,96.0,Clear,clear sky,6,3,19,3,0,1,117.66666666666667,71.03333333333335,109.10000000000001,104.5,61.916666666666664,98.59999999999998,125.16666666666667,74.35,118.05833333333334,133.875,80.77499999999999,124.76666666666665,13.0,40.0,0.6005809687684752,0.1754756833937488,18.7638,418.462
2026-03-19 07:44:52.823962,200.0,122.6,177.6,29.2,33.6,13.4,0.78,pm25,32.24,68.0,2.05,1013.0,10000,39.0,Clear,clear sky,7,3,19,3,0,1,153.0,90.43333333333335,140.79999999999998,123.66666666666667,74.38333333333334,115.10000000000001,125.66666666666667,74.40833333333333,118.00833333333333,137.70833333333334,83.10000000000001,127.72500000000001,64.0,106.0,0.6903153114284047,1.1506848920998325,21.9232,251.32999999999996
2026-03-19 08:44:52.823962,154.0,94.3,161.4,37.1,34.2,12.7,0.22,pm25,29.15,67.0,6.0,1017.0,10000,37.0,Clear,clear sky,8,3,19,3,0,1,163.33333333333334,99.86666666666667,158.9,133.83333333333334,82.06666666666666,129.45000000000002,125.58333333333333,74.75833333333333,118.51666666666667,138.125,83.3625,128.19583333333333,-46.0,31.0,0.5842626977431059,0.9218328592497883,19.5305,565.8
2026-03-19 09:44:52.823962,151.0,90.6,120.9,32.7,24.9,17.8,0.32,pm25,29.52,65.0,0.76,1014.0,10000,96.0,Clear,clear sky,9,3,19,3,0,1,168.33333333333334,102.5,153.29999999999998,143.0,86.76666666666667,131.20000000000002,125.25,74.19166666666666,116.99166666666667,137.125,82.72083333333333,126.64583333333333,-3.0,15.0,0.7493796464071162,0.7614678666217777,19.188,68.856
2026-03-19 10:44:52.823962,142.0,87.3,120.9,25.4,27.6,16.9,0.5,pm25,31.63,67.0,1.48,1011.0,10000,86.0,Clear,clear sky,10,3,19,3,0,1,149.0,90.73333333333335,134.4,151.0,90.58333333333333,137.6,125.58333333333333,74.79166666666667,116.75,138.16666666666666,83.50416666666666,127.2375,-9.0,-58.0,0.7220843612730822,1.0866141304482626,21.1921,129.204
2026-03-19 11:44:52.823962,121.0,65.5,96.3,26.6,22.7,15.8,0.41,pm25,29.77,58.0,2.7,1011.0,10000,96.0,Clear,clear sky,11,3,19,3,0,1,138.0,81.13333333333334,112.7,150.66666666666666,90.5,135.79999999999998,125.5,74.51666666666667,114.28333333333332,135.5,81.69583333333333,124.41250000000001,-21.0,-33.0,0.680166140392875,0.8533834265645327,17.2666,176.85000000000002
2026-03-19 12:44:52.823962,140.0,87.7,134.0,55.3,26.1,13.1,0.76,pm25,31.84,69.0,3.36,1026.0,10000,5.0,Clear,clear sky,12,3,19,3,0,1,134.33333333333334,80.16666666666667,117.06666666666668,151.33333333333334,91.33333333333333,135.1833333333333,127.91666666666667,76.625,116.89166666666665,135.33333333333334,81.575,124.20416666666667,19.0,-11.0,0.6544776070561373,0.471971058373037,21.9696,294.672
2026-03-19 13:44:52.823962,160.0,94.9,123.6,36.6,14.4,10.1,0.48,pm25,33.76,64.0,0.2,1016.0,10000,35.0,Clear,clear sky,13,3,19,3,0,1,140.33333333333334,82.7,117.96666666666665,144.66666666666666,86.71666666666665,126.18333333333334,134.16666666666666,80.55,120.64166666666667,136.875,82.22500000000001,124.7375,20.0,18.0,0.7677993465388403,0.39344261220102156,21.606399999999997,18.98
2026-03-19 14:44:52.823962,112.0,70.1,87.9,32.1,18.5,5.6,0.96,pm25,28.59,68.0,0.41,1014.0,10000,34.0,Clear,clear sky,14,3,19,3,0,1,137.33333333333334,84.23333333333335,115.16666666666667,137.66666666666666,82.68333333333334,113.93333333333335,135.75,82.375,121.69166666666668,136.5,82.1625,124.32916666666667,-48.0,-9.0,0.7974971467861529,0.576323969584923,19.4412,28.740999999999996
2026-03-19 15:44:52.823962,112.0,67.6,92.8,32.3,32.1,20.3,0.71,pm25,28.09,66.0,1.71,1014.0,10000,74.0,Clear,clear sky,15,3,19,3,0,1,128.0,77.53333333333335,101.43333333333334,131.16666666666666,78.85,109.25,137.08333333333334,82.80833333333332,120.22500000000001,135.08333333333334,81.10833333333333,122.73333333333333,0.0,-28.0,0.7284482680124109,0.9938080187675538,18.5394,115.59599999999999
2026-03-19 16:44:52.823962,139.0,82.8,140.6,29.2,19.1,14.2,0.46,pm25,30.19,65.0,5.46,1013.0,10000,88.0,Clear,clear sky,16,3,19,3,0,1,121.0,73.5,107.09999999999998,130.66666666666666,78.10000000000001,112.53333333333335,140.83333333333334,84.34166666666665,125.06666666666666,135.75,81.3,123.70416666666665,27.0,-21.0,0.5889046899793408,0.6541095666400834,19.6235,452.08799999999997
2026-03-19 17:44:52.823962,158.0,92.5,124.0,26.5,16.5,18.0,0.63,pm25,28.76,63.0,0.79,1011.0,10000,67.0,Clear,clear sky,17,3,19,3,0,1,136.33333333333334,80.96666666666668,119.13333333333333,136.83333333333334,82.60000000000001,117.15000000000002,143.75,86.55,126.47500000000001,135.08333333333334,80.82083333333334,122.3,19.0,46.0,0.7459677359196151,0.6226414859380571,18.1188,73.075
2026-03-19 18:44:52.823962,149.0,95.5,154.0,36.7,18.4,20.0,0.68,pm25,27.21,71.0,4.61,1016.0,10000,92.0,Clear,clear sky,18,3,19,3,0,1,148.66666666666666,90.26666666666667,139.53333333333333,138.33333333333334,83.89999999999999,120.48333333333335,144.83333333333334,87.61666666666667,127.83333333333333,135.0,80.98333333333333,122.94583333333333,-9.0,37.0,0.6201298661030529,0.5013623841590631,19.319100000000002,440.25500000000005
2026-03-19 19:44:52.823962,136.0,81.1,117.9,39.6,33.6,17.5,0.52,pm25,23.11,64.0,2.44,1018.0,10000,65.0,Clear,clear sky,19,3,19,3,0,1,147.66666666666666,89.7,131.96666666666667,134.33333333333334,81.6,119.53333333333335,139.5,84.15833333333333,122.85833333333335,132.58333333333334,79.28333333333333,120.43333333333334,-13.0,-3.0,0.6878710713496939,0.8484848270584641,14.7904,197.884
2026-03-19 20:44:52.823962,102.0,60.8,91.7,33.4,28.6,18.2,0.17,pm25,21.92,65.0,3.07,1015.0,10000,85.0,Clear,clear sky,20,3,19,3,0,1,129.0,79.13333333333334,121.2,132.66666666666666,80.05,120.16666666666664,135.16666666666666,81.36666666666666,117.05,130.375,78.0625,117.78333333333335,-34.0,-56.0,0.6630316176332429,0.8562873995123534,14.248000000000001,186.65599999999998
2026-03-19 21:44:52.823962,144.0,83.6,123.3,26.9,23.5,20.4,0.55,pm25,26.2,62.0,2.67,1011.0,10000,87.0,Clear,clear sky,21,3,19,3,0,1,127.33333333333333,75.16666666666667,110.96666666666665,138.0,82.71666666666665,125.25,134.58333333333334,80.78333333333333,117.25,129.91666666666666,77.4875,117.12083333333334,42.0,-5.0,0.6780210812812564,0.873605915479334,16.244,223.212
2026-03-19 22:44:52.823962,135.0,87.9,136.4,36.1,26.4,13.3,0.52,pm25,25.34,72.0,3.68,1016.0,10000,7.0,Clear,clear sky,22,3,19,3,0,1,127.0,77.43333333333334,117.13333333333333,137.33333333333334,83.56666666666666,124.55000000000001,134.0,80.83333333333333,118.54166666666667,129.79166666666666,77.8125,117.64583333333333,-9.0,-1.0,0.6444281477681221,0.7313019188005009,18.2448,323.47200000000004
2026-03-19 23:44:52.823962,114.0,77.4,119.0,54.3,22.9,13.4,0.39,pm25,23.18,74.0,3.44,1025.0,10000,99.0,Clear,clear sky,23,3,19,3,0,1,131.0,82.96666666666668,126.23333333333335,130.0,81.05,123.71666666666665,133.41666666666666,81.825,120.43333333333334,129.45833333333334,78.17083333333333,117.35833333333333,-21.0,12.0,0.6504201626015113,0.42173111562189475,17.1532,266.25600000000003
2026-03-20 00:44:52.823962,107.0,64.3,107.7,33.6,33.4,9.4,0.36,pm25,25.13,65.0,4.68,1015.0,10000,30.0,Clear,clear sky,0,4,20,3,0,1,118.66666666666667,76.53333333333335,121.03333333333335,123.0,75.85,116.0,130.66666666666666,79.875,118.24166666666666,129.29166666666666,78.25,117.56666666666668,-7.0,-37.0,0.5970287781148674,0.9940475894628693,16.334500000000002,300.924
2026-03-20 01:44:52.823962,107.0,56.5,72.8,26.5,12.0,9.1,0.53,pm25,25.17,57.0,1.22,1011.0,10000,39.0,Clear,clear sky,1,4,20,3,0,1,109.33333333333333,66.06666666666668,99.83333333333333,118.16666666666667,71.75,108.48333333333333,126.25,76.675,114.00833333333333,130.20833333333334,78.6125,117.32499999999999,0.0,-28.0,0.7760988904382021,0.4528301715913143,14.3469,68.92999999999999
2026-03-20 02:44:52.823962,124.0,75.3,111.2,35.6,7.0,19.2,0.13,pm25,27.32,66.0,2.74,1016.0,10000,2.0,Clear,clear sky,2,4,20,3,0,1,112.66666666666667,65.36666666666667,97.23333333333333,121.83333333333333,74.16666666666667,111.73333333333335,127.25,77.10833333333333,115.94999999999999,131.5,79.74166666666666,118.82083333333334,17.0,10.0,0.6771582672917422,0.19662920795985372,18.031200000000002,206.322
2026-03-20 03:44:52.823962,105.0,61.5,89.8,15.7,15.8,19.0,0.25,pm25,24.86,64.0,2.64,1006.0,10000,67.0,Clear,clear sky,3,4,20,3,0,1,112.0,64.43333333333334,91.26666666666667,115.33333333333333,70.48333333333333,106.14999999999999,126.66666666666667,76.60000000000001,115.69999999999999,131.875,79.70416666666667,117.96249999999999,-19.0,-2.0,0.6848552262265566,1.006369362651633,15.9104,162.36
2026-03-20 04:44:52.823962,124.0,83.8,122.5,39.1,13.8,17.5,0.38,pm25,27.28,75.0,2.52,1018.0,10000,59.0,Clear,clear sky,4,4,20,3,0,1,117.66666666666667,73.53333333333335,107.83333333333333,113.5,69.8,103.83333333333333,125.41666666666667,76.68333333333334,114.19166666666666,133.125,80.5125,119.62916666666666,19.0,17.0,0.6840816270687214,0.3529411674439599,20.46,211.176
2026-03-20 05:44:52.823962,101.0,59.4,92.2,21.5,19.4,16.2,0.49,pm25,24.46,64.0,3.47,1009.0,10000,7.0,Clear,clear sky,5,4,20,3,0,1,110.0,68.23333333333333,101.5,111.33333333333333,66.8,99.36666666666667,120.66666666666667,73.925,111.54166666666667,132.20833333333334,80.2375,119.00833333333334,-23.0,-23.0,0.6442516199105031,0.902325539426719,15.6544,206.118
2026-03-20 06:44:52.823962,123.0,81.9,115.7,41.2,33.0,14.6,0.5,pm25,27.06,73.0,1.94,1019.0,10000,47.0,Clear,clear sky,6,4,20,3,0,1,116.0,75.03333333333335,110.13333333333333,114.0,69.73333333333333,100.7,118.5,72.79166666666667,108.35000000000001,131.66666666666666,80.20416666666667,118.09166666666665,22.0,18.0,0.7078651624212173,0.8009708543453676,19.7538,158.886
2026-03-20 07:44:52.823962,165.0,99.6,144.9,13.8,26.3,12.3,0.46,pm25,29.34,65.0,2.33,1005.0,10000,6.0,Clear,clear sky,7,4,20,3,0,1,129.66666666666666,80.3,117.60000000000001,123.66666666666667,76.91666666666667,112.71666666666668,120.91666666666667,74.33333333333333,110.59999999999998,130.20833333333334,79.24583333333332,116.72916666666667,42.0,41.0,0.6873705956703202,1.9057969633480463,19.070999999999998,232.06799999999998
2026-03-20 08:44:52.823962,180.0,115.7,172.1,31.8,23.8,14.2,0.97,pm25,31.29,73.0,2.79,1014.0,10000,3.0,Clear,clear sky,8,4,20,3,0,1,156.0,99.06666666666668,144.23333333333335,133.0,83.64999999999999,122.86666666666667,127.41666666666667,78.90833333333335,117.30000000000001,131.29166666666666,80.1375,117.17500000000001,15.0,79.0,0.672283552165697,0.7484276494205141,22.8417,322.803
2026-03-20 09:44:52.823962,186.0,108.9,176.7,27.7,14.0,14.9,0.44,pm25,32.47,62.0,5.01,1012.0,10000,49.0,Clear,clear sky,9,4,20,3,0,1,177.0,108.06666666666668,164.56666666666663,146.5,91.55,137.35,130.91666666666666,81.01666666666667,121.75,132.75,80.89999999999999,119.5,6.0,63.0,0.6162988080571659,0.5054151442088396,20.1314,545.589
2026-03-20 10:44:52.823962,118.0,70.4,103.3,39.7,26.3,10.3,0.58,pm25,29.17,65.0,2.67,1018.0,10000,18.0,Clear,clear sky,10,4,20,3,0,1,161.33333333333334,98.33333333333336,150.7,145.5,89.31666666666666,134.15,129.5,79.55833333333332,118.99166666666667,131.75,80.19583333333334,118.76666666666667,-68.0,-47.0,0.6815101579718282,0.6624684971670404,18.960500000000003,187.96800000000002
2026-03-20 11:44:52.823962,138.0,87.6,148.8,29.4,13.8,16.8,0.49,pm25,31.51,70.0,5.62,1013.0,10000,91.0,Clear,clear sky,11,4,20,3,0,1,147.33333333333334,88.96666666666668,142.93333333333334,151.66666666666666,94.01666666666667,143.58333333333334,131.5,80.40833333333333,121.47500000000001,132.45833333333334,81.11666666666666,120.95416666666665,20.0,-42.0,0.5887096734629725,0.46938773913647147,22.057000000000002,492.31199999999995
2026-03-20 12:44:52.823962,123.0,68.4,96.7,39.0,5.2,17.7,0.66,pm25,30.09,60.0,2.11,1018.0,10000,52.0,Clear,clear sky,12,4,20,3,0,1,126.33333333333333,75.46666666666668,116.26666666666667,151.66666666666666,91.76666666666667,140.41666666666666,132.83333333333334,80.75,120.55833333333334,131.75,80.3125,119.39999999999999,-15.0,-63.0,0.7073422884452711,0.13333332991453,18.054000000000002,144.324
2026-03-20 13:44:52.823962,131.0,84.4,123.3,26.5,41.8,21.6,0.53,pm25,30.83,71.0,2.52,1011.0,10000,81.0,Clear,clear sky,13,4,20,3,0,1,130.66666666666666,80.13333333333334,122.93333333333332,146.0,89.23333333333333,136.81666666666666,134.83333333333334,83.075,124.76666666666667,130.54166666666666,79.875,119.3875,8.0,13.0,0.6845093212935174,1.577358431043078,21.8893,212.68800000000002
2026-03-20 14:44:52.823962,140.0,79.5,118.7,33.8,27.6,25.7,0.51,pm25,31.36,61.0,2.91,1015.0,10000,65.0,Clear,clear sky,14,4,20,3,0,1,131.33333333333334,77.43333333333334,112.89999999999999,139.33333333333334,83.2,127.91666666666667,136.16666666666666,83.425,125.39166666666667,131.70833333333334,80.26666666666667,120.67083333333333,9.0,2.0,0.6697556809624626,0.816568023178461,19.1296,231.345
2026-03-20 15:44:52.823962,137.0,81.2,114.5,33.1,16.5,16.5,0.28,pm25,30.64,64.0,1.91,1015.0,10000,60.0,Clear,clear sky,15,4,20,3,0,1,136.0,81.70000000000002,118.83333333333333,131.16666666666666,78.58333333333333,117.55000000000001,138.83333333333334,85.06666666666666,127.45,132.75,80.83333333333333,121.575,-3.0,14.0,0.7091702994832288,0.49848941092177007,19.6096,155.092
2026-03-20 16:44:52.823962,160.0,89.7,120.0,33.1,38.0,17.5,0.43,pm25,32.34,59.0,0.81,1015.0,10000,57.0,Clear,clear sky,16,4,20,3,0,1,145.66666666666666,83.46666666666668,117.73333333333333,138.16666666666666,81.8,120.33333333333333,141.83333333333334,85.55833333333334,127.24166666666667,133.625,81.12083333333332,120.71666666666665,23.0,29.0,0.7474999937708334,1.1480362190925615,19.0806,72.65700000000001
2026-03-20 17:44:52.823962,129.0,71.0,119.0,41.1,22.1,12.3,0.31,pm25,26.28,59.0,4.87,1019.0,10000,13.0,Clear,clear sky,17,4,20,3,0,1,142.0,80.63333333333334,117.83333333333333,136.66666666666666,79.03333333333333,115.36666666666667,144.16666666666666,86.52499999999999,129.475,132.41666666666666,80.225,120.50833333333333,-31.0,-11.0,0.5966386504484147,0.5377128822940905,15.5052,345.77
2026-03-20 18:44:52.823962,171.0,108.3,177.6,33.1,24.6,9.3,0.26,pm25,29.09,70.0,5.28,1015.0,10000,14.0,Clear,clear sky,18,4,20,3,0,1,153.33333333333334,89.66666666666667,138.86666666666665,144.66666666666666,85.68333333333334,128.85,148.16666666666666,88.72500000000001,134.63333333333333,133.33333333333334,80.75833333333333,121.49166666666666,42.0,34.0,0.609797293863754,0.7432023944651845,20.363,571.824
2026-03-20 19:44:52.823962,161.0,90.4,117.1,31.7,34.2,19.2,0.25,pm25,25.2,59.0,0.22,1014.0,10000,68.0,Clear,clear sky,19,4,20,3,0,1,153.66666666666666,89.90000000000002,137.89999999999998,149.66666666666666,86.68333333333334,127.81666666666666,147.83333333333334,87.95833333333333,132.31666666666666,134.375,81.14583333333333,121.45833333333333,-10.0,1.0,0.771989745755852,1.0788643192787282,14.868,19.888
2026-03-20 20:44:52.823962,109.0,57.8,86.4,29.5,24.7,18.3,0.29,pm25,22.64,58.0,2.95,1013.0,10000,95.0,Clear,clear sky,20,4,20,3,0,1,147.0,85.50000000000001,127.03333333333332,144.5,83.06666666666666,122.43333333333332,141.91666666666666,83.13333333333334,125.175,134.66666666666666,81.02083333333333,121.2375,-52.0,-20.0,0.6689814737386403,0.8372881072105726,13.131200000000002,170.51
2026-03-20 21:44:52.823962,107.0,52.3,78.5,40.6,24.7,18.4,0.44,pm25,22.44,53.0,3.0,1018.0,10000,0.0,Clear,clear sky,21,4,20,3,0,1,125.66666666666667,66.83333333333334,93.99999999999999,139.5,78.25,116.43333333333332,135.33333333333334,78.41666666666667,116.99166666666666,133.125,79.71666666666665,119.37083333333334,-2.0,-64.0,0.6662420297294008,0.6083743692518628,11.893200000000002,156.89999999999998
2026-03-20 22:44:52.823962,123.0,75.9,106.7,34.2,9.0,13.5,0.42,pm25,24.05,67.0,1.92,1015.0,10000,47.0,Clear,clear sky,22,4,20,3,0,1,113.0,62.00000000000001,90.53333333333332,133.33333333333334,75.95,114.21666666666665,135.75,78.875,117.27499999999999,132.625,79.21666666666667,118.13333333333334,16.0,-38.0,0.7113401995188361,0.263157887042167,16.113500000000002,145.728
2026-03-20 23:44:52.823962,164.0,96.7,154.1,41.9,20.8,19.1,0.81,pm25,28.23,63.0,4.36,1019.0,10000,83.0,Clear,clear sky,23,4,20,3,0,1,131.33333333333334,74.96666666666668,113.09999999999998,139.16666666666666,80.23333333333333,120.06666666666666,137.91666666666666,79.63333333333334,117.71666666666665,134.70833333333334,80.02083333333333,119.59583333333335,41.0,55.0,0.6275145968363751,0.4964200358849634,17.7849,421.612
2026-03-21 00:44:52.823962,104.0,62.2,86.7,17.8,23.6,15.4,0.34,pm25,24.74,65.0,2.01,1007.0,10000,72.0,Clear,clear sky,0,5,21,3,1,1,130.33333333333334,78.26666666666668,115.83333333333331,128.0,72.55,104.91666666666667,136.33333333333334,79.11666666666667,116.88333333333333,134.58333333333334,79.93333333333334,118.72083333333332,-60.0,-3.0,0.7174163700413337,1.3258426221436728,16.081,125.02199999999999
2026-03-21 01:44:52.823962,105.0,56.1,83.7,37.8,8.1,18.4,0.52,pm25,24.96,58.0,2.92,1017.0,10000,99.0,Clear,clear sky,1,5,21,3,1,1,124.33333333333333,71.66666666666667,108.16666666666664,118.66666666666667,66.83333333333333,99.35000000000001,134.16666666666666,76.75833333333334,113.58333333333333,134.5,79.91666666666667,119.17500000000001,1.0,-18.0,0.6702508880495712,0.21428570861678023,14.4768,163.812
2026-03-21 02:44:52.823962,104.0,57.3,83.5,48.4,40.5,16.0,0.45,pm25,24.83,60.0,2.63,1022.0,10000,89.0,Clear,clear sky,2,5,21,3,1,1,104.33333333333333,58.53333333333334,84.63333333333331,117.83333333333333,66.75,98.86666666666667,131.16666666666666,74.90833333333335,110.64999999999999,133.66666666666666,79.16666666666667,118.02083333333333,-1.0,-60.0,0.6862275366918857,0.8367768422153545,14.898,150.69899999999998
2026-03-21 03:44:52.823962,99.0,51.4,72.3,39.4,20.6,11.9,0.09,pm25,24.11,57.0,2.27,1018.0,10000,18.0,Clear,clear sky,3,5,21,3,1,1,102.66666666666667,54.93333333333334,79.83333333333331,116.5,66.60000000000001,97.83333333333333,128.0,72.425,107.13333333333333,133.41666666666666,78.74583333333334,117.29166666666667,-5.0,-5.0,0.7109266844961731,0.5228426263237913,13.7427,116.678
2026-03-21 04:44:52.823962,126.0,78.8,129.9,31.6,21.1,10.4,0.32,pm25,27.53,68.0,4.76,1014.0,10000,16.0,Clear,clear sky,4,5,21,3,1,1,109.66666666666667,62.50000000000001,95.2333333333333,117.0,67.08333333333333,101.7,125.16666666666667,71.51666666666667,107.95833333333333,133.5,78.53750000000001,117.60000000000001,27.0,21.0,0.6066204726203196,0.6677214978569146,18.720399999999998,375.08799999999997
2026-03-21 05:44:52.823962,107.0,61.2,102.4,40.6,34.3,20.2,0.69,pm25,25.12,62.0,4.58,1018.0,10000,68.0,Clear,clear sky,5,5,21,3,1,1,110.66666666666667,63.80000000000001,101.5333333333333,107.5,61.166666666666664,93.08333333333333,123.33333333333333,70.7,106.575,133.75,78.6125,118.02499999999999,-19.0,3.0,0.5976562441635133,0.8448275653983358,15.5744,280.296
2026-03-21 06:44:52.823962,168.0,94.2,149.3,40.9,39.1,13.8,0.79,pm25,31.63,58.0,4.19,1018.0,10000,47.0,Clear,clear sky,6,5,21,3,1,1,133.66666666666666,78.06666666666668,127.19999999999997,118.16666666666667,66.5,103.51666666666667,123.08333333333333,69.52499999999999,104.21666666666668,135.625,79.125,119.425,61.0,69.0,0.6309444030077401,0.9559901966750565,18.345399999999998,394.69800000000004
2026-03-21 07:44:52.823962,171.0,101.2,153.4,48.6,12.9,14.6,0.33,pm25,29.86,63.0,3.23,1022.0,10000,48.0,Clear,clear sky,7,5,21,3,1,1,148.66666666666666,85.53333333333335,135.0333333333333,129.16666666666666,74.01666666666667,115.13333333333333,123.91666666666667,70.425,107.24166666666667,135.875,79.19166666666668,119.77916666666665,3.0,45.0,0.6597131638871372,0.2654320933038664,18.8118,326.87600000000003
2026-03-21 08:44:52.823962,179.0,111.0,175.7,30.2,24.3,14.6,0.4,pm25,31.25,68.0,4.38,1013.0,10000,16.0,Clear,clear sky,8,5,21,3,1,1,172.66666666666666,102.13333333333334,159.46666666666667,141.66666666666666,82.96666666666667,130.5,129.75,74.85833333333333,114.68333333333334,135.83333333333334,78.99583333333334,119.92916666666667,8.0,72.0,0.6317586759717776,0.8046357349458366,21.25,486.18
2026-03-21 09:44:52.823962,152.0,90.0,140.9,34.1,19.0,16.5,0.49,pm25,29.61,64.0,3.87,1015.0,10000,65.0,Clear,clear sky,9,5,21,3,1,1,167.33333333333334,100.73333333333335,156.66666666666663,150.5,89.39999999999999,141.93333333333334,133.5,78.0,119.88333333333334,134.41666666666666,78.20833333333334,118.4375,-27.0,-16.0,0.6387508826206467,0.5571847343934095,18.9504,348.3
2026-03-21 10:44:52.823962,137.0,75.4,113.3,21.9,27.7,20.6,0.49,pm25,31.06,58.0,3.03,1009.0,10000,84.0,Clear,clear sky,10,5,21,3,1,1,156.0,92.13333333333334,143.29999999999998,152.33333333333334,88.83333333333333,139.16666666666669,134.66666666666666,77.95833333333333,120.43333333333334,135.20833333333334,78.41666666666667,118.85416666666667,-15.0,-34.0,0.6654898440821727,1.264840124893145,18.0148,228.462
2026-03-21 11:44:52.823962,120.0,72.8,119.1,12.6,19.2,13.5,0.25,pm25,29.7,66.0,4.47,1004.0,10000,34.0,Clear,clear sky,11,5,21,3,1,1,136.33333333333334,79.40000000000002,124.4333333333333,154.5,90.76666666666667,141.95,131.0,75.96666666666667,117.51666666666665,134.45833333333334,77.8,117.61666666666666,-17.0,-59.0,0.6112510444059527,1.5238094028722697,19.602,325.416
2026-03-21 12:44:52.823962,123.0,70.8,123.6,40.1,24.9,10.3,0.24,pm25,30.08,62.0,5.61,1018.0,10000,10.0,Clear,clear sky,12,5,21,3,1,1,126.66666666666667,73.00000000000001,118.66666666666663,147.0,86.86666666666667,137.66666666666666,132.58333333333334,76.68333333333334,120.59166666666668,134.45833333333334,77.9,118.7375,3.0,-29.0,0.5728155293461527,0.6209476154377153,18.6496,397.188
2026-03-21 13:44:52.823962,119.0,74.7,125.1,36.0,19.0,10.3,0.46,pm25,29.62,68.0,4.95,1016.0,10000,23.0,Clear,clear sky,13,5,21,3,1,1,120.66666666666667,72.76666666666667,122.59999999999997,138.33333333333334,82.45,132.95,133.75,78.23333333333333,124.04166666666667,133.95833333333334,77.49583333333332,118.8125,-4.0,-18.0,0.5971222973851136,0.5277777631172844,20.1416,369.76500000000004
2026-03-21 14:44:52.823962,82.0,38.5,43.7,30.1,31.0,14.9,0.66,pm25,25.5,55.0,0.9,1013.0,10000,49.0,Clear,clear sky,14,5,21,3,1,1,108.0,61.33333333333334,97.46666666666664,122.16666666666667,70.36666666666667,110.95,131.91666666666666,76.66666666666667,120.72500000000001,131.54166666666666,75.7875,115.6875,-37.0,-38.0,0.8810068448282187,1.0299002980099567,14.025,34.65
2026-03-21 15:44:52.823962,143.0,89.5,130.7,21.3,19.2,9.3,0.44,pm25,31.23,69.0,2.46,1009.0,10000,23.0,Clear,clear sky,15,5,21,3,1,1,114.66666666666667,67.56666666666668,99.8333333333333,120.66666666666667,70.28333333333335,109.25,135.58333333333334,79.84166666666667,125.59166666666668,131.79166666666666,76.13333333333333,116.3625,61.0,20.0,0.6847742870330966,0.9014084083845817,21.5487,220.17
2026-03-21 16:44:52.823962,116.0,73.5,124.0,37.0,25.9,13.7,0.49,pm25,27.88,69.0,5.07,1016.0,10000,5.0,Clear,clear sky,16,5,21,3,1,1,113.66666666666667,67.16666666666669,99.46666666666664,117.16666666666667,69.96666666666665,111.03333333333332,134.75,79.4,125.10000000000001,129.95833333333334,75.45833333333333,116.52916666666665,-27.0,-3.0,0.5927419307036941,0.6999999810810816,19.2372,372.64500000000004
2026-03-21 17:44:52.823962,153.0,94.3,147.3,29.0,36.1,23.8,0.7,pm25,28.33,67.0,3.88,1013.0,10000,61.0,Clear,clear sky,17,5,21,3,1,1,137.33333333333334,85.7666666666667,133.99999999999997,122.66666666666667,73.55,115.73333333333335,138.58333333333334,82.15833333333333,128.84166666666667,130.95833333333334,76.42916666666667,117.70833333333333,37.0,71.0,0.6401900839090965,1.2448275432818088,18.981099999999998,365.88399999999996
2026-03-21 18:44:52.823962,222.0,132.3,198.2,33.1,41.8,12.6,0.28,pm25,33.37,64.0,2.96,1015.0,10000,47.0,Clear,clear sky,18,5,21,3,1,1,163.66666666666666,100.03333333333335,156.49999999999997,139.16666666666666,83.8,128.16666666666666,143.08333333333334,85.33333333333333,132.91666666666666,133.08333333333334,77.42916666666666,118.56666666666666,69.0,79.0,0.6675075647451688,1.2628398410018173,21.3568,391.608
2026-03-21 19:44:52.823962,194.0,118.4,177.1,50.6,33.9,19.2,0.38,pm25,27.99,67.0,2.93,1023.0,10000,69.0,Clear,clear sky,19,5,21,3,1,1,189.66666666666666,115.00000000000001,174.19999999999996,151.66666666666666,91.08333333333333,136.83333333333334,145.0,86.76666666666667,134.89166666666665,134.45833333333334,78.59583333333333,121.06666666666668,-28.0,78.0,0.6685488386869067,0.669960461067975,18.7533,346.91200000000003
2026-03-21 20:44:52.823962,143.0,95.4,156.2,43.5,32.9,19.3,0.37,pm25,26.1,75.0,4.97,1020.0,10000,71.0,Clear,clear sky,20,5,21,3,1,1,186.33333333333334,115.36666666666667,177.16666666666663,161.83333333333334,100.56666666666668,155.58333333333331,142.0,85.46666666666665,133.26666666666668,135.875,80.16250000000001,123.97500000000001,-51.0,-10.0,0.6107554378312713,0.7563218216937513,19.575,474.138
2026-03-21 21:44:52.823962,133.0,81.3,119.4,30.0,9.6,16.7,0.31,pm25,25.11,67.0,2.61,1013.0,10000,53.0,Clear,clear sky,21,5,21,3,1,1,156.66666666666666,98.36666666666667,150.89999999999998,160.16666666666666,99.2,153.70000000000002,140.41666666666666,84.74166666666666,131.475,136.95833333333334,81.37083333333332,125.67916666666667,-10.0,-89.0,0.6809045169103474,0.3199999893333337,16.8237,212.19299999999998
2026-03-21 22:44:52.823962,155.0,92.8,144.2,40.3,26.7,18.8,0.56,pm25,27.27,65.0,3.75,1018.0,10000,91.0,Clear,clear sky,22,5,21,3,1,1,143.66666666666666,89.83333333333333,139.93333333333328,166.66666666666666,102.41666666666667,157.06666666666666,141.91666666666666,86.19166666666666,134.04999999999998,138.29166666666666,82.075,127.24166666666666,22.0,-39.0,0.6435506196702454,0.6625310009297519,17.7255,348.0
2026-03-21 23:44:52.823962,131.0,81.5,118.0,21.9,23.2,24.7,0.12,pm25,24.92,68.0,2.36,1009.0,10000,16.0,Clear,clear sky,23,5,21,3,1,1,139.66666666666666,85.2,127.19999999999997,163.0,100.28333333333332,152.1833333333333,142.83333333333334,86.91666666666667,133.95833333333334,136.91666666666666,81.44166666666666,125.7375,-24.0,-12.0,0.6906779602484919,1.0593606822209733,16.945600000000002,192.34
2026-03-22 00:44:52.823962,86.0,53.5,82.6,13.2,33.6,13.7,0.49,pm25,22.58,67.0,3.36,1005.0,10000,41.0,Clear,clear sky,0,6,22,3,1,1,124.0,75.93333333333334,114.9333333333333,140.33333333333334,87.14999999999999,132.91666666666666,139.75,85.47500000000001,130.54166666666666,136.16666666666666,81.07916666666667,125.56666666666666,-45.0,-47.0,0.6476997500278481,2.545454352617095,15.128599999999999,179.76
2026-03-22 01:44:52.823962,129.0,80.7,118.9,8.8,15.8,15.6,0.59,pm25,27.92,68.0,2.69,1002.0,10000,54.0,Clear,clear sky,1,6,22,3,1,1,115.33333333333333,71.90000000000002,106.49999999999996,129.5,80.86666666666667,123.21666666666665,140.58333333333334,85.97500000000001,130.025,137.16666666666666,82.10416666666667,127.03333333333332,43.0,-26.0,0.678721609094015,1.7954543414256432,18.9856,217.083
2026-03-22 02:44:52.823962,115.0,76.1,92.1,45.8,37.1,14.2,0.28,pm25,26.13,72.0,0.32,1021.0,10000,47.0,Clear,clear sky,2,6,22,3,1,1,110.0,70.10000000000001,97.86666666666663,124.83333333333333,77.64999999999999,112.53333333333335,143.33333333333334,89.10833333333333,134.05833333333334,137.625,82.8875,127.39166666666665,-14.0,-16.0,0.8262757782163325,0.8100436504357282,18.813599999999997,24.352
2026-03-22 03:44:52.823962,97.0,63.1,95.5,28.2,30.3,14.2,0.76,pm25,23.96,70.0,3.13,1012.0,10000,83.0,Clear,clear sky,3,6,22,3,1,1,113.66666666666667,73.30000000000001,102.16666666666663,118.83333333333333,74.61666666666666,108.55,139.5,86.90833333333332,131.125,137.54166666666666,83.375,128.35833333333332,-18.0,11.0,0.6607329773745239,1.0744680470046792,16.772000000000002,197.503
2026-03-22 04:44:52.823962,111.0,70.8,94.4,39.0,17.6,10.4,0.49,pm25,25.66,69.0,1.23,1018.0,10000,27.0,Clear,clear sky,4,6,22,3,1,1,107.66666666666667,70.00000000000001,93.99999999999996,111.5,70.94999999999999,100.25,139.08333333333334,86.68333333333334,128.65833333333333,136.91666666666666,83.04166666666667,126.87916666666666,14.0,-18.0,0.7499999920550848,0.451282039710717,17.7054,87.08399999999999
2026-03-22 05:44:52.823962,86.0,46.7,86.0,23.6,28.7,14.8,0.21,pm25,22.51,60.0,5.39,1010.0,10000,16.0,Clear,clear sky,5,6,22,3,1,1,98.0,60.20000000000001,91.96666666666664,104.0,65.14999999999999,94.91666666666667,133.5,82.71666666666667,123.55,136.04166666666666,82.4375,126.19583333333333,-25.0,-29.0,0.5430232494997297,1.2161016433855234,13.506000000000002,251.713
2026-03-22 06:44:52.823962,154.0,90.7,137.3,14.9,17.1,15.1,0.47,pm25,30.25,63.0,3.19,1005.0,10000,51.0,Clear,clear sky,6,6,22,3,1,1,117.0,69.4,105.89999999999998,115.33333333333333,71.35,104.03333333333335,127.83333333333333,79.25,118.47499999999998,135.45833333333334,82.29166666666667,125.69583333333334,68.0,57.0,0.6605972275266043,1.1476509296878572,19.0575,289.333
2026-03-22 07:44:52.823962,166.0,99.4,139.0,37.1,26.8,10.6,0.54,pm25,29.41,65.0,1.5,1017.0,10000,11.0,Clear,clear sky,7,6,22,3,1,1,135.33333333333334,78.93333333333335,120.76666666666665,121.5,74.46666666666665,107.38333333333333,125.5,77.66666666666667,115.3,135.25,82.21666666666665,125.09583333333335,12.0,55.0,0.7151079085244035,0.7223719481840446,19.116500000000002,149.10000000000002
2026-03-22 08:44:52.823962,130.0,73.9,91.0,48.5,18.8,11.6,0.31,pm25,27.12,61.0,0.04,1022.0,10000,25.0,Clear,clear sky,8,6,22,3,1,1,150.0,88.0,122.43333333333332,124.0,74.10000000000001,107.2,124.41666666666667,75.875,109.86666666666667,133.20833333333334,80.67083333333333,121.56666666666666,-36.0,44.0,0.8120879031638693,0.3876288579870339,16.543200000000002,2.9560000000000004
2026-03-22 09:44:52.823962,186.0,110.5,168.8,17.4,14.4,7.7,0.59,pm25,32.48,64.0,3.44,1007.0,10000,36.0,Clear,clear sky,9,6,22,3,1,1,160.66666666666666,94.60000000000002,132.9333333333333,138.83333333333334,82.0,119.41666666666667,128.83333333333334,78.30833333333334,113.98333333333333,134.625,81.52499999999999,122.72916666666667,56.0,32.0,0.6546208492024831,0.8275861593341288,20.7872,380.12
2026-03-22 10:44:52.823962,115.0,63.1,88.7,21.7,16.9,8.8,0.45,pm25,28.86,59.0,2.12,1009.0,10000,29.0,Clear,clear sky,10,6,22,3,1,1,143.66666666666666,82.50000000000001,116.16666666666664,139.5,80.71666666666668,118.46666666666668,125.5,75.83333333333333,109.35833333333335,133.70833333333334,81.0125,121.70416666666667,-71.0,-51.0,0.7113866887104093,0.778801807428488,17.0274,133.77200000000002
2026-03-22 11:44:52.823962,88.0,56.7,99.9,17.4,18.6,24.9,0.27,pm25,26.46,69.0,5.24,1007.0,10000,65.0,Clear,clear sky,11,6,22,3,1,1,129.66666666666666,76.76666666666668,119.13333333333331,139.83333333333334,82.38333333333334,120.78333333333335,121.91666666666667,73.76666666666667,107.85000000000001,132.375,80.34166666666667,120.90416666666668,-27.0,-42.0,0.5675675618862106,1.068965455806583,18.2574,297.108
2026-03-22 12:44:52.823962,157.0,95.2,156.5,18.1,30.4,9.7,0.47,pm25,33.54,66.0,5.06,1007.0,10000,97.0,Clear,clear sky,12,6,22,3,1,1,120.0,71.66666666666667,115.0333333333333,140.33333333333334,83.13333333333334,123.98333333333335,127.83333333333333,77.24166666666666,114.00833333333333,133.79166666666666,81.35833333333333,122.27500000000002,69.0,-29.0,0.608306705378232,1.6795579182564684,22.1364,481.712
2026-03-22 13:44:52.823962,135.0,84.2,128.6,26.1,21.0,13.9,0.52,pm25,31.16,68.0,3.34,1011.0,10000,32.0,Clear,clear sky,13,6,22,3,1,1,126.66666666666667,78.7,128.3333333333333,135.16666666666666,80.6,122.25000000000001,128.33333333333334,77.53333333333335,114.81666666666668,134.45833333333334,81.75416666666668,122.42083333333333,-22.0,20.0,0.6547433852663812,0.8045976703219283,21.1888,281.228
2026-03-22 14:44:52.823962,126.0,67.5,102.7,16.2,28.4,16.1,0.47,pm25,30.0,57.0,3.23,1006.0,10000,90.0,Clear,clear sky,14,6,22,3,1,1,139.33333333333334,82.30000000000001,129.26666666666662,134.5,79.53333333333333,124.19999999999999,129.25,76.81666666666668,115.69999999999999,136.29166666666666,82.9625,124.87916666666666,-9.0,38.0,0.6572541318670484,1.7530863115378819,17.1,218.025
2026-03-22 15:44:52.823962,137.0,83.3,122.4,21.6,46.9,18.3,0.45,pm25,30.62,66.0,2.63,1009.0,10000,52.0,Clear,clear sky,15,6,22,3,1,1,132.66666666666666,78.33333333333334,117.89999999999996,126.33333333333333,75.0,116.46666666666668,132.58333333333334,78.5,117.94166666666666,136.04166666666666,82.70416666666667,124.53333333333335,11.0,-20.0,0.6805555499954612,2.171296195773324,20.2092,219.07899999999998
2026-03-22 16:44:52.823962,142.0,91.0,138.8,44.8,27.8,16.5,0.56,pm25,30.49,71.0,3.34,1020.0,10000,81.0,Clear,clear sky,16,6,22,3,1,1,135.0,80.60000000000001,121.29999999999995,130.83333333333334,79.64999999999999,124.81666666666666,135.16666666666666,80.18333333333334,121.64166666666667,137.125,83.43333333333334,125.15000000000002,5.0,7.0,0.6556195918183026,0.620535700434471,21.6479,303.94
2026-03-22 17:44:52.823962,183.0,116.0,145.1,41.7,22.6,9.0,0.95,pm25,30.83,71.0,1.34,1019.0,10000,96.0,Clear,clear sky,17,6,22,3,1,1,154.0,96.76666666666667,135.4333333333333,146.66666666666666,89.53333333333335,132.35,143.25,85.95833333333333,126.56666666666668,138.375,84.33749999999999,125.05833333333334,41.0,57.0,0.7994486505896027,0.5419664138617167,21.8893,155.44
2026-03-22 18:44:52.823962,165.0,97.6,129.8,24.2,23.3,15.1,0.38,pm25,28.58,63.0,0.52,1010.0,10000,55.0,Clear,clear sky,18,6,22,3,1,1,163.33333333333334,101.53333333333335,137.89999999999995,148.0,89.93333333333334,127.89999999999999,144.16666666666666,86.53333333333332,125.94166666666666,136.0,82.89166666666667,122.20833333333333,-18.0,28.0,0.7519260342686745,0.9628098775698398,18.005399999999998,50.751999999999995
2026-03-22 19:44:52.823962,122.0,80.5,122.3,28.6,24.7,8.3,0.71,pm25,21.96,72.0,3.23,1012.0,10000,18.0,Clear,clear sky,19,6,22,3,1,1,156.66666666666666,98.03333333333335,132.39999999999995,145.83333333333334,89.31666666666666,126.85000000000001,140.5,84.95833333333333,124.55000000000001,133.0,81.3125,119.925,-43.0,-20.0,0.6582174925738553,0.8636363334392889,15.811200000000001,260.015
2026-03-22 20:44:52.823962,129.0,81.8,121.7,18.4,35.5,23.8,0.28,pm25,24.65,70.0,2.85,1007.0,10000,62.0,Clear,clear sky,20,6,22,3,1,1,138.66666666666666,86.63333333333334,124.59999999999995,146.33333333333334,91.7,130.01666666666668,140.41666666666666,85.61666666666667,127.10833333333333,132.41666666666666,80.74583333333334,118.4875,7.0,-54.0,0.6721446123899374,1.929347721231102,17.255,233.13
2026-03-22 21:44:52.823962,133.0,71.2,109.1,16.6,19.7,14.6,0.83,pm25,25.06,57.0,3.34,1006.0,10000,10.0,Clear,clear sky,21,6,22,3,1,1,128.0,77.83333333333334,117.69999999999995,145.66666666666666,89.68333333333334,127.8,136.0,82.34166666666667,122.13333333333333,132.41666666666666,80.325,118.05833333333334,4.0,-32.0,0.6526122763280269,1.186746916461029,14.284199999999998,237.808
2026-03-22 22:44:52.823962,114.0,74.3,117.6,11.5,37.3,15.0,0.26,pm25,23.21,71.0,3.93,1004.0,10000,50.0,Clear,clear sky,22,6,22,3,1,1,125.33333333333333,75.76666666666667,116.13333333333328,141.0,86.89999999999999,124.26666666666667,135.91666666666666,83.27499999999999,124.54166666666667,130.70833333333334,79.55416666666667,116.95,-19.0,-8.0,0.6318027157159634,3.2434779788280017,16.479100000000003,291.999
2026-03-22 23:44:52.823962,129.0,77.7,99.7,25.4,34.2,11.0,0.87,pm25,24.74,65.0,0.49,1011.0,10000,33.0,Clear,clear sky,23,6,22,3,1,1,125.33333333333333,74.4,108.79999999999995,132.0,80.51666666666667,116.69999999999999,139.33333333333334,85.025,124.52499999999999,130.625,79.39583333333333,116.1875,15.0,0.0,0.7793380062252958,1.346456639903282,16.081,38.073
2026-03-23 00:44:52.823962,104.0,65.1,82.5,14.9,18.2,10.1,0.25,pm25,24.86,67.0,0.72,1005.0,10000,25.0,Clear,clear sky,0,0,23,3,0,1,115.66666666666667,72.36666666666667,99.93333333333328,121.83333333333333,75.1,108.81666666666666,134.91666666666666,82.51666666666667,118.35833333333333,131.375,79.87916666666668,116.18333333333334,-25.0,-29.0,0.7890908995261708,1.2214764280888304,16.6562,46.87199999999999
2026-03-23 01:44:52.823962,105.0,63.1,86.9,18.3,21.6,10.0,0.29,pm25,24.9,65.0,1.84,1007.0,10000,16.0,Clear,clear sky,1,0,23,3,0,1,112.66666666666667,68.63333333333334,89.69999999999995,119.0,72.2,102.91666666666667,132.41666666666666,80.75833333333333,114.88333333333333,130.375,79.14583333333333,114.85000000000001,1.0,-9.0,0.7261219709307023,1.1803278043536718,16.185,116.10400000000001
2026-03-23 02:44:52.823962,107.0,60.2,81.0,41.3,30.1,11.6,0.07,pm25,25.2,61.0,1.62,1019.0,10000,20.0,Clear,clear sky,2,0,23,3,0,1,105.33333333333333,62.80000000000001,83.46666666666663,115.33333333333333,68.60000000000001,96.13333333333334,130.83333333333334,80.14999999999999,113.075,130.04166666666666,78.48333333333333,114.3875,2.0,-22.0,0.7432098673677795,0.7288135416752171,15.372,97.52400000000002
2026-03-23 03:44:52.823962,117.0,66.8,103.1,27.3,27.2,16.8,0.21,pm25,26.49,61.0,3.43,1012.0,10000,88.0,Clear,clear sky,3,0,23,3,0,1,109.66666666666667,63.366666666666674,90.3333333333333,112.66666666666667,67.86666666666666,95.13333333333333,129.16666666666666,78.77499999999999,111.46666666666665,130.875,78.6375,114.70416666666667,10.0,13.0,0.6479146396904497,0.9963369598411369,16.1589,229.124
2026-03-23 04:44:52.823962,108.0,52.7,76.2,45.9,29.8,14.0,0.67,pm25,25.27,53.0,2.56,1021.0,10000,36.0,Clear,clear sky,4,0,23,3,0,1,110.66666666666667,59.90000000000001,86.76666666666661,111.66666666666667,64.26666666666667,88.23333333333333,126.33333333333333,75.58333333333333,106.25,130.75,77.88333333333334,113.94583333333334,-9.0,3.0,0.6916010407926373,0.6492374586222777,13.393099999999999,134.912
2026-03-23 05:44:52.823962,60.0,30.6,61.7,31.1,32.9,9.5,0.2,pm25,19.2,60.0,5.38,1014.0,10000,29.0,Clear,clear sky,5,0,23,3,0,1,95.0,50.03333333333334,80.33333333333327,100.16666666666667,56.41666666666666,81.89999999999999,116.08333333333333,68.46666666666667,99.3,129.66666666666666,77.21249999999999,112.93333333333334,-48.0,-47.0,0.49594812810456845,1.0578777794894603,11.52,164.62800000000001
2026-03-23 06:44:52.823962,132.0,75.7,130.2,22.5,28.3,9.6,0.51,pm25,27.98,62.0,5.51,1009.0,10000,99.0,Clear,clear sky,6,0,23,3,0,1,100.0,53.00000000000001,89.36666666666662,104.83333333333333,58.18333333333334,89.84999999999998,113.33333333333333,66.64166666666667,99.33333333333333,128.75,76.58749999999999,112.63749999999999,72.0,15.0,0.5814132059799294,1.2577777218765456,17.3476,417.107
2026-03-23 07:44:52.823962,194.0,119.4,177.8,42.1,4.0,14.3,0.67,pm25,31.79,68.0,2.81,1019.0,10000,50.0,Clear,clear sky,7,0,23,3,0,1,128.66666666666666,75.23333333333335,123.23333333333328,119.66666666666667,67.56666666666666,105.0,119.33333333333333,69.88333333333333,103.95833333333333,129.91666666666666,77.42083333333333,114.25416666666666,62.0,86.0,0.6715410535908827,0.09501187422774646,21.617199999999997,335.514
2026-03-23 08:44:52.823962,167.0,98.3,134.0,46.5,43.2,21.0,0.39,pm25,30.21,63.0,0.99,1021.0,10000,54.0,Clear,clear sky,8,0,23,3,0,1,164.33333333333334,97.80000000000001,147.3333333333333,129.66666666666666,73.91666666666667,113.83333333333333,122.5,71.25833333333334,104.98333333333333,131.45833333333334,78.4375,116.04583333333333,-27.0,107.0,0.7335820840777456,0.9290322380853283,19.0323,97.317
2026-03-23 09:44:52.823962,164.0,95.3,148.0,42.0,8.6,24.7,0.7,pm25,30.62,62.0,3.76,1019.0,10000,55.0,Clear,clear sky,9,0,23,3,0,1,175.0,104.33333333333333,153.26666666666662,137.5,78.66666666666667,121.31666666666666,125.08333333333333,73.26666666666667,108.22500000000001,130.54166666666666,77.80416666666666,115.17916666666667,-3.0,32.0,0.6439189145681155,0.20476189988662144,18.9844,358.328
2026-03-23 10:44:52.823962,120.0,69.9,89.7,14.1,15.0,9.3,0.34,pm25,29.41,63.0,0.72,1005.0,10000,84.0,Clear,clear sky,10,0,23,3,0,1,150.33333333333334,87.83333333333333,123.89999999999996,139.5,81.53333333333333,123.56666666666668,125.58333333333333,72.89999999999999,105.89999999999999,130.75,78.0875,115.22083333333332,-44.0,-74.0,0.7792642053593735,1.063829711785127,18.528299999999998,50.328
2026-03-23 11:44:52.823962,122.0,73.4,107.9,32.1,18.6,14.7,0.49,pm25,29.91,65.0,2.67,1014.0,10000,47.0,Clear,clear sky,11,0,23,3,0,1,135.33333333333334,79.53333333333335,115.19999999999995,149.83333333333334,88.66666666666667,131.26666666666668,125.0,72.54166666666667,106.58333333333333,132.16666666666666,78.78333333333333,115.55416666666666,2.0,-45.0,0.6802594932320715,0.5794392342853821,19.4415,195.978
2026-03-23 12:44:52.823962,143.0,87.5,128.1,47.1,26.8,15.7,0.48,pm25,32.15,66.0,2.53,1022.0,10000,77.0,Clear,clear sky,12,0,23,3,0,1,128.33333333333334,76.93333333333334,108.56666666666662,151.66666666666666,90.63333333333333,130.91666666666666,128.25,74.40833333333335,110.38333333333334,131.58333333333334,78.46249999999999,114.37083333333332,21.0,-21.0,0.6830601039573763,0.5690021110615263,21.219,221.37499999999997
2026-03-23 13:44:52.823962,133.0,78.6,116.8,38.0,30.5,17.1,0.52,pm25,31.04,64.0,2.84,1017.0,10000,72.0,Clear,clear sky,13,0,23,3,0,1,132.66666666666666,79.83333333333333,117.59999999999997,141.5,83.83333333333333,120.75,130.58333333333334,75.7,112.875,131.5,78.22916666666667,113.87916666666666,-10.0,13.0,0.6729451997179349,0.8026315578254853,19.8656,223.22399999999996
2026-03-23 14:44:52.823962,135.0,71.2,131.5,35.8,25.0,16.4,0.6,pm25,30.91,55.0,6.71,1016.0,10000,7.0,Clear,clear sky,14,0,23,3,0,1,137.0,79.10000000000001,125.46666666666663,136.16666666666666,79.31666666666666,120.33333333333333,132.91666666666666,76.61666666666666,117.08333333333333,131.875,78.38333333333334,115.07916666666667,2.0,13.0,0.5414448628027007,0.6983240028401118,17.0005,477.752
2026-03-23 15:44:52.823962,137.0,87.5,132.6,36.7,27.8,16.9,0.54,pm25,30.59,71.0,3.19,1016.0,10000,84.0,Clear,clear sky,15,0,23,3,0,1,135.0,79.10000000000001,126.96666666666663,131.66666666666666,78.01666666666667,117.76666666666667,134.58333333333334,78.34166666666667,119.54166666666667,131.875,78.55833333333334,115.50416666666666,2.0,-6.0,0.6598793313734591,0.7574931673707584,21.718899999999998,279.125
2026-03-23 16:44:52.823962,100.0,59.8,86.1,34.4,25.0,14.7,0.51,pm25,26.25,65.0,2.48,1015.0,10000,0.0,Clear,clear sky,16,0,23,3,0,1,124.0,72.83333333333333,116.73333333333329,128.33333333333334,76.33333333333333,117.16666666666667,133.91666666666666,78.93333333333334,120.36666666666667,130.125,77.25833333333334,113.30833333333332,-37.0,-33.0,0.6945412230599162,0.7267441649202279,17.0625,148.304
2026-03-23 17:44:52.823962,152.0,87.4,130.6,23.6,26.3,22.8,0.84,pm25,28.25,61.0,2.93,1010.0,10000,77.0,Clear,clear sky,17,0,23,3,0,1,129.66666666666666,78.23333333333335,116.43333333333328,133.33333333333334,78.66666666666667,120.94999999999999,141.58333333333334,83.66666666666667,126.10833333333333,128.83333333333334,76.06666666666666,112.70416666666667,52.0,17.0,0.6692189841560569,1.1144067324403926,17.2325,256.08200000000005
2026-03-23 18:44:52.823962,193.0,114.3,163.6,33.2,28.7,21.0,0.44,pm25,30.91,64.0,1.83,1015.0,10000,84.0,Clear,clear sky,18,0,23,3,0,1,148.33333333333334,87.16666666666667,126.76666666666661,141.66666666666666,83.13333333333334,126.86666666666666,146.66666666666666,86.88333333333334,128.89166666666665,130.0,76.7625,114.11250000000001,41.0,56.0,0.6986552524532075,0.8644578052874154,19.7824,209.169
2026-03-23 19:44:52.823962,156.0,97.4,164.7,43.4,36.0,15.2,0.37,pm25,24.8,69.0,5.79,1020.0,10000,51.0,Clear,clear sky,19,0,23,3,0,1,167.0,99.7,152.9666666666666,145.5,86.26666666666667,134.85,143.5,85.05,127.8,131.41666666666666,77.46666666666667,115.87916666666666,-37.0,56.0,0.591378259918772,0.8294930684448603,17.112000000000002,563.946
2026-03-23 20:44:52.823962,124.0,67.3,96.0,43.6,28.7,27.1,0.26,pm25,24.21,58.0,2.25,1020.0,10000,61.0,Clear,clear sky,20,0,23,3,0,1,157.66666666666666,93.0,141.43333333333328,143.66666666666666,85.61666666666667,128.9333333333333,139.91666666666666,82.46666666666667,124.63333333333333,131.20833333333334,76.8625,114.80833333333334,-32.0,-28.0,0.7010416593641494,0.6582568656363105,14.0418,151.42499999999998
2026-03-23 21:44:52.823962,129.0,76.4,109.9,34.1,27.2,13.7,0.89,pm25,24.69,64.0,2.3,1015.0,10000,17.0,Clear,clear sky,21,0,23,3,0,1,136.33333333333334,80.36666666666667,123.53333333333329,142.33333333333334,83.76666666666667,125.14999999999999,137.0,80.89166666666667,121.45833333333333,131.04166666666666,77.07916666666667,114.84166666666665,5.0,-64.0,0.6951774277053919,0.7976539355526705,15.8016,175.72
2026-03-23 22:44:52.823962,117.0,67.1,109.9,22.2,26.2,11.7,0.37,pm25,23.53,62.0,4.39,1009.0,10000,6.0,Clear,clear sky,22,0,23,3,0,1,123.33333333333333,70.26666666666667,105.26666666666664,145.16666666666666,84.98333333333333,129.11666666666665,136.75,80.65833333333333,123.14166666666665,131.16666666666666,76.77916666666665,114.52083333333333,-12.0,-39.0,0.6105550444899449,1.1801801270189132,14.588600000000001,294.56899999999996
2026-03-23 23:44:52.823962,114.0,69.4,105.2,38.1,27.1,12.2,0.54,pm25,23.15,66.0,3.17,1017.0,10000,12.0,Clear,clear sky,23,0,23,3,0,1,120.0,70.96666666666668,108.3333333333333,138.83333333333334,81.98333333333333,124.88333333333334,136.08333333333334,80.325,122.91666666666667,130.54166666666666,76.43333333333334,114.75,-3.0,-10.0,0.6596958112196216,0.7112860705699194,15.278999999999998,219.99800000000002
2026-03-24 00:44:52.823962,111.0,61.0,82.8,40.2,32.5,4.9,0.44,pm25,25.73,59.0,1.69,1018.0,10000,37.0,Clear,clear sky,0,1,24,3,0,1,114.0,65.83333333333333,99.29999999999995,125.16666666666667,73.10000000000001,111.41666666666667,133.41666666666666,78.11666666666666,119.14166666666665,130.83333333333334,76.2625,114.7625,-3.0,-18.0,0.736714966947887,0.8084576913318983,15.1807,103.09
2026-03-24 01:44:52.823962,108.0,64.1,64.6,19.2,14.1,18.0,0.87,pm25,25.34,64.0,1.75,1008.0,10000,2.0,Clear,clear sky,1,1,24,3,0,1,111.0,64.83333333333333,84.19999999999996,117.16666666666667,67.55,94.73333333333333,131.33333333333334,76.90833333333333,114.79166666666667,130.95833333333334,76.30416666666666,113.83333333333333,-3.0,-9.0,0.992260046559442,0.734374961751304,16.2176,112.17499999999998
2026-03-24 02:44:52.823962,113.0,69.9,102.3,34.1,41.5,14.2,0.36,pm25,25.92,67.0,2.63,1015.0,10000,49.0,Clear,clear sky,2,1,24,3,0,1,110.66666666666667,65.0,83.23333333333329,115.33333333333333,67.98333333333333,95.78333333333335,129.5,76.8,112.35833333333333,131.20833333333334,76.70833333333333,114.72083333333335,5.0,-1.0,0.6832844507987835,1.2170087619645524,17.366400000000002,183.83700000000002
2026-03-24 03:44:52.823962,102.0,52.0,87.2,34.8,19.1,12.6,0.63,pm25,24.52,56.0,4.37,1015.0,10000,2.0,Clear,clear sky,3,1,24,3,0,1,107.66666666666667,62.0,84.69999999999996,110.83333333333333,63.916666666666664,92.0,126.58333333333333,73.84166666666667,108.575,130.58333333333334,76.09166666666667,114.05833333333334,-11.0,-9.0,0.5963302683907079,0.548850558941076,13.7312,227.24
2026-03-24 04:44:52.823962,96.0,60.5,106.3,3.3,30.1,19.5,0.77,pm25,23.73,68.0,5.33,1000.0,10000,80.0,Clear,clear sky,4,1,24,3,0,1,103.66666666666667,60.80000000000001,98.59999999999997,107.33333333333333,62.81666666666666,91.39999999999999,126.25,73.89999999999999,110.25833333333333,130.08333333333334,76.41666666666667,115.3125,-6.0,-12.0,0.5691439269130393,9.121209357209286,16.136400000000002,322.46500000000003
2026-03-24 05:44:52.823962,92.0,56.1,86.1,41.4,31.7,21.6,0.19,pm25,23.27,66.0,3.29,1019.0,10000,5.0,Clear,clear sky,5,1,24,3,0,1,96.66666666666667,56.20000000000001,93.19999999999995,103.66666666666667,60.6,88.21666666666665,121.25,71.29166666666667,106.55,131.41666666666666,77.47916666666667,116.32916666666667,-4.0,-21.0,0.6515679366832993,0.7657004645966072,15.3582,184.56900000000002
2026-03-24 06:44:52.823962,135.0,81.2,129.2,34.5,34.4,6.2,0.45,pm25,28.26,65.0,4.12,1015.0,10000,36.0,Clear,clear sky,6,1,24,3,0,1,107.66666666666667,65.93333333333334,107.19999999999995,107.66666666666667,63.96666666666667,95.95,116.41666666666667,68.53333333333335,103.68333333333334,131.54166666666666,77.70833333333333,116.28750000000001,43.0,33.0,0.6284829672718037,0.997101420373872,18.369,334.54400000000004
2026-03-24 07:44:52.823962,167.0,102.8,167.4,40.3,30.6,12.6,0.6,pm25,29.47,68.0,4.97,1018.0,10000,23.0,Clear,clear sky,7,1,24,3,0,1,131.33333333333334,80.03333333333335,127.5666666666666,117.5,70.41666666666667,113.08333333333333,117.33333333333333,68.98333333333333,103.90833333333335,130.41666666666666,77.01666666666667,115.85416666666667,32.0,71.0,0.6140979652682319,0.7593051920767944,20.0396,510.91599999999994
2026-03-24 08:44:52.823962,171.0,96.4,141.9,42.5,22.0,13.8,0.41,pm25,30.57,59.0,2.6,1019.0,10000,24.0,Clear,clear sky,8,1,24,3,0,1,157.66666666666666,93.46666666666668,146.16666666666663,127.16666666666667,74.83333333333333,119.68333333333334,121.25,71.40833333333333,107.73333333333335,130.58333333333334,76.9375,116.18333333333334,4.0,79.0,0.6793516513083041,0.517647046643599,18.0363,250.64000000000001
2026-03-24 09:44:52.823962,165.0,93.4,155.3,41.9,17.6,23.8,0.61,pm25,30.67,59.0,5.27,1019.0,10000,67.0,Clear,clear sky,9,1,24,3,0,1,167.66666666666666,97.53333333333335,154.86666666666665,137.66666666666666,81.73333333333333,131.03333333333333,124.25,72.825,111.51666666666667,130.625,76.85833333333333,116.4875,-6.0,30.0,0.6014166091344713,0.4200477226718921,18.0953,492.218
2026-03-24 10:44:52.823962,136.0,86.7,130.7,34.5,20.4,16.7,0.33,pm25,30.96,70.0,3.1,1015.0,10000,38.0,Clear,clear sky,10,1,24,3,0,1,157.33333333333334,92.16666666666667,142.6333333333333,144.33333333333334,86.10000000000001,135.1,125.83333333333333,74.45833333333333,113.25,131.29166666666666,77.55833333333334,118.19583333333334,-29.0,-31.0,0.6633511808465863,0.591304330686831,21.672000000000004,268.77000000000004
2026-03-24 11:44:52.823962,121.0,70.8,86.7,46.7,32.7,17.0,0.31,pm25,29.83,63.0,0.07,1021.0,10000,65.0,Clear,clear sky,11,1,24,3,0,1,140.66666666666666,83.63333333333334,124.23333333333329,149.16666666666666,88.55,135.20000000000002,126.41666666666667,74.575,111.70833333333333,131.25,77.45,117.3125,-15.0,-50.0,0.8166089871210036,0.7002141177684343,18.7929,4.956
2026-03-24 12:44:52.823962,137.0,90.8,126.1,30.7,20.4,15.2,0.73,pm25,31.49,74.0,1.48,1013.0,10000,13.0,Clear,clear sky,12,1,24,3,0,1,131.33333333333334,82.76666666666667,114.49999999999996,149.5,90.14999999999999,134.6833333333333,128.58333333333334,77.05833333333334,115.31666666666666,131.0,77.5875,117.22916666666667,16.0,-28.0,0.7200634360026691,0.6644950923617233,23.302599999999998,134.384
2026-03-24 13:44:52.823962,168.0,103.7,154.7,29.9,32.9,17.2,0.68,pm25,34.52,68.0,2.89,1013.0,10000,65.0,Clear,clear sky,13,1,24,3,0,1,142.0,88.43333333333334,122.49999999999996,149.66666666666666,90.3,132.56666666666666,133.58333333333334,80.35833333333333,122.825,132.45833333333334,78.63333333333334,118.80833333333334,31.0,32.0,0.6703296659965763,1.100334411360053,23.4736,299.69300000000004
2026-03-24 14:44:52.823962,137.0,76.0,131.5,28.9,30.5,13.0,0.16,pm25,31.12,59.0,5.62,1012.0,10000,29.0,Clear,clear sky,14,1,24,3,0,1,147.33333333333334,90.16666666666667,137.4333333333333,144.0,86.89999999999999,130.83333333333334,135.58333333333334,80.86666666666666,125.25833333333333,132.54166666666666,78.83333333333333,118.80833333333334,-31.0,16.0,0.5779467636658041,1.0553632852815473,18.3608,427.12
2026-03-24 15:44:52.823962,121.0,72.7,89.4,18.9,24.5,13.3,0.59,pm25,29.0,65.0,0.05,1007.0,10000,100.0,Clear,clear sky,15,1,24,3,0,1,142.0,84.13333333333334,125.19999999999997,136.66666666666666,83.45,119.85000000000001,137.16666666666666,82.59166666666667,125.44166666666666,131.875,78.21666666666665,117.00833333333334,-16.0,-16.0,0.8131990960492271,1.2962962277091943,18.85,3.6350000000000002
2026-03-24 16:44:52.823962,121.0,77.9,128.9,41.9,38.0,10.6,0.83,pm25,28.36,71.0,4.8,1019.0,10000,40.0,Clear,clear sky,16,1,24,3,0,1,126.33333333333333,75.53333333333333,116.59999999999997,134.16666666666666,81.98333333333333,119.55,139.25,84.04166666666667,127.325,132.75,78.97083333333333,118.79166666666667,0.0,-47.0,0.6043444483759158,0.9069212194052216,20.1356,373.92
2026-03-24 17:44:52.823962,126.0,74.7,110.4,27.3,13.8,10.7,0.51,pm25,26.04,64.0,2.74,1012.0,10000,37.0,Clear,clear sky,17,1,24,3,0,1,122.66666666666667,75.10000000000001,109.56666666666665,135.0,82.63333333333334,123.5,142.08333333333334,85.59166666666665,129.35,131.66666666666666,78.44166666666668,117.94999999999999,5.0,-11.0,0.6766304286537099,0.505494486978224,16.665599999999998,204.67800000000003
2026-03-24 18:44:52.823962,130.0,88.3,133.7,21.2,25.2,19.2,0.69,pm25,25.6,75.0,3.17,1009.0,10000,92.0,Clear,clear sky,18,1,24,3,0,1,125.66666666666667,80.3,124.3333333333333,133.83333333333334,82.21666666666665,124.76666666666667,141.66666666666666,86.18333333333334,129.725,129.04166666666666,77.35833333333333,116.70416666666667,4.0,9.0,0.6604338020909963,1.1886791892132458,19.2,279.911
2026-03-24 19:44:52.823962,148.0,89.4,149.7,42.4,21.1,12.0,0.33,pm25,24.11,66.0,5.33,1019.0,10000,17.0,Clear,clear sky,19,1,24,3,0,1,134.66666666666666,84.13333333333334,131.26666666666662,130.5,79.83333333333333,123.93333333333334,140.08333333333334,85.06666666666666,128.25,128.70833333333334,77.025,116.07916666666667,18.0,27.0,0.5971943847882808,0.49764149769713456,15.9126,476.502
2026-03-24 20:44:52.823962,129.0,75.7,120.0,51.3,23.1,7.7,0.26,pm25,24.7,63.0,3.97,1024.0,10000,21.0,Clear,clear sky,20,1,24,3,0,1,135.66666666666666,84.46666666666665,134.4666666666666,129.16666666666666,79.78333333333333,122.01666666666667,136.58333333333334,83.34166666666667,126.425,128.91666666666666,77.37500000000001,117.07916666666667,-19.0,3.0,0.6308333280763889,0.4502923888831894,15.561,300.52900000000005
2026-03-24 21:44:52.823962,95.0,63.9,90.0,41.9,15.6,9.9,0.57,pm25,21.29,72.0,2.13,1019.0,10000,32.0,Clear,clear sky,21,1,24,3,0,1,124.0,76.33333333333333,119.89999999999993,124.83333333333333,78.31666666666668,122.11666666666667,130.75,80.88333333333334,120.98333333333333,127.5,76.85416666666667,116.25,-34.0,-35.0,0.7099999921111112,0.37231502691372254,15.3288,136.107
2026-03-24 22:44:52.823962,154.0,86.1,124.4,30.0,19.8,21.3,0.26,pm25,27.23,59.0,2.3,1013.0,10000,99.0,Clear,clear sky,22,1,24,3,0,1,126.0,75.23333333333333,111.46666666666663,130.33333333333334,79.68333333333332,121.36666666666666,132.25,80.83333333333333,120.45833333333333,129.04166666666666,77.64583333333333,116.85416666666667,59.0,6.0,0.6921221809314937,0.6599999780000008,16.0657,198.02999999999997
2026-03-24 23:44:52.823962,115.0,79.6,123.7,35.4,19.1,13.0,0.37,pm25,23.3,76.0,3.63,1016.0,10000,30.0,Clear,clear sky,23,1,24,3,0,1,121.33333333333333,76.53333333333333,112.69999999999997,128.5,80.5,123.58333333333333,131.75,81.56666666666668,123.54166666666667,129.08333333333334,78.07083333333334,117.625,-39.0,-14.0,0.6434923149273054,0.539548007357401,17.708,288.948
2026-03-25 00:44:52.823962,121.0,69.5,98.7,19.0,23.9,14.1,0.0,pm25,26.95,62.0,2.17,1008.0,10000,10.0,Clear,clear sky,0,2,25,3,0,1,130.0,78.39999999999999,115.59999999999997,127.0,77.36666666666667,117.75,130.41666666666666,79.79166666666667,121.25833333333333,129.5,78.425,118.28750000000001,6.0,26.0,0.7041539948920568,1.2578946706371223,16.709,150.815
2026-03-25 01:44:52.823962,105.0,59.4,83.8,33.4,14.1,12.4,0.64,pm25,24.95,61.0,2.19,1015.0,10000,40.0,Clear,clear sky,1,2,25,3,0,1,113.66666666666667,69.5,102.06666666666662,119.83333333333333,72.36666666666666,106.76666666666667,125.16666666666667,76.10000000000001,115.35000000000001,129.375,78.22916666666667,119.08749999999999,-16.0,-49.0,0.708830540467416,0.422155675983363,15.2195,130.08599999999998
2026-03-25 02:44:52.823962,96.0,56.9,91.9,33.7,37.2,15.2,0.48,pm25,23.78,64.0,4.0,1015.0,10000,97.0,Clear,clear sky,2,2,25,3,0,1,107.33333333333333,61.93333333333334,91.46666666666664,114.33333333333333,69.23333333333333,102.08333333333333,121.75,74.50833333333334,112.05,128.66666666666666,77.6875,118.65416666666665,-9.0,-19.0,0.6191512446229461,1.1038575340101622,15.2192,227.6
2026-03-25 03:44:52.823962,85.0,51.7,71.0,32.8,42.1,17.9,0.33,pm25,22.43,66.0,2.01,1014.0,10000,94.0,Clear,clear sky,3,2,25,3,0,1,95.33333333333333,56.0,82.23333333333329,112.66666666666667,67.19999999999999,98.91666666666667,118.75,72.75833333333334,110.51666666666667,127.95833333333333,77.675,117.97916666666667,-11.0,-36.0,0.7281690038286056,1.283536546233642,14.803799999999999,103.917
2026-03-25 04:44:52.823962,110.0,72.8,106.1,28.8,21.8,15.2,0.39,pm25,25.52,72.0,2.54,1012.0,10000,54.0,Clear,clear sky,4,2,25,3,0,1,97.0,60.46666666666666,89.66666666666663,105.33333333333333,64.98333333333333,95.86666666666667,117.83333333333333,72.33333333333333,108.61666666666666,128.54166666666666,78.1875,117.97083333333332,25.0,5.0,0.6861451396216293,0.7569444181616521,18.3744,184.912
2026-03-25 05:44:52.823962,109.0,70.2,106.1,37.1,23.0,20.8,0.16,pm25,25.48,70.0,3.12,1017.0,10000,84.0,Clear,clear sky,5,2,25,3,0,1,101.33333333333333,64.89999999999999,94.39999999999996,104.33333333333333,63.416666666666664,92.93333333333334,116.41666666666667,71.95833333333333,108.25833333333334,129.25,78.775,118.80416666666666,-1.0,13.0,0.661639956063714,0.6199460749340681,17.836000000000002,219.02400000000003
2026-03-25 06:44:52.823962,114.0,66.8,122.1,24.4,32.8,12.3,0.59,pm25,26.2,63.0,6.27,1010.0,10000,8.0,Clear,clear sky,6,2,25,3,0,1,111.0,69.93333333333334,111.4333333333333,103.16666666666667,62.96666666666666,96.83333333333333,115.08333333333333,70.16666666666667,107.29166666666667,128.375,78.175,118.50833333333334,5.0,29.0,0.5470925426118547,1.3442622399892523,16.506,418.83599999999996
2026-03-25 07:44:52.823962,180.0,103.9,147.2,31.4,22.8,20.6,0.81,pm25,30.57,61.0,1.7,1014.0,10000,85.0,Clear,clear sky,7,2,25,3,0,1,134.33333333333334,80.3,125.13333333333328,115.66666666666667,70.38333333333334,107.39999999999999,117.75,71.37499999999999,107.08333333333333,128.91666666666666,78.22083333333335,117.66666666666667,66.0,70.0,0.705842386509223,0.7261146265568591,18.6477,176.63
2026-03-25 08:44:52.823962,154.0,106.3,171.7,25.4,12.9,15.6,0.64,pm25,29.17,79.0,4.84,1011.0,10000,52.0,Clear,clear sky,8,2,25,3,0,1,149.33333333333334,92.33333333333333,146.99999999999997,125.33333333333333,78.61666666666667,120.7,119.83333333333333,73.925,111.39166666666665,128.20833333333334,78.63333333333334,118.90833333333332,-26.0,45.0,0.6191030831735406,0.5078739957529923,23.044300000000003,514.492
2026-03-25 09:44:52.823962,169.0,94.0,150.3,38.9,28.3,20.5,0.43,pm25,30.97,58.0,4.39,1017.0,10000,83.0,Clear,clear sky,9,2,25,3,0,1,167.66666666666666,101.39999999999999,156.39999999999995,139.33333333333334,85.66666666666667,133.91666666666666,126.0,76.43333333333334,116.41666666666667,128.375,78.65833333333333,118.7,15.0,55.0,0.6254158308355566,0.7275064080332544,17.9626,412.65999999999997
2026-03-25 10:44:52.823962,140.0,84.0,136.7,22.6,7.8,11.4,0.33,pm25,31.39,65.0,4.6,1009.0,10000,46.0,Clear,clear sky,10,2,25,3,0,1,154.33333333333334,94.76666666666667,152.89999999999995,144.33333333333334,87.53333333333335,139.01666666666665,124.83333333333333,76.25833333333334,117.44166666666665,128.54166666666666,78.54583333333333,118.94999999999999,-29.0,-40.0,0.6144842676336192,0.34513272809147216,20.4035,386.4
2026-03-25 11:44:52.823962,145.0,82.9,156.1,43.2,22.6,16.9,0.63,pm25,32.16,61.0,7.77,1020.0,10000,87.0,Clear,clear sky,11,2,25,3,0,1,151.33333333333334,86.96666666666665,147.69999999999996,150.33333333333334,89.64999999999999,147.35,127.33333333333333,76.53333333333333,120.14166666666667,129.54166666666666,79.05,121.84166666666665,5.0,-9.0,0.5310698236318397,0.5231481360382376,19.617599999999996,644.133
2026-03-25 12:44:52.823962,124.0,78.9,110.9,19.1,27.7,17.6,0.83,pm25,30.22,69.0,1.89,1008.0,10000,96.0,Clear,clear sky,12,2,25,3,0,1,136.33333333333334,81.93333333333334,134.56666666666663,152.0,91.66666666666667,145.48333333333332,127.58333333333333,77.31666666666666,121.15833333333335,129.0,78.55416666666666,121.20833333333333,-21.0,-45.0,0.7114517519255928,1.4502617041747796,20.851799999999997,149.121
2026-03-25 13:44:52.823962,109.0,62.8,78.3,21.9,12.2,12.2,0.59,pm25,28.6,62.0,0.61,1009.0,10000,80.0,Clear,clear sky,13,2,25,3,0,1,126.0,74.86666666666666,115.09999999999997,140.16666666666666,84.81666666666666,134.0,127.91666666666667,77.60000000000001,120.7,126.54166666666667,76.85,118.02499999999999,-15.0,-31.0,0.802043412489867,0.5570776001334429,17.732,38.308
2026-03-25 14:44:52.823962,144.0,91.4,145.2,26.0,18.0,21.3,0.4,pm25,31.8,70.0,4.21,1011.0,10000,73.0,Clear,clear sky,14,2,25,3,0,1,125.66666666666667,77.7,111.46666666666663,138.5,82.33333333333334,129.58333333333334,131.91666666666666,80.47500000000001,125.14166666666665,126.83333333333333,77.49166666666666,118.59583333333332,35.0,-1.0,0.6294765796868005,0.6923076656804744,22.26,384.79400000000004
2026-03-25 15:44:52.823962,136.0,81.2,116.0,19.5,28.2,9.5,0.39,pm25,30.48,65.0,2.14,1008.0,10000,9.0,Clear,clear sky,15,2,25,3,0,1,129.66666666666666,78.46666666666665,113.16666666666663,133.0,80.2,123.86666666666667,136.16666666666666,82.93333333333334,128.89166666666665,127.45833333333333,77.84583333333333,119.70416666666665,-8.0,12.0,0.6999999939655174,1.446153771992114,19.812,173.76800000000003
2026-03-25 16:44:52.823962,122.0,75.0,115.2,26.1,14.6,12.7,0.3,pm25,28.46,67.0,3.41,1011.0,10000,40.0,Clear,clear sky,16,2,25,3,0,1,134.0,82.53333333333335,125.46666666666663,130.0,78.7,120.28333333333332,137.16666666666666,83.11666666666667,129.65,127.5,77.72500000000001,119.13333333333334,-14.0,13.0,0.6510416610152634,0.5593869517476263,19.0682,255.75
2026-03-25 17:44:52.823962,164.0,88.7,128.4,29.6,37.5,18.4,0.42,pm25,29.27,55.0,2.31,1013.0,10000,96.0,Clear,clear sky,17,2,25,3,0,1,140.66666666666666,81.63333333333334,119.86666666666663,133.16666666666666,79.66666666666667,115.66666666666667,141.75,84.65833333333333,131.50833333333333,129.08333333333334,78.30833333333334,119.88333333333333,42.0,20.0,0.6908099634672121,1.2668918490914916,16.098499999999998,204.89700000000002
2026-03-25 18:44:52.823962,155.0,95.9,150.8,19.8,29.0,16.3,0.34,pm25,27.76,68.0,4.04,1008.0,10000,72.0,Clear,clear sky,18,2,25,3,0,1,147.0,86.53333333333335,131.46666666666664,138.33333333333334,82.50000000000001,122.31666666666666,145.16666666666666,87.08333333333333,133.9,130.125,78.625,120.59583333333332,-9.0,19.0,0.6359416403452146,1.4646463906744245,18.8768,387.43600000000004
2026-03-25 19:44:52.823962,202.0,127.7,183.8,31.7,15.5,10.6,0.4,pm25,28.7,71.0,1.82,1014.0,10000,33.0,Clear,clear sky,19,2,25,3,0,1,173.66666666666666,104.10000000000001,154.33333333333331,153.83333333333334,93.31666666666668,139.9,147.0,89.06666666666668,136.95000000000002,132.375,80.22083333333333,122.01666666666667,47.0,80.0,0.6947769276671549,0.4889589751117043,20.377,232.41400000000002
2026-03-25 20:44:52.823962,100.0,51.2,76.3,44.4,26.3,27.1,0.5,pm25,21.77,56.0,2.93,1020.0,10000,61.0,Clear,clear sky,20,2,25,3,0,1,152.33333333333334,91.60000000000001,136.96666666666664,146.5,86.61666666666667,128.41666666666666,142.5,84.47500000000001,129.00000000000003,131.16666666666666,79.2,120.19583333333333,-102.0,-64.0,0.67103537783702,0.592342329001299,12.191199999999998,150.01600000000002
2026-03-25 21:44:52.823962,148.0,91.8,139.6,31.1,14.3,19.7,0.31,pm25,26.64,68.0,3.28,1014.0,10000,65.0,Clear,clear sky,21,2,25,3,0,1,150.0,90.23333333333333,133.2333333333333,148.5,88.38333333333333,132.35,140.75,84.29166666666667,128.10833333333332,133.375,80.3625,122.2625,48.0,-7.0,0.6575931184986167,0.459807059170191,18.1152,301.104
2026-03-25 22:44:52.823962,155.0,92.4,134.8,37.0,26.1,16.1,0.82,pm25,27.34,64.0,2.44,1016.0,10000,91.0,Clear,clear sky,22,2,25,3,0,1,134.33333333333334,78.46666666666668,116.89999999999996,154.0,91.28333333333335,135.61666666666667,142.0,84.99166666666666,127.94999999999999,133.41666666666666,80.625,122.69583333333333,7.0,-47.0,0.6854599355678046,0.7054053863403951,17.4976,225.45600000000002
2026-03-25 23:44:52.823962,109.0,72.1,107.0,37.9,33.6,14.3,0.52,pm25,22.72,71.0,2.82,1017.0,10000,45.0,Clear,clear sky,23,2,25,3,0,1,137.33333333333334,85.43333333333334,127.13333333333328,144.83333333333334,88.51666666666667,132.04999999999998,139.0,84.09166666666667,123.85833333333333,133.16666666666666,80.3125,122.0,-46.0,9.0,0.6738317694034414,0.8865435122284036,16.1312,203.32199999999997
2026-03-26 00:44:52.823962,104.0,50.6,70.7,29.9,11.5,26.5,0.12,pm25,24.77,53.0,2.21,1013.0,10000,55.0,Clear,clear sky,0,3,26,3,0,1,122.66666666666667,71.7,104.16666666666663,136.33333333333334,80.96666666666667,118.7,137.33333333333334,81.73333333333333,120.50833333333334,132.45833333333334,79.52499999999999,120.83333333333333,-5.0,-44.0,0.7157001313196587,0.3846153717519943,13.1281,111.82600000000001
2026-03-26 01:44:52.823962,80.0,47.1,85.8,31.3,20.2,19.4,0.54,pm25,21.73,64.0,5.26,1014.0,10000,81.0,Clear,clear sky,1,3,26,3,0,1,97.66666666666667,56.6,87.8333333333333,116.0,67.53333333333333,102.36666666666667,134.91666666666666,80.425,121.13333333333333,131.41666666666666,79.0125,120.91666666666667,-24.0,-75.0,0.5489510425530182,0.6453673915218086,13.9072,247.746
2026-03-26 02:44:52.823962,117.0,68.0,95.8,34.5,30.4,14.0,0.29,pm25,26.38,63.0,2.06,1015.0,10000,37.0,Clear,clear sky,2,3,26,3,0,1,100.33333333333333,55.23333333333333,84.09999999999997,118.83333333333333,70.33333333333333,105.61666666666666,132.66666666666666,78.47500000000001,117.01666666666667,132.29166666666666,79.47500000000001,121.07916666666667,37.0,8.0,0.7098121011501869,0.8811593947490031,16.6194,140.08
2026-03-26 03:44:52.823962,103.0,67.5,101.3,44.8,26.6,10.8,0.07,pm25,24.63,71.0,3.02,1020.0,10000,30.0,Clear,clear sky,3,3,26,3,0,1,100.0,60.866666666666674,94.29999999999995,111.33333333333333,66.28333333333333,99.23333333333333,129.91666666666666,77.33333333333333,115.79166666666667,133.04166666666666,80.13333333333334,122.34166666666665,-14.0,-1.0,0.6663376044784047,0.5937499867466521,17.4873,203.85
2026-03-26 04:44:52.823962,112.0,57.5,99.8,39.8,19.3,7.3,0.6,pm25,25.76,55.0,5.04,1018.0,10000,28.0,Clear,clear sky,4,3,26,3,0,1,110.66666666666667,64.33333333333333,98.96666666666663,104.16666666666667,60.46666666666666,93.39999999999999,129.08333333333334,75.875,114.50833333333334,133.125,79.49583333333334,122.07916666666667,9.0,32.0,0.5761522988361494,0.48492461093154254,14.168000000000001,289.8
2026-03-26 05:44:52.823962,151.0,104.4,149.4,11.3,16.4,18.3,0.55,pm25,30.69,79.0,1.92,1004.0,10000,68.0,Clear,clear sky,5,3,26,3,0,1,122.0,76.46666666666667,116.8333333333333,111.16666666666667,65.85000000000001,100.46666666666665,128.0,77.18333333333334,116.25833333333333,134.875,80.92083333333333,123.88333333333334,39.0,34.0,0.6987951760455478,1.4513273051922737,24.2451,200.448
2026-03-26 06:44:52.823962,132.0,81.5,114.8,15.2,33.9,7.9,0.49,pm25,28.02,67.0,1.89,1006.0,10000,33.0,Clear,clear sky,6,3,26,3,0,1,131.66666666666666,81.13333333333334,121.3333333333333,115.83333333333333,71.0,107.81666666666666,126.08333333333333,75.98333333333333,113.25833333333334,135.625,81.53333333333333,123.57916666666665,-19.0,29.0,0.7099303074047882,2.2302630111669073,18.7734,154.035
2026-03-26 07:44:52.823962,154.0,94.7,141.0,39.2,40.9,9.9,0.75,pm25,28.4,67.0,2.83,1018.0,10000,43.0,Clear,clear sky,7,3,26,3,0,1,145.66666666666666,93.53333333333335,135.06666666666663,128.16666666666666,78.93333333333334,117.01666666666667,122.08333333333333,73.23333333333333,109.69166666666668,134.54166666666666,81.14999999999999,123.32083333333333,22.0,42.0,0.6716312009104171,1.0433673203222622,19.028,268.00100000000003
2026-03-26 08:44:52.823962,174.0,108.7,160.2,15.3,16.0,13.8,1.05,pm25,30.8,69.0,2.58,1006.0,10000,4.0,Clear,clear sky,8,3,26,3,0,1,153.33333333333334,94.96666666666665,138.66666666666663,137.66666666666666,85.71666666666668,127.75,128.25,78.02499999999999,116.68333333333332,135.375,81.25,122.84166666666668,20.0,23.0,0.6785268372126915,1.0457515656371525,21.252000000000002,280.446
2026-03-26 09:44:52.823962,134.0,79.6,126.8,34.5,21.1,9.3,1.0,pm25,28.07,64.0,4.1,1015.0,10000,95.0,Clear,clear sky,9,3,26,3,0,1,154.0,94.33333333333333,142.66666666666663,142.83333333333334,87.73333333333333,132.0,127.08333333333333,77.00833333333334,115.61666666666667,133.91666666666666,80.64999999999999,121.8625,-40.0,2.0,0.62776024741514,0.6115941851711831,17.9648,326.35999999999996
2026-03-26 10:44:52.823962,147.0,87.5,132.5,14.3,14.9,14.9,0.85,pm25,32.09,64.0,3.2,1005.0,10000,86.0,Clear,clear sky,10,3,26,3,0,1,151.66666666666666,91.93333333333334,139.8333333333333,148.66666666666666,92.73333333333333,137.45000000000002,126.41666666666667,76.60000000000001,115.42500000000001,134.20833333333334,80.79583333333333,121.6875,13.0,-7.0,0.660377353506586,1.0419579690938483,20.5376,280.0
2026-03-26 11:44:52.823962,120.0,73.7,96.9,27.4,40.9,20.2,0.71,pm25,29.7,67.0,0.95,1012.0,10000,57.0,Clear,clear sky,11,3,26,3,0,1,133.66666666666666,80.26666666666667,118.7333333333333,143.5,87.61666666666667,128.7,127.33333333333333,76.73333333333333,114.58333333333333,133.16666666666666,80.4125,119.22083333333335,-27.0,-54.0,0.7605779075275758,1.4927006754488805,19.898999999999997,70.015
2026-03-26 12:44:52.823962,150.0,93.7,122.9,41.2,14.7,18.1,0.65,pm25,32.84,69.0,0.36,1019.0,10000,63.0,Clear,clear sky,12,3,26,3,0,1,139.0,84.96666666666667,117.4333333333333,146.5,89.64999999999999,130.04999999999998,131.16666666666666,80.325,118.93333333333334,134.25,81.02916666666667,119.72083333333335,30.0,16.0,0.762408455960875,0.35679610784475463,22.6596,33.732
2026-03-26 13:44:52.823962,120.0,78.4,136.3,17.9,16.2,11.5,0.65,pm25,29.69,71.0,5.81,1007.0,10000,8.0,Clear,clear sky,13,3,26,3,0,1,130.0,81.93333333333334,118.69999999999997,140.83333333333334,86.93333333333334,129.26666666666668,134.5,82.93333333333332,123.14166666666667,134.70833333333334,81.67916666666667,122.1375,-30.0,-27.0,0.5752017566016012,0.9050278824006769,21.079900000000002,455.504
2026-03-26 14:44:52.823962,107.0,52.7,80.8,41.7,25.6,17.0,0.21,pm25,28.12,53.0,3.27,1019.0,10000,97.0,Clear,clear sky,14,3,26,3,0,1,125.66666666666667,74.93333333333334,113.33333333333331,129.66666666666666,77.60000000000001,116.03333333333335,133.66666666666666,81.65833333333333,121.89166666666667,133.16666666666666,80.06666666666666,119.45416666666667,-13.0,-13.0,0.6522277147001522,0.6139088581796437,14.9036,172.329
2026-03-26 15:44:52.823962,129.0,86.5,120.8,17.7,9.0,16.6,0.44,pm25,29.83,74.0,1.66,1007.0,10000,53.0,Clear,clear sky,15,3,26,3,0,1,118.66666666666667,72.53333333333335,112.63333333333328,128.83333333333334,78.75,115.03333333333335,135.83333333333334,83.24166666666666,123.51666666666667,132.875,80.28750000000001,119.65416666666668,22.0,-21.0,0.716059596721361,0.5084745475438108,22.0742,143.59
2026-03-26 16:44:52.823962,127.0,78.8,123.1,21.9,20.2,12.3,0.55,pm25,29.04,67.0,3.73,1009.0,10000,21.0,Clear,clear sky,16,3,26,3,0,1,121.0,72.66666666666667,108.23333333333329,125.5,77.3,113.46666666666665,137.08333333333334,85.01666666666667,125.45833333333333,133.08333333333334,80.44583333333334,119.98333333333333,-2.0,7.0,0.6401299704294885,0.9223743871061924,19.456799999999998,293.924
2026-03-26 17:44:52.823962,188.0,113.3,174.1,36.4,26.2,18.2,0.73,pm25,31.28,65.0,3.61,1016.0,10000,94.0,Clear,clear sky,17,3,26,3,0,1,148.0,92.86666666666667,139.3333333333333,136.83333333333334,83.89999999999999,126.33333333333333,140.16666666666666,85.75833333333333,127.51666666666665,134.08333333333334,81.47083333333333,121.88749999999999,61.0,81.0,0.6507754126894003,0.7197802000060385,20.332,409.013
2026-03-26 18:44:52.823962,145.0,88.3,109.7,48.1,16.2,14.2,0.41,pm25,26.9,66.0,0.41,1022.0,10000,44.0,Clear,clear sky,18,3,26,3,0,1,153.33333333333334,93.46666666666665,135.6333333333333,136.0,83.0,124.13333333333333,141.25,86.325,127.09166666666665,133.66666666666666,81.15416666666667,120.17500000000001,-43.0,16.0,0.8049225086151093,0.33679832979629254,17.753999999999998,36.202999999999996
2026-03-26 19:44:52.823962,202.0,124.8,190.7,31.0,31.1,14.0,0.67,pm25,28.66,69.0,3.51,1014.0,10000,91.0,Clear,clear sky,19,3,26,3,0,1,178.33333333333334,108.8,158.16666666666663,149.66666666666666,90.73333333333333,133.20000000000002,145.25,88.83333333333333,131.23333333333332,133.66666666666666,81.03333333333333,120.46249999999999,57.0,75.0,0.6544310400921288,1.0032257740894912,19.7754,438.04799999999994
2026-03-26 20:44:52.823962,139.0,92.5,141.0,50.5,29.4,13.6,0.41,pm25,25.72,74.0,3.34,1023.0,10000,30.0,Clear,clear sky,20,3,26,3,0,1,162.0,101.86666666666666,147.1333333333333,155.0,97.36666666666667,143.23333333333335,142.33333333333334,87.48333333333333,129.63333333333333,135.29166666666666,82.75416666666666,123.15833333333335,-63.0,-49.0,0.6560283641416428,0.5821782062935009,19.032799999999998,308.95
2026-03-26 21:44:52.823962,119.0,62.9,96.4,22.3,29.8,14.8,0.61,pm25,23.73,56.0,3.32,1009.0,10000,47.0,Clear,clear sky,21,3,26,3,0,1,153.33333333333334,93.39999999999999,142.69999999999996,153.33333333333334,93.43333333333334,139.16666666666666,141.08333333333334,86.09166666666665,127.10000000000001,134.08333333333334,81.55,121.35833333333333,-20.0,-26.0,0.652489619787452,1.3363228100303672,13.288800000000002,208.82799999999997
2026-03-26 22:44:52.823962,107.0,58.0,89.5,31.9,24.0,11.5,0.01,pm25,22.5,59.0,3.38,1014.0,10000,87.0,Clear,clear sky,22,3,26,3,0,1,121.66666666666667,71.13333333333333,108.96666666666663,150.0,89.96666666666665,133.5666666666667,137.75,83.63333333333334,123.51666666666667,132.08333333333334,80.11666666666666,119.47083333333335,-12.0,-95.0,0.6480446854967075,0.7523510735940102,13.275,196.04
2026-03-26 23:44:52.823962,131.0,74.6,124.1,34.7,26.2,14.0,0.39,pm25,24.86,61.0,4.83,1015.0,10000,11.0,Clear,clear sky,23,3,26,3,0,1,119.0,65.16666666666667,103.3333333333333,140.5,83.51666666666667,125.23333333333335,138.66666666666666,83.70833333333333,125.78333333333335,133.0,80.22083333333333,120.18333333333334,24.0,-8.0,0.6011281176379685,0.7550432059065358,15.1646,360.318
2026-03-27 00:44:52.823962,126.0,70.6,96.8,38.4,28.6,23.3,0.59,pm25,27.6,60.0,1.64,1017.0,10000,93.0,Clear,clear sky,0,4,27,3,0,1,121.33333333333333,67.73333333333333,103.46666666666663,137.33333333333334,80.56666666666666,123.08333333333333,136.66666666666666,81.78333333333333,123.60833333333333,133.91666666666666,81.05416666666667,121.27083333333333,-5.0,7.0,0.7293388354407145,0.744791647271051,16.56,115.78399999999998
2026-03-27 01:44:52.823962,116.0,71.3,92.2,18.4,24.4,23.6,0.48,pm25,26.31,67.0,0.8,1007.0,10000,74.0,Clear,clear sky,1,4,27,3,0,1,124.33333333333333,72.16666666666666,104.36666666666663,123.0,71.64999999999999,106.66666666666667,136.33333333333334,81.19166666666668,119.93333333333334,135.41666666666666,82.0625,121.53750000000001,-10.0,9.0,0.7733188636299472,1.3260868844517997,17.6277,57.04
2026-03-27 02:44:52.823962,113.0,64.2,107.2,26.2,16.6,3.8,0.38,pm25,25.95,61.0,4.62,1011.0,10000,40.0,Clear,clear sky,2,4,27,3,0,1,118.33333333333333,68.69999999999999,98.73333333333329,118.66666666666667,66.93333333333334,101.03333333333335,136.83333333333334,82.14999999999999,122.13333333333334,135.25,81.90416666666667,122.01249999999999,-3.0,-18.0,0.5988805914283527,0.633587762076803,15.829500000000001,296.60400000000004
2026-03-27 03:44:52.823962,64.0,35.8,61.5,53.9,25.5,11.6,0.51,pm25,19.79,62.0,4.16,1025.0,10000,6.0,Clear,clear sky,3,4,27,3,0,1,97.66666666666667,57.099999999999994,86.96666666666663,109.5,62.416666666666664,95.21666666666668,131.41666666666666,77.925,117.19166666666666,133.625,80.58333333333333,120.35416666666667,-49.0,-62.0,0.5821138116729462,0.47309832146385306,12.2698,148.928
2026-03-27 04:44:52.823962,102.0,55.9,80.9,37.2,30.8,17.4,0.47,pm25,24.52,60.0,2.56,1017.0,10000,73.0,Clear,clear sky,4,4,27,3,0,1,93.0,51.96666666666666,83.19999999999997,108.66666666666667,62.06666666666667,93.78333333333335,129.33333333333334,76.01666666666667,113.675,133.20833333333334,80.51666666666667,119.56666666666666,38.0,-14.0,0.6909765056739615,0.8279569669904041,14.712,143.104
2026-03-27 05:44:52.823962,90.0,53.5,79.2,20.9,18.9,19.2,0.56,pm25,22.98,65.0,2.84,1008.0,10000,77.0,Clear,clear sky,5,4,27,3,0,1,85.33333333333333,48.4,73.86666666666663,101.83333333333333,58.550000000000004,86.3,121.16666666666667,71.03333333333333,105.76666666666667,130.66666666666666,78.39583333333333,116.64166666666667,-12.0,-23.0,0.6755050419759464,0.9043061768274556,14.937000000000001,151.94
2026-03-27 06:44:52.823962,142.0,90.2,144.4,38.2,26.4,20.7,0.45,pm25,28.98,70.0,4.37,1017.0,10000,85.0,Clear,clear sky,6,4,27,3,0,1,111.33333333333333,66.53333333333332,101.49999999999996,104.5,61.81666666666667,94.23333333333333,120.91666666666667,71.19166666666666,108.65833333333335,131.08333333333334,78.75833333333334,117.875,52.0,78.0,0.6246537352863315,0.6910994583481817,20.286,394.17400000000004
2026-03-27 07:44:52.823962,157.0,98.6,161.8,34.3,16.3,15.8,0.32,pm25,28.64,70.0,5.1,1015.0,10000,55.0,Clear,clear sky,7,4,27,3,0,1,129.66666666666666,80.76666666666665,128.4666666666666,111.33333333333333,66.36666666666667,105.83333333333333,117.16666666666667,69.00833333333334,106.25,131.20833333333334,78.92083333333333,118.74166666666667,15.0,55.0,0.6093943102015185,0.4752186450373574,20.048,502.85999999999996
2026-03-27 08:44:52.823962,138.0,83.5,136.2,42.6,32.7,12.8,0.58,pm25,27.75,66.0,4.64,1019.0,10000,34.0,Clear,clear sky,8,4,27,3,0,1,145.66666666666666,90.76666666666665,147.4666666666666,115.5,69.58333333333333,110.66666666666667,117.08333333333333,68.25833333333333,105.85000000000001,129.70833333333334,77.87083333333334,117.74166666666666,-19.0,48.0,0.6130690116514758,0.7676056157839058,18.315,387.44
2026-03-27 09:44:52.823962,233.0,143.0,211.0,19.9,15.3,10.8,0.46,pm25,36.42,68.0,2.48,1008.0,10000,78.0,Clear,clear sky,9,4,27,3,0,1,176.0,108.36666666666666,169.66666666666663,143.66666666666666,87.45,135.58333333333334,126.58333333333333,74.93333333333332,115.39999999999999,133.83333333333334,80.5125,121.25,95.0,91.0,0.677725115271445,0.7688441824701416,24.7656,354.64
2026-03-27 10:44:52.823962,130.0,88.7,137.7,35.4,0.4,17.9,0.58,pm25,30.37,76.0,3.69,1016.0,10000,51.0,Clear,clear sky,10,4,27,3,0,1,167.0,105.06666666666666,161.6333333333333,148.33333333333334,92.91666666666667,145.04999999999998,128.5,77.49166666666666,119.41666666666667,133.125,80.5625,121.46666666666668,-103.0,-27.0,0.6441539532014964,0.011299434709055518,23.0812,327.303
2026-03-27 11:44:52.823962,127.0,90.5,135.4,33.4,21.6,13.4,0.39,pm25,30.44,79.0,2.95,1015.0,10000,22.0,Clear,clear sky,11,4,27,3,0,1,163.33333333333334,107.39999999999999,161.36666666666665,154.5,99.08333333333333,154.41666666666666,128.16666666666666,78.81666666666666,120.35833333333333,133.41666666666666,81.2625,123.07083333333334,-3.0,-11.0,0.6683899507504435,0.6467065674638753,24.047600000000003,266.975
2026-03-27 12:44:52.823962,132.0,73.6,115.0,21.0,22.2,11.2,0.39,pm25,31.02,59.0,3.69,1008.0,10000,12.0,Clear,clear sky,12,4,27,3,0,1,129.66666666666666,84.26666666666665,129.36666666666665,152.83333333333334,96.31666666666666,149.51666666666665,128.66666666666666,79.06666666666668,121.875,132.66666666666666,80.425,122.74166666666667,5.0,-101.0,0.6399999944347826,1.0571428068027233,18.3018,271.584
2026-03-27 13:44:52.823962,121.0,80.9,122.3,34.6,24.9,23.4,0.57,pm25,29.81,73.0,3.15,1015.0,10000,75.0,Clear,clear sky,13,4,27,3,0,1,126.66666666666667,81.66666666666667,124.23333333333329,146.83333333333334,93.36666666666666,142.93333333333334,129.08333333333334,79.86666666666666,124.38333333333333,132.70833333333334,80.52916666666665,122.15833333333332,-11.0,-9.0,0.6614881384996882,0.7196531583915272,21.761300000000002,254.835
2026-03-27 14:44:52.823962,115.0,60.5,96.8,43.9,23.8,11.0,0.69,pm25,28.89,56.0,3.93,1020.0,10000,8.0,Clear,clear sky,14,4,27,3,0,1,122.66666666666667,71.66666666666667,111.36666666666663,143.0,89.53333333333332,136.36666666666665,129.25,79.55833333333334,123.51666666666667,133.04166666666666,80.85416666666667,122.825,-6.0,-12.0,0.6249999935433885,0.5421412177188789,16.1784,237.76500000000001
2026-03-27 15:44:52.823962,120.0,65.8,96.1,15.8,23.6,23.4,0.28,pm25,28.9,59.0,2.61,1006.0,10000,75.0,Clear,clear sky,15,4,27,3,0,1,118.66666666666667,69.06666666666665,105.06666666666662,124.16666666666667,76.66666666666667,117.21666666666665,133.91666666666666,82.05833333333332,126.39999999999999,132.66666666666666,79.99166666666667,121.79583333333333,5.0,-12.0,0.6847034267980914,1.4936707915398235,17.051,171.73799999999997
2026-03-27 16:44:52.823962,136.0,87.6,125.3,24.0,22.0,20.9,0.65,pm25,29.86,71.0,2.08,1010.0,10000,82.0,Clear,clear sky,16,4,27,3,0,1,123.66666666666667,71.3,106.06666666666662,125.16666666666667,76.48333333333333,115.14999999999999,136.75,84.7,130.1,133.04166666666666,80.35833333333333,121.8875,16.0,15.0,0.6991221013637502,0.9166666284722238,21.200599999999998,182.208
2026-03-27 17:44:52.823962,171.0,96.0,158.0,32.8,28.4,10.6,0.44,pm25,29.83,58.0,5.1,1014.0,10000,15.0,Clear,clear sky,17,4,27,3,0,1,142.33333333333334,83.13333333333333,126.46666666666663,132.5,77.39999999999999,118.91666666666667,143.5,88.24166666666667,136.66666666666666,132.33333333333334,79.6375,121.21666666666668,35.0,56.0,0.6075949328633232,0.8658536321386089,17.301399999999997,489.59999999999997
2026-03-27 18:44:52.823962,202.0,116.0,188.8,37.9,27.0,15.1,0.36,pm25,31.63,60.0,5.22,1017.0,10000,54.0,Clear,clear sky,18,4,27,3,0,1,169.66666666666666,99.86666666666666,157.36666666666665,144.16666666666666,84.46666666666667,131.21666666666667,148.5,90.39166666666665,140.36666666666667,134.70833333333334,80.79166666666667,124.51249999999999,31.0,82.0,0.6144067764067438,0.71240103661211,18.977999999999998,605.52
2026-03-27 19:44:52.823962,171.0,102.4,144.7,26.4,23.3,17.0,0.65,pm25,26.09,65.0,1.68,1011.0,10000,92.0,Clear,clear sky,19,4,27,3,0,1,181.33333333333334,104.8,163.8333333333333,152.5,88.05,134.95000000000002,149.66666666666666,90.70833333333333,138.94166666666666,133.41666666666666,79.85833333333333,122.59583333333335,-31.0,35.0,0.7076710386477469,0.882575724144859,16.9585,172.032
2026-03-27 20:44:52.823962,160.0,100.8,150.6,19.8,31.7,11.4,0.46,pm25,27.8,70.0,2.92,1008.0,10000,26.0,Clear,clear sky,20,4,27,3,0,1,177.66666666666666,106.39999999999999,161.36666666666665,160.0,94.76666666666667,143.91666666666666,151.5,92.14999999999999,140.14166666666668,134.29166666666666,80.20416666666667,122.99583333333334,-11.0,-11.0,0.6693227047189728,1.601010020151009,19.46,294.336
2026-03-27 21:44:52.823962,149.0,89.0,114.7,26.0,28.6,19.9,0.7,pm25,26.72,65.0,0.19,1011.0,10000,84.0,Clear,clear sky,21,4,27,3,0,1,160.0,97.39999999999999,136.66666666666663,164.83333333333334,98.63333333333334,147.01666666666668,144.5,87.64999999999999,132.11666666666665,135.54166666666666,81.29166666666667,123.75833333333333,-11.0,-53.0,0.775937220785203,1.0999999576923094,17.368,16.91
2026-03-27 22:44:52.823962,108.0,61.3,71.8,28.4,24.4,14.6,0.48,pm25,22.6,61.0,0.03,1012.0,10000,15.0,Clear,clear sky,22,4,27,3,0,1,139.0,83.69999999999999,112.36666666666663,160.16666666666666,94.25,138.1,142.66666666666666,85.36666666666667,126.625,135.58333333333334,81.42916666666666,123.02083333333333,-41.0,-63.0,0.8537604337916375,0.8591548993255317,13.786000000000001,1.8389999999999997
2026-03-27 23:44:52.823962,154.0,79.5,128.7,12.5,21.2,6.0,0.29,pm25,27.19,52.0,4.42,1004.0,10000,30.0,Clear,clear sky,23,4,27,3,0,1,137.0,76.59999999999998,105.06666666666665,157.33333333333334,91.5,133.21666666666667,144.91666666666666,84.45,126.06666666666666,136.54166666666666,81.63333333333334,123.21249999999999,46.0,-6.0,0.6177156129159627,1.695999864320011,14.138800000000002,351.39
2026-03-28 00:44:52.823962,111.0,60.8,116.7,23.3,24.7,16.4,0.57,pm25,25.65,59.0,6.83,1010.0,10000,99.0,Clear,clear sky,0,5,28,3,1,1,124.33333333333333,67.19999999999999,105.7333333333333,142.16666666666666,82.3,121.19999999999999,143.16666666666666,83.38333333333333,126.20833333333333,135.91666666666666,81.225,124.04166666666667,-43.0,-38.0,0.5209939972494088,1.060085791412627,15.1335,415.264
2026-03-28 01:44:52.823962,117.0,71.4,122.3,34.6,19.4,19.8,0.47,pm25,26.4,66.0,5.27,1015.0,10000,78.0,Clear,clear sky,1,5,28,3,1,1,127.33333333333333,70.56666666666665,122.56666666666665,133.16666666666666,77.13333333333333,117.46666666666668,142.83333333333334,82.59166666666667,126.20833333333333,135.95833333333334,81.22916666666667,125.29583333333333,6.0,9.0,0.5838102977611587,0.560693625413479,17.424,376.278
2026-03-28 02:44:52.823962,124.0,76.4,132.1,19.2,20.1,13.4,0.3,pm25,27.38,67.0,5.64,1008.0,10000,94.0,Clear,clear sky,2,5,28,3,1,1,117.33333333333333,69.53333333333333,123.69999999999997,127.16666666666667,73.06666666666668,114.38333333333333,143.58333333333334,83.91666666666667,129.15,136.41666666666666,81.7375,126.33333333333333,7.0,-30.0,0.5783497306710846,1.0468749454752633,18.3446,430.896
2026-03-28 03:44:52.823962,107.0,67.6,99.1,45.1,25.3,11.2,0.45,pm25,25.16,68.0,2.66,1021.0,10000,7.0,Clear,clear sky,3,5,28,3,1,1,116.0,71.8,117.8333333333333,120.16666666666667,69.5,111.78333333333332,142.5,84.06666666666668,129.4,138.20833333333334,83.0625,127.90000000000002,-17.0,-4.0,0.6821392463961731,0.5609755973176143,17.108800000000002,179.816
2026-03-28 04:44:52.823962,95.0,49.7,97.4,35.3,39.1,13.8,0.27,pm25,23.61,58.0,6.42,1016.0,10000,98.0,Clear,clear sky,4,5,28,3,1,1,108.66666666666667,64.56666666666666,109.5333333333333,118.0,67.56666666666666,116.05,139.08333333333334,80.90833333333333,127.075,137.91666666666666,82.80416666666667,128.5875,-12.0,-22.0,0.5102669352128651,1.1076486938343149,13.6938,319.074
2026-03-28 05:44:52.823962,97.0,58.0,76.7,26.5,37.7,22.3,0.12,pm25,23.97,64.0,1.46,1011.0,10000,60.0,Clear,clear sky,5,5,28,3,1,1,99.66666666666667,58.433333333333316,91.06666666666665,108.5,63.98333333333333,107.38333333333333,132.91666666666666,77.74166666666666,120.30000000000001,138.20833333333334,82.99166666666667,128.48333333333332,2.0,-27.0,0.7561929497236903,1.4226414557493792,15.3408,84.67999999999999
2026-03-28 06:44:52.823962,141.0,81.8,119.9,38.7,43.6,11.4,0.76,pm25,28.94,62.0,2.58,1017.0,10000,47.0,Clear,clear sky,6,5,28,3,1,1,111.0,63.16666666666666,97.99999999999999,113.5,67.48333333333333,107.91666666666667,127.83333333333333,74.89166666666667,114.55833333333334,138.16666666666666,82.64166666666667,127.46250000000002,44.0,34.0,0.6822351903066289,1.1266149579686058,17.9428,211.044
2026-03-28 07:44:52.823962,152.0,84.8,122.4,5.0,23.2,11.8,0.56,pm25,28.27,58.0,2.28,1001.0,10000,29.0,Clear,clear sky,7,5,28,3,1,1,130.0,74.86666666666666,106.33333333333331,119.33333333333333,69.71666666666667,107.93333333333334,126.25,73.425,112.7,137.95833333333334,82.06666666666666,125.82083333333333,11.0,57.0,0.6928104518561237,4.639999072000185,16.3966,193.34399999999997
2026-03-28 08:44:52.823962,172.0,102.5,159.2,36.1,17.9,20.3,0.43,pm25,30.61,65.0,3.81,1016.0,10000,74.0,Clear,clear sky,8,5,28,3,1,1,155.0,89.69999999999999,133.83333333333331,127.33333333333333,74.06666666666666,112.44999999999999,127.25,73.56666666666666,113.41666666666667,139.375,82.85833333333333,126.77916666666668,20.0,75.0,0.6438442170612801,0.49584486161094565,19.8965,390.525
2026-03-28 09:44:52.823962,127.0,76.6,118.9,19.5,25.1,17.9,0.64,pm25,27.51,65.0,3.6,1008.0,10000,96.0,Clear,clear sky,9,5,28,3,1,1,150.33333333333334,87.96666666666665,133.49999999999997,130.66666666666666,75.56666666666666,115.75,125.41666666666667,72.53333333333333,113.76666666666667,134.95833333333334,80.09166666666665,122.94166666666668,-45.0,-14.0,0.6442388507633401,1.287179421170286,17.881500000000003,275.76
2026-03-28 10:44:52.823962,114.0,63.9,87.1,31.7,34.0,8.1,0.43,pm25,28.82,60.0,1.69,1014.0,10000,32.0,Clear,clear sky,10,5,28,3,1,1,137.66666666666666,80.99999999999999,121.7333333333333,133.83333333333334,77.93333333333332,114.03333333333332,125.91666666666667,72.75,115.04166666666667,134.29166666666666,79.05833333333334,120.83333333333333,-13.0,-38.0,0.7336394864105685,1.0725551712127706,17.292,107.991
2026-03-28 11:44:52.823962,109.0,61.9,84.9,17.2,31.2,13.0,0.37,pm25,28.56,62.0,1.8,1007.0,10000,31.0,Clear,clear sky,11,5,28,3,1,1,116.66666666666667,67.46666666666665,96.96666666666665,135.83333333333334,78.58333333333333,115.39999999999999,122.16666666666667,71.28333333333333,111.39166666666667,133.54166666666666,77.86666666666667,118.72916666666667,-5.0,-63.0,0.7290930420601526,1.813953382909687,17.7072,111.42
2026-03-28 12:44:52.823962,147.0,87.7,129.4,21.5,18.1,25.0,0.45,pm25,32.5,65.0,2.68,1009.0,10000,64.0,Clear,clear sky,12,5,28,3,1,1,123.33333333333333,71.16666666666666,100.46666666666665,136.83333333333334,79.56666666666666,116.98333333333335,125.16666666666667,73.525,112.45,134.16666666666666,78.45416666666667,119.32916666666665,38.0,20.0,0.6777434259834356,0.8418604259599802,21.125,235.03600000000003
2026-03-28 13:44:52.823962,117.0,67.8,105.6,15.3,29.2,23.8,0.4,pm25,29.37,63.0,3.59,1006.0,10000,71.0,Clear,clear sky,13,5,28,3,1,1,124.33333333333333,72.46666666666665,106.63333333333333,131.0,76.73333333333333,114.18333333333332,125.16666666666667,73.225,111.05833333333334,134.0,77.90833333333335,118.63333333333334,-30.0,3.0,0.6420454484654787,1.9084966072878033,18.503100000000003,243.402
2026-03-28 14:44:52.823962,116.0,76.6,119.7,30.0,21.8,8.9,0.38,pm25,29.01,72.0,3.72,1013.0,10000,19.0,Clear,clear sky,14,5,28,3,1,1,126.66666666666667,77.36666666666666,118.2333333333333,121.66666666666667,72.41666666666667,107.60000000000001,124.5,73.24166666666666,110.02499999999999,134.04166666666666,78.57916666666667,119.58749999999999,-1.0,7.0,0.6399331609028139,0.7266666424444452,20.887200000000004,284.952
2026-03-28 15:44:52.823962,129.0,73.6,121.1,42.0,21.9,9.6,0.63,pm25,29.81,61.0,4.59,1019.0,10000,16.0,Clear,clear sky,15,5,28,3,1,1,120.66666666666667,72.66666666666664,115.46666666666664,122.0,71.91666666666666,107.96666666666668,126.33333333333333,73.74166666666666,111.85833333333333,134.41666666666666,78.90416666666665,120.62916666666666,13.0,-18.0,0.607762174997835,0.5214285590136057,18.184099999999997,337.82399999999996
2026-03-28 16:44:52.823962,122.0,74.1,109.8,19.2,15.5,15.2,0.43,pm25,28.52,66.0,2.8,1008.0,10000,15.0,Clear,clear sky,16,5,28,3,1,1,122.33333333333333,74.76666666666665,116.86666666666663,123.33333333333333,73.61666666666666,111.75,128.58333333333334,75.77499999999999,112.89166666666665,133.83333333333334,78.34166666666667,119.98333333333333,-7.0,5.0,0.6748633818318454,0.8072916246202279,18.8232,207.47999999999996
2026-03-28 17:44:52.823962,210.0,135.4,215.9,24.0,17.9,10.7,0.51,pm25,33.15,74.0,4.92,1010.0,10000,26.0,Clear,clear sky,17,5,28,3,1,1,153.66666666666666,94.36666666666666,148.9333333333333,140.16666666666666,85.86666666666667,133.58333333333334,138.0,82.22500000000001,124.49166666666666,135.45833333333334,79.98333333333333,122.39583333333333,88.0,94.0,0.6271421925560806,0.7458333022569457,24.531,666.168
2026-03-28 18:44:52.823962,177.0,105.3,151.2,29.9,25.0,12.9,0.7,pm25,29.57,64.0,1.99,1013.0,10000,89.0,Clear,clear sky,18,5,28,3,1,1,169.66666666666666,104.93333333333332,158.96666666666664,145.16666666666666,88.8,137.21666666666667,141.0,84.18333333333332,127.10000000000001,134.41666666666666,79.5375,120.82916666666667,-33.0,48.0,0.6964285668225625,0.8361203733739005,18.9248,209.547
2026-03-28 19:44:52.823962,193.0,121.7,205.0,43.1,20.4,22.1,0.34,pm25,27.93,71.0,6.36,1020.0,10000,89.0,Clear,clear sky,19,5,28,3,1,1,193.33333333333334,120.8,190.69999999999996,157.83333333333334,97.78333333333335,153.78333333333333,144.41666666666666,87.25833333333333,133.98333333333332,135.33333333333334,80.34166666666665,123.34166666666665,16.0,71.0,0.5936585336894706,0.47331785444738156,19.8303,774.0120000000001
2026-03-28 20:44:52.823962,142.0,82.9,127.0,38.1,16.6,14.9,0.7,pm25,26.03,63.0,3.39,1017.0,10000,49.0,Clear,clear sky,20,5,28,3,1,1,170.66666666666666,103.3,161.06666666666663,162.16666666666666,98.83333333333333,155.0,141.91666666666666,85.625,131.29999999999998,134.58333333333334,79.59583333333333,122.35833333333333,-51.0,-68.0,0.6527559003720008,0.4356955266221647,16.3989,281.031
2026-03-28 21:44:52.823962,107.0,64.3,108.1,36.3,14.8,16.0,0.13,pm25,22.5,65.0,4.75,1016.0,10000,55.0,Clear,clear sky,21,5,28,3,1,1,147.33333333333334,89.63333333333331,146.69999999999996,158.5,97.28333333333332,152.83333333333334,140.25,84.6,130.4,132.83333333333334,78.56666666666666,122.08333333333333,-35.0,-70.0,0.5948196059683662,0.4077134873908131,14.625,305.425
2026-03-28 22:44:52.823962,125.0,81.4,136.3,43.2,27.6,6.3,0.48,pm25,24.33,71.0,5.12,1020.0,10000,28.0,Clear,clear sky,22,5,28,3,1,1,124.66666666666667,76.19999999999999,123.8,159.0,98.5,157.25,141.16666666666666,86.05833333333334,134.5,133.54166666666666,79.40416666666667,124.77083333333333,18.0,-68.0,0.5972120279001318,0.6388888740997946,17.274299999999997,416.76800000000003
2026-03-28 23:44:52.823962,114.0,57.5,100.1,40.1,21.7,25.5,0.61,pm25,23.15,54.0,5.08,1018.0,10000,7.0,Clear,clear sky,23,5,28,3,1,1,115.33333333333333,67.7333333333333,114.83333333333331,143.0,85.51666666666667,137.95000000000002,141.58333333333334,85.69166666666666,135.76666666666668,131.875,78.4875,123.57916666666667,-11.0,-28.0,0.5744255686870573,0.5411471186746355,12.501,292.1
2026-03-29 00:44:52.823962,90.0,48.9,83.5,44.5,33.8,16.2,0.42,pm25,23.01,60.0,4.53,1020.0,10000,58.0,Clear,clear sky,0,6,29,3,1,1,109.66666666666667,62.59999999999997,106.63333333333333,128.5,76.11666666666666,126.66666666666667,136.83333333333334,82.45833333333333,131.94166666666666,131.0,77.99166666666666,122.19583333333333,-24.0,-17.0,0.5856287355014522,0.7595505447292012,13.806000000000001,221.517
2026-03-29 01:44:52.823962,82.0,52.9,96.0,16.0,32.4,9.9,0.46,pm25,22.02,69.0,5.51,1006.0,10000,27.0,Clear,clear sky,1,6,29,3,1,1,95.33333333333333,53.09999999999999,93.19999999999997,110.0,64.64999999999999,108.5,133.91666666666666,81.21666666666667,131.14166666666668,129.54166666666666,77.22083333333333,121.10000000000001,-8.0,-43.0,0.5510416609266494,2.024999873437508,15.1938,291.479
2026-03-29 02:44:52.823962,121.0,73.0,106.4,32.4,32.3,19.4,0.8,pm25,27.01,65.0,2.53,1014.0,10000,83.0,Clear,clear sky,2,6,29,3,1,1,97.66666666666667,58.26666666666665,95.3,106.5,63.0,105.06666666666666,134.33333333333334,80.91666666666667,130.03333333333333,129.41666666666666,77.07916666666667,120.02916666666668,39.0,7.0,0.6860902191156935,0.996913549477977,17.5565,184.69
2026-03-29 03:44:52.823962,100.0,65.0,87.7,34.2,19.9,14.2,0.66,pm25,24.28,70.0,1.53,1015.0,10000,39.0,Clear,clear sky,3,6,29,3,1,1,101.0,63.633333333333304,96.69999999999999,105.33333333333333,63.116666666666674,101.66666666666667,131.91666666666666,80.2,127.25,129.125,76.97083333333333,119.55416666666666,-21.0,10.0,0.7411630474211739,0.5818713280154582,16.996000000000002,99.45
2026-03-29 04:44:52.823962,83.0,38.8,62.4,27.3,27.5,10.1,0.54,pm25,22.19,54.0,3.63,1012.0,10000,13.0,Clear,clear sky,4,6,29,3,1,1,101.33333333333333,58.933333333333316,85.49999999999999,98.33333333333333,56.01666666666666,89.35000000000001,128.66666666666666,77.25833333333334,123.3,128.625,76.51666666666667,118.09583333333335,-17.0,1.0,0.6217948618302105,1.00732597042762,11.9826,140.844
2026-03-29 05:44:52.823962,110.0,66.1,91.9,39.1,30.3,21.0,0.64,pm25,25.52,65.0,1.92,1018.0,10000,77.0,Clear,clear sky,5,6,29,3,1,1,97.66666666666667,56.633333333333304,80.66666666666664,97.66666666666667,57.449999999999996,87.98333333333333,120.33333333333333,71.48333333333333,112.96666666666665,129.16666666666666,76.85416666666666,118.72916666666667,27.0,-11.0,0.7192600574618055,0.7749360415617381,16.588,126.91199999999998
2026-03-29 06:44:52.823962,165.0,107.7,164.1,23.3,20.1,13.4,0.32,pm25,31.29,74.0,3.38,1010.0,10000,29.0,Clear,clear sky,6,6,29,3,1,1,119.33333333333333,70.86666666666665,106.13333333333333,110.16666666666667,67.25,101.41666666666667,119.33333333333333,71.68333333333334,114.04166666666667,130.16666666666666,77.93333333333332,120.57083333333333,55.0,65.0,0.6563071257994691,0.8626609071819353,23.154600000000002,364.026
2026-03-29 07:44:52.823962,170.0,99.1,153.6,10.2,18.1,15.9,0.48,pm25,29.76,62.0,3.74,1003.0,10000,58.0,Clear,clear sky,7,6,29,3,1,1,148.33333333333334,90.96666666666665,136.5333333333333,124.83333333333333,74.95,111.01666666666665,117.41666666666667,69.8,109.75833333333333,130.91666666666666,78.52916666666667,121.87083333333334,5.0,87.0,0.6451822874662612,1.7745096299500367,18.4512,370.634
2026-03-29 08:44:52.823962,136.0,86.0,134.2,40.9,25.7,13.8,0.44,pm25,27.58,70.0,3.78,1018.0,10000,4.0,Clear,clear sky,8,6,29,3,1,1,157.0,97.59999999999998,150.63333333333333,127.33333333333333,77.11666666666667,115.64999999999999,116.91666666666667,70.05833333333332,110.35833333333333,129.41666666666666,77.84166666666667,120.82916666666665,-34.0,26.0,0.6408345704855845,0.6283618428273389,19.305999999999997,325.08
2026-03-29 09:44:52.823962,174.0,105.3,150.7,36.2,17.4,21.9,0.38,pm25,31.47,66.0,1.92,1016.0,10000,70.0,Clear,clear sky,9,6,29,3,1,1,160.0,96.79999999999997,146.16666666666663,139.66666666666666,83.83333333333333,126.14999999999998,122.5,73.47500000000001,113.90833333333335,131.375,79.03750000000001,122.15416666666665,38.0,9.0,0.6987392123507684,0.4806629701474317,20.7702,202.176
2026-03-29 10:44:52.823962,157.0,90.3,146.4,27.4,24.0,15.2,0.59,pm25,33.13,61.0,4.64,1012.0,10000,3.0,Clear,clear sky,10,6,29,3,1,1,155.66666666666666,93.86666666666663,143.76666666666662,152.0,92.41666666666667,140.15,125.16666666666667,74.21666666666667,114.74999999999999,133.16666666666666,80.1375,124.625,-17.0,-13.0,0.6168032744753874,0.8759123767915191,20.2093,418.99199999999996
2026-03-29 11:44:52.823962,179.0,104.2,158.8,33.8,32.6,12.2,0.48,pm25,35.67,62.0,3.37,1015.0,10000,32.0,Clear,clear sky,11,6,29,3,1,1,170.0,99.93333333333332,151.96666666666664,163.5,98.76666666666667,151.29999999999998,130.58333333333334,78.10833333333333,119.64166666666667,136.08333333333334,81.89999999999999,127.70416666666665,22.0,43.0,0.6561712805026997,0.9644970128847039,22.1154,351.154
2026-03-29 12:44:52.823962,171.0,97.8,148.3,28.2,12.1,11.7,0.41,pm25,34.96,60.0,3.24,1012.0,10000,41.0,Clear,clear sky,12,6,29,3,1,1,169.0,97.43333333333332,151.16666666666666,164.5,97.11666666666667,148.66666666666666,137.33333333333334,82.18333333333332,125.04166666666667,137.08333333333334,82.32083333333334,128.49166666666667,-8.0,-3.0,0.6594740346630206,0.4290779989688653,20.976,316.872
2026-03-29 13:44:52.823962,107.0,60.5,85.8,40.7,26.5,22.9,0.32,pm25,28.36,61.0,2.27,1018.0,10000,77.0,Clear,clear sky,13,6,29,3,1,1,152.33333333333334,87.49999999999999,130.96666666666667,154.0,90.68333333333332,137.36666666666667,139.41666666666666,82.81666666666666,124.19166666666666,136.66666666666666,82.01666666666667,127.66666666666667,-64.0,-50.0,0.7051281969099278,0.6511056351079696,17.2996,137.335
2026-03-29 14:44:52.823962,143.0,85.1,134.3,55.2,27.3,13.8,0.57,pm25,31.72,64.0,3.99,1026.0,10000,18.0,Clear,clear sky,14,6,29,3,1,1,140.33333333333334,81.13333333333331,122.8,155.16666666666666,90.53333333333332,137.38333333333333,141.25,83.825,126.51666666666667,137.79166666666666,82.37083333333332,128.275,36.0,-36.0,0.6336559893249739,0.4945652084317897,20.3008,339.549
2026-03-29 15:44:52.823962,122.0,72.8,125.5,7.9,24.1,19.3,0.59,pm25,29.14,64.0,5.46,1002.0,10000,91.0,Clear,clear sky,15,6,29,3,1,1,124.0,72.79999999999997,115.19999999999999,146.5,85.11666666666666,133.1833333333333,143.08333333333334,84.475,129.66666666666666,137.5,82.3375,128.45833333333334,-21.0,-49.0,0.5800796766527516,3.0506325252363893,18.6496,397.488
2026-03-29 16:44:52.823962,147.0,91.4,142.4,25.6,28.9,24.7,0.22,pm25,31.03,68.0,3.79,1011.0,10000,68.0,Clear,clear sky,16,6,29,3,1,1,137.33333333333334,83.09999999999998,134.06666666666663,144.83333333333334,85.3,132.51666666666668,148.41666666666666,88.85833333333333,136.33333333333334,138.54166666666666,83.05833333333332,129.81666666666666,25.0,40.0,0.6418539280768685,1.1289062059021011,21.1004,346.406
2026-03-29 17:44:52.823962,164.0,98.4,159.2,38.2,13.1,12.7,0.38,pm25,29.25,65.0,4.74,1017.0,10000,42.0,Clear,clear sky,17,6,29,3,1,1,144.33333333333334,87.53333333333332,142.36666666666665,142.33333333333334,84.33333333333333,132.58333333333334,152.91666666666666,91.55,141.94166666666666,136.625,81.51666666666667,127.45416666666665,17.0,21.0,0.618090448378829,0.3429319281954992,19.0125,466.41600000000005
2026-03-29 18:44:52.823962,192.0,113.4,185.5,10.5,36.4,15.9,0.28,pm25,30.85,63.0,5.32,1003.0,10000,54.0,Clear,clear sky,18,6,29,3,1,1,167.66666666666666,101.06666666666665,162.36666666666665,145.83333333333334,86.93333333333334,138.78333333333333,155.16666666666666,92.02499999999999,143.725,137.25,81.85416666666667,128.88333333333333,28.0,70.0,0.6113207514214515,3.466666336507968,19.4355,603.288
2026-03-29 19:44:52.823962,163.0,104.3,154.7,29.9,42.0,10.4,0.42,pm25,25.41,71.0,2.74,1013.0,10000,45.0,Clear,clear sky,19,6,29,3,1,1,173.0,105.36666666666666,166.46666666666667,155.16666666666666,94.23333333333333,150.26666666666668,154.58333333333334,92.45833333333333,143.81666666666666,136.0,81.12916666666668,126.78750000000001,-29.0,16.0,0.6742081404382151,1.404682227268153,18.0411,285.78200000000004
2026-03-29 20:44:52.823962,118.0,80.9,130.2,41.4,24.4,4.3,0.31,pm25,23.56,75.0,4.33,1019.0,10000,34.0,Clear,clear sky,20,6,29,3,1,1,157.66666666666666,99.5333333333333,156.79999999999995,151.0,93.53333333333335,149.58333333333331,153.08333333333334,92.03333333333335,143.48333333333332,135.0,81.04583333333333,126.92083333333333,-45.0,-46.0,0.62135176174077,0.5893719664402907,17.67,350.297
2026-03-29 21:44:52.823962,117.0,73.0,123.5,35.2,24.4,12.5,0.26,pm25,23.49,68.0,5.09,1016.0,10000,5.0,Clear,clear sky,21,6,29,3,1,1,132.66666666666666,86.06666666666665,136.1333333333333,150.16666666666666,93.56666666666668,149.25,148.33333333333334,89.34166666666665,141.21666666666667,135.41666666666666,81.40833333333333,127.5625,-1.0,-75.0,0.5910931126227278,0.6931817984891534,15.973199999999999,371.57
2026-03-29 22:44:52.823962,123.0,73.4,112.8,19.1,8.2,14.8,0.46,pm25,24.11,64.0,3.41,1008.0,10000,6.0,Clear,clear sky,22,6,29,3,1,1,119.33333333333333,75.76666666666665,122.16666666666664,146.16666666666666,90.56666666666666,144.31666666666666,145.5,87.93333333333334,138.41666666666666,135.33333333333334,81.075,126.58333333333333,6.0,-40.0,0.6507092140894574,0.42931934925029575,15.430399999999999,250.29400000000004
2026-03-29 23:44:52.823962,129.0,81.9,122.5,29.0,24.9,6.5,0.46,pm25,24.74,69.0,2.95,1013.0,10000,26.0,Clear,clear sky,23,6,29,3,1,1,123.0,76.09999999999998,119.59999999999998,140.33333333333334,87.81666666666668,138.20000000000002,141.33333333333334,86.075,135.39166666666665,135.95833333333334,82.09166666666665,127.51666666666667,6.0,11.0,0.6685714231137028,0.8586206600475633,17.0706,241.60500000000002
2026-03-30 00:44:52.823962,81.0,50.5,67.8,48.2,23.9,19.0,0.69,pm25,21.93,67.0,1.82,1022.0,10000,92.0,Clear,clear sky,0,0,30,3,0,1,111.0,68.59999999999998,101.0333333333333,121.83333333333333,77.33333333333333,118.58333333333333,133.83333333333334,82.13333333333334,128.6833333333333,135.58333333333334,82.15833333333335,126.8625,-48.0,-36.0,0.7448377471262869,0.4958506121192819,14.6931,91.91
2026-03-30 01:44:52.823962,122.0,72.9,120.5,32.9,24.1,7.8,0.56,pm25,27.08,65.0,4.67,1014.0,10000,21.0,Clear,clear sky,1,0,30,3,0,1,110.66666666666667,68.43333333333332,103.59999999999998,115.0,72.10000000000001,112.88333333333333,135.08333333333334,83.16666666666667,131.57500000000002,137.25,82.99166666666666,127.88333333333333,41.0,-1.0,0.6049792480914585,0.7325227740874538,17.601999999999997,340.44300000000004
2026-03-30 02:44:52.823962,127.0,80.0,126.6,16.6,28.9,12.4,0.38,pm25,27.71,69.0,3.99,1006.0,10000,18.0,Clear,clear sky,2,0,30,3,0,1,110.0,67.79999999999998,104.96666666666664,116.5,71.95,112.28333333333335,133.75,82.74166666666666,130.93333333333334,137.5,83.28333333333333,128.725,5.0,-2.0,0.6319115273940638,1.740963750544352,19.1199,319.20000000000005
2026-03-30 03:44:52.823962,94.0,54.8,56.7,15.1,34.0,12.2,0.53,pm25,23.57,63.0,0.82,1006.0,10000,97.0,Clear,clear sky,3,0,30,3,0,1,114.33333333333333,69.2333333333333,101.26666666666665,112.66666666666667,68.91666666666667,101.14999999999999,131.41666666666666,81.24166666666667,125.2,137.25,82.85833333333333,127.43333333333334,-33.0,13.0,0.9664902827779491,2.251655480022816,14.8491,44.93599999999999
2026-03-30 04:44:52.823962,80.0,51.9,74.0,33.6,17.2,15.9,0.33,pm25,21.82,69.0,2.43,1015.0,10000,57.0,Clear,clear sky,4,0,30,3,0,1,100.33333333333333,62.23333333333331,85.76666666666665,105.5,65.33333333333334,94.68333333333334,125.83333333333333,77.95,119.5,137.125,83.40416666666667,127.91666666666667,-14.0,-42.0,0.7013513418736306,0.5119047466695016,15.0558,126.117
2026-03-30 05:44:52.823962,96.0,65.0,105.8,24.3,26.1,13.8,0.65,pm25,23.79,72.0,4.24,1010.0,10000,7.0,Clear,clear sky,5,0,30,3,0,1,90.0,57.23333333333331,78.83333333333331,100.0,62.51666666666667,91.89999999999999,120.16666666666667,75.16666666666667,115.05,136.54166666666666,83.35833333333333,128.4958333333333,16.0,-31.0,0.6143667238717702,1.0740740298734968,17.1288,275.6
2026-03-30 06:44:52.823962,161.0,102.6,140.6,23.3,40.9,18.7,0.59,pm25,30.93,71.0,0.99,1010.0,10000,3.0,Clear,clear sky,6,0,30,3,0,1,112.33333333333333,73.16666666666664,106.8,113.33333333333333,71.2,104.03333333333335,117.58333333333333,74.26666666666667,111.30833333333332,136.375,83.14583333333333,127.51666666666667,65.0,67.0,0.7297297245396179,1.7553647315294105,21.960300000000004,101.574
2026-03-30 07:44:52.823962,128.0,71.9,123.3,24.9,41.1,17.9,0.15,pm25,26.25,60.0,5.31,1010.0,10000,0.0,Clear,clear sky,7,0,30,3,0,1,128.33333333333334,79.83333333333331,123.2333333333333,114.33333333333333,71.03333333333332,104.5,114.66666666666667,71.56666666666668,108.69166666666666,134.625,82.0125,126.25416666666666,-33.0,48.0,0.5831305711019419,1.6506023433493036,15.75,381.789
2026-03-30 08:44:52.823962,203.0,127.2,197.5,25.2,30.3,18.6,0.81,pm25,33.23,71.0,4.0,1011.0,10000,79.0,Clear,clear sky,8,0,30,3,0,1,164.0,100.56666666666665,153.79999999999998,127.0,78.89999999999999,116.31666666666666,121.75,75.425,114.3,137.41666666666666,83.72916666666667,128.89166666666665,75.0,107.0,0.6440506296503766,1.2023809046674245,23.5933,508.8
2026-03-30 09:44:52.823962,167.0,104.4,149.7,30.3,32.4,16.1,0.68,pm25,30.85,69.0,1.96,1013.0,10000,59.0,Clear,clear sky,9,0,30,3,0,1,166.0,101.16666666666664,156.83333333333331,139.16666666666666,87.16666666666667,131.8166666666667,125.91666666666667,78.04166666666667,116.48333333333333,137.125,83.69166666666666,128.85,-36.0,6.0,0.6973947849205426,1.0693068954024125,21.2865,204.624
2026-03-30 10:44:52.823962,110.0,75.2,110.1,7.7,34.1,10.2,0.41,pm25,28.38,74.0,2.58,1002.0,10000,32.0,Clear,clear sky,10,0,30,3,0,1,160.0,102.26666666666665,152.4333333333333,144.16666666666666,91.05,137.83333333333334,124.83333333333333,78.19166666666666,116.25833333333334,135.16666666666666,83.0625,127.33749999999999,-57.0,-18.0,0.683015434305037,4.4285708534323565,21.001199999999997,194.01600000000002
2026-03-30 11:44:52.823962,136.0,76.0,113.1,20.5,25.3,17.5,0.66,pm25,31.33,59.0,2.87,1008.0,10000,5.0,Clear,clear sky,11,0,30,3,0,1,137.66666666666666,85.19999999999999,124.29999999999997,150.83333333333334,92.88333333333333,139.04999999999998,125.41666666666667,77.7,115.47500000000001,133.375,81.8875,125.43333333333334,26.0,-67.0,0.6719717005130708,1.234146281261157,18.484699999999997,218.12
2026-03-30 12:44:52.823962,135.0,76.2,95.7,26.5,28.8,14.3,0.66,pm25,31.33,60.0,0.2,1011.0,10000,36.0,Clear,clear sky,12,0,30,3,0,1,127.0,75.79999999999997,106.29999999999997,146.5,88.48333333333333,131.5666666666667,129.91666666666666,79.84166666666667,117.80000000000001,131.875,80.9875,123.24166666666666,-1.0,-32.0,0.7962382361939578,1.0867924118191543,18.798,15.240000000000002
2026-03-30 13:44:52.823962,146.0,93.4,138.3,26.3,41.3,11.6,0.67,pm25,32.32,71.0,2.72,1011.0,10000,45.0,Clear,clear sky,13,0,30,3,0,1,139.0,81.86666666666665,115.69999999999997,149.5,92.06666666666668,134.06666666666666,131.91666666666666,81.55,119.28333333333332,133.5,82.35833333333333,125.42916666666666,11.0,36.0,0.6753434513713417,1.570342145614367,22.9472,254.04800000000003
2026-03-30 14:44:52.823962,144.0,85.1,145.2,37.1,16.7,23.2,0.41,pm25,31.85,63.0,5.63,1017.0,10000,67.0,Clear,clear sky,14,0,30,3,0,1,141.66666666666666,84.89999999999998,126.39999999999998,139.66666666666666,85.05,125.34999999999998,133.33333333333334,81.97500000000001,120.83333333333333,133.54166666666666,82.35833333333333,125.88333333333333,-2.0,8.0,0.5860881502335527,0.4501347587564755,20.0655,479.11299999999994
2026-03-30 15:44:52.823962,112.0,75.3,119.0,28.5,20.8,13.5,0.07,pm25,28.11,73.0,3.91,1012.0,10000,28.0,Clear,clear sky,15,0,30,3,0,1,134.0,84.59999999999998,134.16666666666666,130.5,80.2,120.2333333333333,134.83333333333334,83.68333333333332,126.02499999999999,133.125,82.46249999999999,125.6125,-32.0,-23.0,0.6327731039262764,0.7298245357956303,20.5203,294.423
2026-03-30 16:44:52.823962,132.0,79.7,99.2,35.8,28.8,11.9,0.25,pm25,29.52,65.0,0.06,1016.0,10000,16.0,Clear,clear sky,16,0,30,3,0,1,129.33333333333334,80.0333333333333,121.13333333333331,134.16666666666666,80.95,118.41666666666667,139.16666666666666,86.0,128.125,132.5,81.97500000000001,123.8125,20.0,-14.0,0.8034274112557721,0.8044692512718088,19.188,4.782
2026-03-30 17:44:52.823962,129.0,76.2,120.7,45.7,17.4,20.2,0.38,pm25,26.33,64.0,3.95,1021.0,10000,80.0,Clear,clear sky,17,0,30,3,0,1,124.33333333333333,77.06666666666665,112.96666666666665,133.0,80.98333333333333,119.68333333333334,141.91666666666666,86.93333333333334,129.36666666666665,131.04166666666666,81.05,122.20833333333333,-3.0,-15.0,0.6313173104281913,0.38074397416315153,16.8512,300.99
2026-03-30 18:44:52.823962,121.0,77.0,91.1,31.4,23.8,15.4,0.66,pm25,24.85,69.0,0.67,1014.0,10000,75.0,Clear,clear sky,18,0,30,3,0,1,127.33333333333333,77.63333333333331,103.66666666666664,130.66666666666666,81.11666666666666,118.91666666666667,138.58333333333334,84.80000000000001,125.24166666666667,128.08333333333334,79.53333333333335,118.27499999999999,-8.0,9.0,0.8452250181643797,0.757961759300581,17.1465,51.59
2026-03-30 19:44:52.823962,147.0,85.2,127.4,33.4,10.8,13.5,0.69,pm25,24.02,62.0,2.95,1015.0,10000,46.0,Clear,clear sky,19,0,30,3,0,1,132.33333333333334,79.46666666666665,113.06666666666665,130.83333333333334,79.75,117.10000000000001,140.16666666666666,85.90833333333335,125.58333333333333,127.41666666666667,78.7375,117.13749999999999,26.0,15.0,0.6687598063676624,0.32335328373193767,14.8924,251.34000000000003
2026-03-30 20:44:52.823962,90.0,49.7,83.2,32.1,30.9,14.8,0.73,pm25,20.76,61.0,4.3,1014.0,10000,48.0,Clear,clear sky,20,0,30,3,0,1,119.33333333333333,70.63333333333331,100.56666666666665,121.83333333333333,73.85000000000001,106.76666666666667,130.75,79.45,116.05833333333334,126.25,77.4375,115.17916666666667,-57.0,-39.0,0.5973557620510125,0.9626167924418445,12.6636,213.71
2026-03-30 21:44:52.823962,153.0,89.2,139.9,41.9,22.0,23.4,0.62,pm25,27.1,63.0,3.91,1019.0,10000,73.0,Clear,clear sky,21,0,30,3,0,1,130.0,74.69999999999997,116.83333333333333,128.66666666666666,76.16666666666667,110.25,129.58333333333334,78.18333333333332,115.24166666666667,127.75,78.1125,115.8625,63.0,32.0,0.6375982799313918,0.5250596533398652,17.073,348.77200000000005
2026-03-30 22:44:52.823962,149.0,93.3,137.0,46.6,16.5,17.8,0.64,pm25,26.68,69.0,2.56,1021.0,10000,66.0,Clear,clear sky,22,0,30,3,0,1,130.66666666666666,77.39999999999998,120.03333333333332,131.5,78.43333333333334,116.55,132.83333333333334,79.69166666666668,117.48333333333333,128.83333333333334,78.94166666666666,116.87083333333332,-4.0,2.0,0.6810218928392563,0.35407724562065995,18.409200000000002,238.84799999999998
2026-03-30 23:44:52.823962,137.0,80.3,132.3,40.9,30.4,11.0,0.34,pm25,25.47,63.0,4.78,1018.0,10000,21.0,Clear,clear sky,23,0,30,3,0,1,146.33333333333334,87.59999999999998,136.4,132.83333333333334,79.11666666666666,118.48333333333333,132.91666666666666,80.05,119.08333333333333,129.16666666666666,78.875,117.27916666666665,-12.0,47.0,0.6069538880804695,0.7432762654455681,16.0461,383.834
2026-03-31 00:44:52.823962,103.0,65.3,111.6,31.1,29.8,16.2,0.35,pm25,24.63,69.0,5.06,1014.0,10000,67.0,Clear,clear sky,0,1,31,3,0,1,129.66666666666666,79.63333333333331,126.96666666666665,129.83333333333334,77.16666666666667,121.89999999999999,130.25,79.14166666666667,120.40833333333332,130.08333333333334,79.49166666666666,119.10416666666667,-34.0,-50.0,0.5851254427856143,0.9581993261029155,16.9947,330.41799999999995
2026-03-31 01:44:52.823962,116.0,74.7,112.5,3.6,22.0,7.7,0.19,pm25,26.31,70.0,3.07,1000.0,10000,23.0,Clear,clear sky,1,1,31,3,0,1,118.66666666666667,73.43333333333331,118.8,124.66666666666667,75.41666666666667,119.41666666666667,127.75,77.58333333333333,118.25833333333333,129.83333333333334,79.56666666666668,118.77083333333333,13.0,-33.0,0.6639999940977779,6.111109413580718,18.416999999999998,229.329
2026-03-31 02:44:52.823962,108.0,62.9,101.2,24.5,24.5,21.0,0.46,pm25,25.28,63.0,4.02,1010.0,10000,100.0,Clear,clear sky,2,1,31,3,0,1,109.0,67.63333333333331,108.43333333333332,127.66666666666667,77.61666666666666,122.41666666666667,124.75,75.73333333333333,114.59166666666665,129.04166666666666,78.85416666666667,117.71250000000002,-8.0,-29.0,0.6215414958345702,0.9999999591836751,15.926400000000001,252.85799999999998
2026-03-31 03:44:52.823962,125.0,78.1,113.0,34.1,29.1,17.4,0.32,pm25,27.42,68.0,2.38,1015.0,10000,80.0,Clear,clear sky,3,1,31,3,0,1,116.33333333333333,71.89999999999998,108.89999999999998,123.0,75.76666666666667,117.93333333333332,125.83333333333333,75.96666666666667,114.09166666666665,130.33333333333334,79.825,120.05833333333334,17.0,22.0,0.6911504363615005,0.8533724089920115,18.6456,185.878
2026-03-31 04:44:52.823962,89.0,54.8,76.9,31.2,30.8,13.2,0.64,pm25,22.87,67.0,2.21,1014.0,10000,31.0,Clear,clear sky,4,1,31,3,0,1,107.33333333333333,65.26666666666665,97.03333333333332,113.0,69.35,107.91666666666667,122.25,73.89166666666667,112.23333333333333,130.70833333333334,79.94583333333334,120.17916666666666,-36.0,-27.0,0.7126137748684814,0.98717945553912,15.322899999999999,121.10799999999999
2026-03-31 05:44:52.823962,112.0,67.3,96.6,27.4,17.1,12.7,0.67,pm25,25.86,65.0,2.35,1012.0,10000,34.0,Clear,clear sky,5,1,31,3,0,1,108.66666666666667,66.7333333333333,95.49999999999999,108.83333333333333,67.18333333333334,101.96666666666665,120.83333333333333,73.15,110.22500000000001,131.375,80.04166666666667,119.79583333333335,23.0,4.0,0.6966873633883296,0.6240875684639574,16.808999999999997,158.155
2026-03-31 06:44:52.823962,142.0,90.6,135.2,21.5,15.6,4.3,0.58,pm25,29.04,70.0,2.89,1009.0,10000,40.0,Clear,clear sky,6,1,31,3,0,1,114.33333333333333,70.89999999999998,102.89999999999998,115.33333333333333,71.39999999999999,105.89999999999999,122.58333333333333,74.28333333333332,113.89999999999999,130.58333333333334,79.54166666666667,119.57083333333333,30.0,17.0,0.6701183382387698,0.7255813616008668,20.328,261.834
2026-03-31 07:44:52.823962,134.0,77.8,111.9,7.4,30.9,20.3,0.74,pm25,26.7,63.0,2.28,1002.0,10000,7.0,Clear,clear sky,7,1,31,3,0,1,129.33333333333334,78.56666666666665,114.56666666666665,118.33333333333333,71.91666666666667,105.8,121.5,73.66666666666667,112.60833333333335,130.83333333333334,79.7875,119.09583333333335,-8.0,45.0,0.695263622026241,4.175675111395255,16.820999999999998,177.384
2026-03-31 08:44:52.823962,185.0,113.5,165.6,15.9,33.0,6.9,0.48,pm25,31.72,68.0,2.31,1006.0,10000,33.0,Clear,clear sky,8,1,31,3,0,1,153.66666666666666,93.96666666666664,137.56666666666663,131.16666666666666,80.35,116.53333333333335,129.41666666666666,78.98333333333333,119.47500000000001,130.08333333333334,79.21666666666665,117.76666666666667,51.0,73.0,0.6853864692911446,2.0754715675804047,21.5696,262.185
2026-03-31 09:44:52.823962,186.0,122.3,190.4,31.6,31.4,11.7,0.6,pm25,32.48,75.0,4.04,1014.0,10000,26.0,Clear,clear sky,9,1,31,3,0,1,168.33333333333334,104.5333333333333,155.96666666666667,141.33333333333334,87.71666666666665,129.43333333333334,132.16666666666666,81.74166666666666,123.68333333333334,130.875,79.9625,119.46249999999999,1.0,44.0,0.6423319293995171,0.9936708546306691,24.359999999999996,494.092
2026-03-31 10:44:52.823962,168.0,97.3,153.4,26.7,33.9,14.3,0.44,pm25,34.21,62.0,4.13,1011.0,10000,46.0,Clear,clear sky,10,1,31,3,0,1,179.66666666666666,111.0333333333333,169.79999999999998,154.5,94.8,142.1833333333333,133.75,82.075,125.05,133.29166666666666,80.88333333333334,121.26666666666667,-18.0,34.0,0.6342894352393127,1.2696628737953979,21.2102,401.849
2026-03-31 11:44:52.823962,159.0,88.9,124.1,36.0,35.5,17.0,0.37,pm25,33.65,58.0,1.61,1016.0,10000,59.0,Clear,clear sky,11,1,31,3,0,1,171.0,102.83333333333331,155.96666666666667,162.33333333333334,98.39999999999999,146.76666666666668,135.58333333333334,82.79166666666667,124.36666666666667,134.25,81.42083333333333,121.72500000000001,-9.0,-26.0,0.7163577702146836,0.9861110837191366,19.517,143.12900000000002
2026-03-31 12:44:52.823962,129.0,85.9,136.5,21.5,30.9,19.5,0.45,pm25,30.74,73.0,4.14,1009.0,10000,78.0,Clear,clear sky,12,1,31,3,0,1,152.0,90.69999999999999,138.0,160.16666666666666,97.61666666666667,146.98333333333332,137.75,84.50833333333334,126.44166666666668,134.0,81.825,123.42500000000001,-30.0,-57.0,0.6293040246937435,1.43720923547864,22.4402,355.626
2026-03-31 13:44:52.823962,149.0,93.4,134.3,24.7,31.7,14.8,0.53,pm25,32.56,69.0,2.12,1010.0,10000,48.0,Clear,clear sky,13,1,31,3,0,1,145.66666666666666,89.39999999999998,131.63333333333333,162.66666666666666,100.21666666666665,150.71666666666667,140.5,86.06666666666666,128.25833333333335,134.125,81.825,123.25833333333333,20.0,-19.0,0.6954579248290549,1.2834007577570543,22.466400000000004,198.008
2026-03-31 14:44:52.823962,153.0,86.0,141.0,25.3,29.2,12.6,0.41,pm25,32.75,59.0,4.8,1011.0,10000,20.0,Clear,clear sky,14,1,31,3,0,1,143.66666666666666,88.43333333333332,137.26666666666665,157.33333333333334,95.63333333333333,146.61666666666667,144.25,87.99166666666667,131.57500000000002,134.5,81.8625,123.08333333333333,4.0,-6.0,0.6099290736884463,1.1541501520098754,19.3225,412.8
2026-03-31 15:44:52.823962,153.0,88.8,108.1,14.6,16.2,14.6,0.21,pm25,32.22,62.0,0.76,1005.0,10000,97.0,Clear,clear sky,15,1,31,3,0,1,151.66666666666666,89.39999999999998,127.79999999999997,151.83333333333334,90.05000000000001,132.9,146.58333333333334,88.88333333333333,131.16666666666666,136.20833333333334,82.425,122.62916666666668,0.0,24.0,0.8214616020216319,1.1095889650966462,19.976399999999998,67.488
2026-03-31 16:44:52.823962,135.0,88.2,127.9,37.2,25.7,7.1,0.88,pm25,29.83,72.0,2.32,1017.0,10000,3.0,Clear,clear sky,16,1,31,3,0,1,147.0,87.66666666666664,125.66666666666664,146.33333333333334,88.53333333333335,128.65,150.41666666666666,91.66666666666667,135.41666666666666,136.33333333333334,82.77916666666667,123.82499999999999,-18.0,-14.0,0.689601245585604,0.6908601964822527,21.4776,204.624
2026-03-31 17:44:52.823962,174.0,107.3,159.5,30.3,22.9,11.8,0.31,pm25,30.05,68.0,2.78,1013.0,10000,18.0,Clear,clear sky,17,1,31,3,0,1,154.0,94.76666666666665,131.83333333333331,148.83333333333334,91.60000000000001,134.55,155.58333333333334,95.0,140.65833333333333,138.20833333333334,84.075,125.44166666666666,39.0,21.0,0.6727272685095469,0.7557755526146681,20.434,298.294
2026-03-31 18:44:52.823962,162.0,96.3,132.5,15.3,23.3,14.7,0.21,pm25,28.28,64.0,1.21,1006.0,10000,36.0,Clear,clear sky,18,1,31,3,0,1,157.0,97.26666666666665,139.96666666666667,154.33333333333334,93.33333333333333,133.88333333333335,157.25,95.47500000000001,140.43333333333334,139.91666666666666,84.87916666666666,127.16666666666667,-12.0,9.0,0.7267924473449626,1.5228757174591034,18.0992,116.523
2026-03-31 19:44:52.823962,171.0,97.3,148.3,39.3,43.7,6.0,0.04,pm25,26.05,60.0,3.35,1018.0,10000,98.0,Clear,clear sky,19,1,31,3,0,1,169.0,100.3,146.76666666666665,158.0,93.98333333333333,136.21666666666667,160.33333333333334,97.10000000000001,143.46666666666667,140.91666666666666,85.38333333333333,128.0375,9.0,36.0,0.6561024905185266,1.1119592592376781,15.63,325.955
2026-03-31 20:44:52.823962,155.0,90.5,122.9,38.1,18.7,6.3,0.68,pm25,27.3,63.0,1.06,1017.0,10000,32.0,Clear,clear sky,20,1,31,3,0,1,162.66666666666666,94.69999999999997,134.56666666666663,158.33333333333334,94.73333333333333,133.20000000000002,157.83333333333334,95.18333333333334,139.90833333333333,143.625,87.08333333333333,129.69166666666666,-16.0,-19.0,0.7363710273688281,0.4908136354117156,17.199,95.93
2026-03-31 21:44:52.823962,155.0,96.0,153.2,34.8,21.9,17.2,0.71,pm25,27.28,68.0,4.38,1015.0,10000,84.0,Clear,clear sky,21,1,31,3,0,1,160.33333333333334,94.59999999999998,141.46666666666667,158.66666666666666,95.93333333333334,140.71666666666667,155.25,92.99166666666667,136.8083333333333,143.70833333333334,87.36666666666667,130.24583333333334,0.0,-7.0,0.6266318496956146,0.6293103267439561,18.5504,420.48
2026-03-31 22:44:52.823962,137.0,80.8,113.3,31.5,29.6,8.0,0.54,pm25,25.55,63.0,1.82,1014.0,10000,16.0,Clear,clear sky,22,1,31,3,0,1,149.0,89.09999999999998,129.79999999999998,159.0,94.69999999999999,138.28333333333333,152.66666666666666,91.61666666666666,133.46666666666667,143.20833333333334,86.84583333333335,129.25833333333335,-18.0,-34.0,0.7131509204488004,0.9396825098513489,16.096500000000002,147.056
2026-03-31 23:44:52.823962,157.0,91.6,118.5,31.0,17.1,16.3,0.22,pm25,27.57,62.0,0.16,1013.0,10000,77.0,Clear,clear sky,23,1,31,3,0,1,149.66666666666666,89.46666666666664,128.3333333333333,156.16666666666666,92.08333333333333,131.45,152.5,91.84166666666665,133.0,144.04166666666666,87.31666666666666,128.68333333333334,20.0,2.0,0.7729957740675462,0.5516128854318424,17.0934,14.655999999999999
2026-04-01 00:44:52.823962,84.0,55.7,80.5,22.3,26.2,16.2,0.34,pm25,22.23,71.0,2.54,1009.0,10000,25.0,Clear,clear sky,0,2,1,4,0,1,126.0,76.03333333333332,104.09999999999998,143.16666666666666,85.31666666666666,122.78333333333332,148.75,89.325,128.33333333333334,143.25,86.91666666666667,127.3875,-73.0,-71.0,0.6919254572431621,1.1748878396911282,15.783299999999999,141.478
2026-04-01 01:44:52.823962,121.0,70.0,105.0,34.6,36.6,18.9,0.58,pm25,26.89,63.0,2.99,1015.0,10000,84.0,Clear,clear sky,1,2,1,4,0,1,120.66666666666667,72.43333333333332,101.33333333333331,134.83333333333334,80.76666666666667,115.56666666666666,146.41666666666666,87.375,125.89166666666667,143.45833333333334,86.72083333333332,127.075,37.0,-16.0,0.6666666603174604,1.0578034376357388,16.9407,209.3
2026-04-01 02:44:52.823962,120.0,81.8,100.8,29.2,15.7,13.4,0.21,pm25,26.77,75.0,0.28,1013.0,10000,41.0,Clear,clear sky,2,2,1,4,0,1,108.33333333333333,69.16666666666664,95.43333333333332,129.0,79.31666666666666,111.88333333333334,143.66666666666666,87.02499999999999,122.54166666666667,143.95833333333334,87.50833333333333,127.05833333333332,-1.0,-37.0,0.8115079284572626,0.5376712144633146,20.0775,22.904
2026-04-01 03:44:52.823962,64.0,35.3,50.3,36.6,30.6,14.7,0.74,pm25,19.71,62.0,2.61,1016.0,10000,47.0,Clear,clear sky,3,2,1,4,0,1,101.66666666666667,62.36666666666665,85.36666666666663,113.83333333333333,69.2,94.73333333333333,136.25,82.56666666666666,117.72500000000001,141.41666666666666,85.72500000000001,124.44583333333333,-56.0,-20.0,0.7017892504614464,0.8360655509271708,12.2202,92.13299999999998
2026-04-01 04:44:52.823962,88.0,49.3,64.5,34.5,38.4,12.6,0.68,pm25,22.84,61.0,1.58,1015.0,10000,44.0,Clear,clear sky,4,2,1,4,0,1,90.66666666666667,55.46666666666664,71.86666666666663,105.66666666666667,63.949999999999996,86.60000000000001,132.33333333333334,79.325,112.44166666666666,141.375,85.49583333333334,123.92916666666667,24.0,-33.0,0.7643410734210686,1.1130434459987408,13.9324,77.894
2026-04-01 05:44:52.823962,100.0,53.0,87.0,24.6,30.6,14.3,0.6,pm25,24.26,58.0,4.12,1010.0,10000,42.0,Clear,clear sky,5,2,1,4,0,1,84.0,45.866666666666646,67.26666666666665,96.16666666666667,57.51666666666667,81.35,126.16666666666667,74.8,106.39999999999999,140.875,84.89999999999999,123.52916666666665,12.0,-20.0,0.6091953952966047,1.2439023884592524,14.070800000000002,218.36
2026-04-01 06:44:52.823962,105.0,64.2,98.0,33.8,25.6,7.4,0.28,pm25,25.25,66.0,3.25,1015.0,10000,22.0,Clear,clear sky,6,2,1,4,0,1,97.66666666666667,55.49999999999998,83.16666666666664,99.66666666666667,58.93333333333333,84.26666666666667,121.41666666666667,72.125,103.52499999999999,139.33333333333334,83.8,121.97916666666667,5.0,41.0,0.6551020341316119,0.7573964272959639,16.665,208.65
2026-04-01 07:44:52.823962,169.0,102.9,149.6,27.1,28.6,11.7,0.37,pm25,29.65,67.0,2.29,1012.0,10000,74.0,Clear,clear sky,7,2,1,4,0,1,124.66666666666667,73.36666666666666,111.5333333333333,107.66666666666667,64.41666666666667,91.7,121.25,72.59166666666667,103.63333333333333,140.79166666666666,84.84583333333335,123.55,64.0,81.0,0.6878342200011083,1.0553505145627116,19.8655,235.64100000000002
2026-04-01 08:44:52.823962,146.0,82.9,120.9,51.3,25.2,22.1,0.7,pm25,28.43,60.0,2.49,1024.0,10000,80.0,Clear,clear sky,8,2,1,4,0,1,140.0,83.33333333333331,122.8333333333333,112.0,64.60000000000001,95.05000000000001,120.5,71.95833333333333,103.46666666666665,139.16666666666666,83.57083333333334,121.6875,-23.0,46.0,0.6856906477610368,0.4912280605998429,17.058,206.42100000000002
2026-04-01 09:44:52.823962,146.0,96.0,145.1,39.6,28.0,22.7,0.59,pm25,29.05,74.0,3.18,1018.0,10000,76.0,Clear,clear sky,9,2,1,4,0,1,153.66666666666666,93.93333333333332,138.5333333333333,125.66666666666667,74.71666666666667,110.84999999999998,119.75,71.95833333333333,102.79166666666667,137.5,82.475,119.8,0.0,41.0,0.6616126763500161,0.7070706892153866,21.497000000000003,305.28000000000003
2026-04-01 10:44:52.823962,134.0,76.0,127.1,13.8,27.1,31.2,0.46,pm25,30.78,61.0,4.97,1005.0,10000,96.0,Clear,clear sky,10,2,1,4,0,1,142.0,84.96666666666664,131.0333333333333,133.33333333333334,79.16666666666667,121.28333333333332,119.5,71.55833333333334,103.94166666666666,136.08333333333334,81.58749999999999,118.70416666666665,-12.0,-35.0,0.597954361935843,1.963767973640002,18.7758,377.71999999999997
2026-04-01 11:44:52.823962,187.0,113.5,176.4,29.9,31.8,4.7,0.35,pm25,36.47,66.0,3.92,1013.0,10000,37.0,Clear,clear sky,11,2,1,4,0,1,155.66666666666666,95.16666666666664,149.53333333333333,147.83333333333334,89.25,136.1833333333333,122.0,73.38333333333333,108.76666666666665,137.25,82.6125,120.88333333333333,53.0,41.0,0.6434240326336506,1.0635451149316015,24.0702,444.92
2026-04-01 12:44:52.823962,165.0,103.2,157.4,28.4,29.9,15.2,0.42,pm25,34.33,69.0,3.37,1012.0,10000,7.0,Clear,clear sky,12,2,1,4,0,1,162.0,97.56666666666665,153.63333333333333,157.83333333333334,95.75,146.08333333333334,128.75,77.34166666666667,115.175,138.75,83.33333333333333,121.75416666666666,-22.0,19.0,0.6556543795701755,1.0528168643374343,23.6877,347.78400000000005
2026-04-01 13:44:52.823962,159.0,103.3,156.7,31.0,34.6,11.0,0.64,pm25,33.62,73.0,3.26,1014.0,10000,5.0,Clear,clear sky,13,2,1,4,0,1,170.33333333333334,106.66666666666664,163.49999999999997,156.16666666666666,95.81666666666668,147.26666666666668,131.91666666666666,80.11666666666667,119.48333333333333,139.16666666666666,83.74583333333332,122.6875,-6.0,25.0,0.6592214380394292,1.1161289962539034,24.542599999999997,336.758
2026-04-01 14:44:52.823962,130.0,71.0,108.0,33.1,12.8,18.3,0.68,pm25,30.38,58.0,3.22,1015.0,10000,60.0,Clear,clear sky,14,2,1,4,0,1,151.33333333333334,92.49999999999999,140.69999999999996,153.5,93.83333333333333,145.11666666666665,132.75,79.21666666666665,120.08333333333333,138.20833333333334,83.12083333333332,121.3125,-29.0,-57.0,0.6574074013203018,0.38670693695749436,17.6204,228.62
2026-04-01 15:44:52.823962,146.0,85.3,135.9,25.6,20.2,16.3,0.55,pm25,31.52,63.0,4.18,1011.0,10000,68.0,Clear,clear sky,15,2,1,4,0,1,145.0,86.5333333333333,133.53333333333333,153.5,92.05,143.58333333333334,139.58333333333334,83.38333333333334,127.21666666666665,137.91666666666666,82.975,122.47083333333332,16.0,-19.0,0.6276673978832421,0.7890624691772472,19.8576,356.554
2026-04-01 16:44:52.823962,138.0,76.5,106.9,32.8,19.0,11.4,0.47,pm25,30.1,59.0,1.81,1014.0,10000,24.0,Clear,clear sky,16,2,1,4,0,1,138.0,77.59999999999998,116.93333333333332,154.16666666666666,92.13333333333333,140.21666666666667,143.75,85.64999999999999,130.75,138.04166666666666,82.4875,121.59583333333335,-8.0,-21.0,0.7156220700128899,0.5792682750223088,17.759,138.465
2026-04-01 17:44:52.823962,169.0,98.7,148.2,34.4,16.1,11.8,0.31,pm25,29.66,62.0,3.02,1015.0,10000,33.0,Clear,clear sky,17,2,1,4,0,1,151.0,86.83333333333331,130.33333333333331,151.16666666666666,89.66666666666667,135.51666666666668,149.5,89.45833333333333,135.85,137.83333333333334,82.12916666666666,121.125,31.0,39.0,0.6659918983401357,0.4680232422086268,18.389200000000002,298.074
2026-04-01 18:44:52.823962,184.0,113.4,149.2,31.8,21.3,23.5,0.41,pm25,30.19,68.0,0.14,1014.0,10000,72.0,Clear,clear sky,18,2,1,4,0,1,163.66666666666666,96.19999999999999,134.76666666666665,154.33333333333334,91.36666666666667,134.15,156.08333333333334,93.55833333333334,140.11666666666667,138.75,82.84166666666667,121.82083333333334,15.0,38.0,0.7600536142087561,0.6698112996914686,20.5292,15.876000000000003
2026-04-01 19:44:52.823962,146.0,85.7,125.4,17.9,30.8,13.6,0.47,pm25,23.93,63.0,2.52,1007.0,10000,35.0,Clear,clear sky,19,2,1,4,0,1,166.33333333333334,99.26666666666665,140.9333333333333,152.16666666666666,88.43333333333334,128.93333333333334,154.16666666666666,92.125,138.1,137.70833333333334,82.35833333333333,120.86666666666667,-38.0,8.0,0.6834130727000552,1.7206702949346204,15.075899999999999,215.964
2026-04-01 20:44:52.823962,139.0,85.8,124.9,30.5,20.2,26.3,0.52,pm25,25.75,67.0,2.44,1013.0,10000,62.0,Clear,clear sky,20,2,1,4,0,1,156.33333333333334,94.96666666666665,133.16666666666663,153.66666666666666,90.89999999999999,131.75,153.58333333333334,92.36666666666666,138.43333333333334,137.04166666666666,82.16250000000001,120.94999999999999,-7.0,-30.0,0.6869495541477217,0.662295060252621,17.2525,209.35199999999998
2026-04-01 21:44:52.823962,135.0,81.8,118.5,13.8,41.8,16.9,0.61,pm25,25.27,66.0,2.37,1005.0,10000,53.0,Clear,clear sky,21,2,1,4,0,1,140.0,84.43333333333331,122.93333333333332,151.83333333333334,90.31666666666666,128.85,152.66666666666666,91.18333333333334,136.21666666666667,136.20833333333334,81.57083333333334,119.50416666666666,-4.0,-49.0,0.6902953528245118,3.028985287754689,16.6782,193.866
2026-04-01 22:44:52.823962,143.0,79.3,117.1,29.0,41.9,22.1,0.38,pm25,26.12,58.0,2.73,1013.0,10000,0.0,Clear,clear sky,22,2,1,4,0,1,139.0,82.29999999999997,120.16666666666664,152.66666666666666,90.78333333333335,130.54999999999998,153.41666666666666,91.45833333333333,135.38333333333333,136.45833333333334,81.50833333333334,119.66250000000001,8.0,-3.0,0.6771989694517595,1.4448275363852572,15.1496,216.489
2026-04-01 23:44:52.823962,86.0,53.8,74.0,21.6,32.4,15.8,0.69,pm25,20.4,67.0,2.0,1009.0,10000,57.0,Clear,clear sky,23,2,1,4,0,1,121.33333333333333,71.63333333333331,103.19999999999997,138.83333333333334,83.3,118.18333333333334,145.0,86.48333333333333,126.84999999999998,133.5,79.93333333333332,117.80833333333334,-57.0,-53.0,0.7270270172023376,1.4999999305555585,13.668,107.6
2026-04-02 00:44:52.823962,94.0,52.2,86.0,32.2,31.7,11.2,0.62,pm25,23.51,61.0,4.16,1014.0,10000,97.0,Clear,clear sky,0,3,2,4,0,1,107.66666666666667,61.76666666666665,92.36666666666663,123.83333333333333,73.1,107.64999999999999,139.08333333333334,82.23333333333333,120.89999999999999,133.91666666666666,79.7875,118.03750000000001,8.0,-41.0,0.6069767371281776,0.9844720191157758,14.3411,217.15200000000002
2026-04-02 01:44:52.823962,96.0,66.1,96.5,31.7,30.3,16.0,0.71,pm25,23.83,73.0,2.6,1014.0,10000,63.0,Clear,clear sky,1,3,2,4,0,1,92.0,57.366666666666646,85.49999999999999,115.5,69.83333333333333,102.83333333333333,133.83333333333334,79.13333333333334,115.88333333333333,132.875,79.625,117.68333333333334,2.0,-47.0,0.6849740861660716,0.9558359319925573,17.395899999999997,171.85999999999999
2026-04-02 02:44:52.823962,105.0,69.2,109.3,38.6,27.6,15.0,0.19,pm25,24.88,71.0,3.82,1017.0,10000,91.0,Clear,clear sky,2,3,2,4,0,1,98.33333333333333,62.49999999999998,97.26666666666665,109.83333333333333,67.06666666666668,100.23333333333333,131.75,78.98333333333333,115.99166666666666,132.25,79.1,118.03750000000001,9.0,19.0,0.6331198478214104,0.7150258882117646,17.6648,264.344
2026-04-02 03:44:52.823962,135.0,76.4,108.1,38.8,19.6,19.8,0.47,pm25,28.74,60.0,2.03,1017.0,10000,79.0,Clear,clear sky,3,3,2,4,0,1,112.0,70.56666666666665,104.63333333333331,109.83333333333333,66.16666666666667,98.5,130.83333333333334,78.24166666666666,113.67500000000001,135.20833333333334,80.8125,120.44583333333333,30.0,41.0,0.7067529999375302,0.5051546261558088,17.244,155.09199999999998
2026-04-02 04:44:52.823962,100.0,47.8,71.5,31.1,19.0,12.9,0.44,pm25,24.3,53.0,2.97,1014.0,10000,30.0,Clear,clear sky,4,3,2,4,0,1,113.33333333333333,64.46666666666665,96.29999999999997,102.66666666666667,60.916666666666664,90.89999999999999,127.66666666666667,75.85000000000001,110.72500000000001,135.70833333333334,80.75,120.7375,-35.0,4.0,0.6685314591813781,0.6109324562401139,12.879000000000001,141.966
2026-04-02 05:44:52.823962,140.0,79.5,121.3,35.2,33.9,15.1,0.68,pm25,29.31,61.0,3.3,1016.0,10000,51.0,Clear,clear sky,5,3,2,4,0,1,125.0,67.89999999999998,100.29999999999997,111.66666666666667,65.2,98.78333333333335,125.25,74.25,108.48333333333333,137.375,81.85416666666667,122.16666666666667,40.0,35.0,0.6553998297164071,0.963068154458291,17.879099999999998,262.34999999999997
2026-04-02 06:44:52.823962,138.0,80.1,128.1,36.9,15.1,13.5,0.62,pm25,28.65,62.0,4.19,1016.0,10000,42.0,Clear,clear sky,6,3,2,4,0,1,126.0,69.13333333333331,106.96666666666665,119.0,69.85000000000001,105.8,121.41666666666667,71.475,106.72499999999998,138.75,82.51666666666667,123.42083333333333,-2.0,3.0,0.6252927351655524,0.40921408105110896,17.762999999999998,335.619
2026-04-02 07:44:52.823962,180.0,111.7,184.1,44.6,25.3,9.2,0.36,pm25,30.62,69.0,5.49,1020.0,10000,14.0,Clear,clear sky,7,3,2,4,0,1,152.66666666666666,90.43333333333332,144.49999999999997,133.0,77.45,120.39999999999999,124.25,73.64166666666667,111.61666666666667,139.20833333333334,82.88333333333333,124.85833333333333,42.0,80.0,0.6067354665576564,0.567264561272095,21.1278,613.2330000000001
2026-04-02 08:44:52.823962,164.0,98.1,156.0,39.8,14.1,11.1,0.48,pm25,30.01,64.0,4.34,1018.0,10000,93.0,Clear,clear sky,8,3,2,4,0,1,160.66666666666666,96.63333333333331,156.06666666666663,142.83333333333334,82.26666666666667,128.18333333333334,126.33333333333333,74.66666666666667,114.20833333333333,139.95833333333334,83.51666666666667,126.32083333333333,-16.0,24.0,0.6288461498150888,0.3542713478826295,19.206400000000002,425.75399999999996
2026-04-02 09:44:52.823962,173.0,102.2,149.5,30.7,32.1,8.6,0.82,pm25,31.39,63.0,2.42,1013.0,10000,28.0,Clear,clear sky,9,3,2,4,0,1,172.33333333333334,103.99999999999999,163.19999999999996,149.16666666666666,86.56666666666666,135.08333333333334,129.5,76.36666666666666,116.79166666666667,141.08333333333334,83.775,126.50416666666666,9.0,35.0,0.6836120355611235,1.0456025718044766,19.7757,247.324
2026-04-02 10:44:52.823962,121.0,77.5,116.1,34.6,12.0,8.7,0.79,pm25,29.49,70.0,2.97,1015.0,10000,95.0,Clear,clear sky,10,3,2,4,0,1,152.66666666666666,92.59999999999998,140.5333333333333,152.66666666666666,91.51666666666667,142.51666666666668,127.66666666666667,76.21666666666665,116.70833333333333,140.54166666666666,83.8375,126.04583333333335,-52.0,-59.0,0.6675279873597935,0.3468207992248324,20.642999999999997,230.175
2026-04-02 11:44:52.823962,157.0,88.0,138.1,25.1,27.4,10.7,0.17,pm25,33.42,59.0,3.92,1011.0,10000,12.0,Clear,clear sky,11,3,2,4,0,1,150.33333333333334,89.2333333333333,134.56666666666663,155.5,92.93333333333334,145.31666666666663,133.58333333333334,79.06666666666666,122.05,139.29166666666666,82.775,124.45,36.0,-7.0,0.6372194016131832,1.0916334226440867,19.7178,344.96
2026-04-02 12:44:52.823962,102.0,61.9,82.2,32.1,9.6,11.7,0.2,pm25,27.92,66.0,1.4,1014.0,10000,44.0,Clear,clear sky,12,3,2,4,0,1,126.66666666666667,75.79999999999998,112.13333333333331,149.5,89.89999999999999,137.66666666666666,134.25,79.87499999999999,121.73333333333333,136.66666666666666,81.05416666666666,121.31666666666666,-55.0,-71.0,0.7530413533693265,0.29906541124406816,18.4272,86.66
2026-04-02 13:44:52.823962,124.0,72.2,99.7,37.6,8.6,14.2,0.44,pm25,30.13,63.0,1.7,1017.0,10000,27.0,Clear,clear sky,13,3,2,4,0,1,127.66666666666667,74.03333333333332,106.66666666666664,140.16666666666666,83.31666666666666,123.60000000000001,136.58333333333334,80.38333333333334,122.0,135.20833333333334,79.75833333333334,118.94166666666668,22.0,3.0,0.7241725102891423,0.22872339817225004,18.9819,122.74
2026-04-02 14:44:52.823962,120.0,69.8,116.0,29.8,21.4,17.4,0.88,pm25,29.4,63.0,4.71,1013.0,10000,100.0,Clear,clear sky,14,3,2,4,0,1,115.33333333333333,67.96666666666665,99.3,132.83333333333334,78.60000000000001,116.93333333333334,137.83333333333334,80.43333333333332,122.55833333333334,134.79166666666666,79.70833333333333,119.27500000000002,-4.0,-37.0,0.6017241327437575,0.7181207812711147,18.522,328.758
2026-04-02 15:44:52.823962,158.0,95.1,131.3,5.8,26.9,16.2,0.82,pm25,32.77,65.0,1.3,1001.0,10000,85.0,Clear,clear sky,15,3,2,4,0,1,134.0,79.03333333333332,115.66666666666667,130.33333333333334,77.41666666666666,113.89999999999999,139.75,81.99166666666666,124.49166666666666,135.29166666666666,80.11666666666667,119.08333333333333,38.0,56.0,0.7242955009573837,4.637930234839614,21.300500000000003,123.63
2026-04-02 16:44:52.823962,134.0,73.3,101.3,17.9,18.9,20.0,0.63,pm25,29.68,58.0,1.71,1007.0,10000,77.0,Clear,clear sky,16,3,2,4,0,1,137.33333333333334,79.39999999999998,116.19999999999999,132.5,76.71666666666667,111.43333333333334,142.58333333333334,84.11666666666666,126.97500000000001,135.125,79.98333333333333,118.85000000000001,-24.0,10.0,0.723593280122475,1.0558658628007898,17.2144,125.34299999999999
2026-04-02 17:44:52.823962,144.0,81.2,122.1,26.4,24.5,25.5,0.38,pm25,27.58,60.0,3.04,1011.0,10000,87.0,Clear,clear sky,17,3,2,4,0,1,145.33333333333334,83.19999999999997,118.2333333333333,130.33333333333334,75.58333333333333,108.76666666666665,142.91666666666666,84.25833333333333,127.04166666666667,134.08333333333334,79.25416666666668,117.7625,10.0,24.0,0.6650286595820749,0.9280302678776414,16.548,246.848
2026-04-02 18:44:52.823962,140.0,84.3,126.9,25.8,29.9,7.3,0.39,pm25,26.41,66.0,3.07,1011.0,10000,27.0,Clear,clear sky,18,3,2,4,0,1,139.33333333333334,79.59999999999998,116.76666666666665,136.66666666666666,79.31666666666666,116.21666666666668,143.08333333333334,84.60833333333333,126.94166666666668,132.25,78.04166666666667,116.83333333333333,-4.0,-18.0,0.6643025952379622,1.1589146837629967,17.4306,258.801
2026-04-02 19:44:52.823962,150.0,89.9,141.3,31.7,20.0,11.9,0.48,pm25,24.32,65.0,3.97,1014.0,10000,12.0,Clear,clear sky,19,3,2,4,0,1,144.66666666666666,85.13333333333331,130.1,141.0,82.26666666666667,123.14999999999999,140.58333333333334,82.79166666666667,123.375,132.41666666666666,78.21666666666665,117.49583333333332,10.0,16.0,0.636234956573001,0.6309148065957474,15.808,356.903
2026-04-02 20:44:52.823962,99.0,51.8,72.8,34.6,30.3,15.9,0.4,pm25,21.67,57.0,2.26,1015.0,10000,62.0,Clear,clear sky,20,3,2,4,0,1,129.66666666666666,75.33333333333331,113.66666666666667,137.5,79.26666666666667,115.94999999999999,135.16666666666666,78.93333333333332,116.44166666666666,130.75,76.8,115.325,-51.0,-45.0,0.7115384517645817,0.8757225180427018,12.3519,117.06799999999998
2026-04-02 21:44:52.823962,132.0,71.6,126.9,40.3,37.0,23.5,0.4,pm25,25.03,57.0,5.93,1018.0,10000,60.0,Clear,clear sky,21,3,2,4,0,1,127.0,71.09999999999998,113.66666666666664,133.16666666666666,75.35000000000001,115.21666666666668,131.75,76.38333333333334,114.55833333333334,130.625,76.375,115.67500000000001,33.0,-8.0,0.5642237938201434,0.9181141211386076,14.267100000000001,424.58799999999997
2026-04-02 22:44:52.823962,153.0,100.2,157.9,45.4,22.6,18.4,0.6,pm25,27.09,74.0,4.15,1021.0,10000,90.0,Clear,clear sky,22,3,2,4,0,1,128.0,74.53333333333332,119.19999999999999,136.33333333333334,79.83333333333333,124.64999999999999,134.41666666666666,78.27499999999999,118.04166666666667,131.04166666666666,77.24583333333334,117.375,21.0,3.0,0.6345788433528889,0.49779734586349467,20.0466,415.83000000000004
2026-04-02 23:44:52.823962,111.0,64.4,105.7,31.5,29.8,23.1,0.45,pm25,22.86,63.0,4.37,1014.0,10000,72.0,Clear,clear sky,23,3,2,4,0,1,132.0,78.73333333333332,130.16666666666666,130.83333333333334,77.03333333333335,121.91666666666669,130.58333333333334,76.30833333333334,115.34166666666668,132.08333333333334,77.6875,118.69583333333333,-42.0,12.0,0.6092715174146498,0.9460317159989932,14.401800000000001,281.42800000000005
2026-04-03 00:44:52.823962,99.0,62.1,98.3,36.2,37.2,24.8,0.4,pm25,24.14,68.0,3.77,1016.0,10000,69.0,Clear,clear sky,0,4,3,4,0,1,121.0,75.56666666666665,120.63333333333333,124.0,73.33333333333333,117.14999999999999,130.33333333333334,76.325,116.68333333333334,132.29166666666666,78.10000000000001,119.20833333333333,-12.0,-33.0,0.6317395663098722,1.0276242810048541,16.4152,234.11700000000002
2026-04-03 01:44:52.823962,94.0,53.8,79.9,23.9,20.4,0.5,0.61,pm25,23.49,63.0,2.88,1010.0,10000,44.0,Clear,clear sky,1,4,3,4,0,1,101.33333333333333,60.09999999999999,94.63333333333333,114.66666666666667,67.31666666666668,106.91666666666667,127.83333333333333,74.79166666666667,115.03333333333335,132.20833333333334,77.58749999999999,118.51666666666665,-5.0,-59.0,0.6733416686690654,0.8535564496419895,14.798699999999998,154.944
2026-04-03 02:44:52.823962,135.0,80.0,113.5,6.5,15.4,24.8,0.72,pm25,28.69,64.0,2.03,1001.0,10000,61.0,Clear,clear sky,2,4,3,4,0,1,109.33333333333333,65.29999999999998,97.2333333333333,120.66666666666667,72.01666666666667,113.7,129.08333333333334,75.64166666666667,114.825,133.45833333333334,78.03750000000001,118.69166666666666,41.0,24.0,0.7048458087678784,2.3692304047337838,18.3616,162.39999999999998
2026-04-03 03:44:52.823962,108.0,61.2,75.9,36.1,20.7,20.3,0.34,pm25,25.25,62.0,0.62,1016.0,10000,81.0,Clear,clear sky,3,4,3,4,0,1,112.33333333333333,64.99999999999999,89.76666666666665,116.66666666666667,70.28333333333333,105.2,124.91666666666667,72.81666666666668,110.20833333333333,132.33333333333334,77.40416666666667,117.35000000000001,-27.0,9.0,0.8063241000484308,0.5734071863322109,15.655,37.944
2026-04-03 04:44:52.823962,95.0,55.4,76.4,21.8,27.5,15.6,0.64,pm25,23.63,64.0,2.0,1009.0,10000,66.0,Clear,clear sky,4,4,3,4,0,1,112.66666666666667,65.53333333333332,88.59999999999998,107.0,62.81666666666667,91.61666666666667,121.66666666666667,71.325,108.13333333333333,132.125,77.72083333333333,117.55416666666667,-13.0,1.0,0.7251308805611141,1.26146783204276,15.123199999999999,110.8
2026-04-03 05:44:52.823962,110.0,69.0,85.1,37.5,34.6,20.1,1.0,pm25,25.51,68.0,0.22,1017.0,10000,67.0,Clear,clear sky,5,4,3,4,0,1,104.33333333333333,61.866666666666646,79.13333333333331,106.83333333333333,63.583333333333336,88.18333333333334,118.83333333333333,70.30833333333334,105.05,130.875,77.28333333333333,116.04583333333333,15.0,-25.0,0.8108108012830694,0.9226666420622229,17.3468,15.18
2026-04-03 06:44:52.823962,155.0,98.2,148.4,37.8,19.9,15.7,0.91,pm25,30.37,70.0,3.17,1017.0,10000,60.0,Clear,clear sky,6,4,3,4,0,1,120.0,74.19999999999997,103.3,116.16666666666667,69.60000000000001,96.53333333333335,120.08333333333333,71.46666666666667,106.84166666666665,131.58333333333334,78.0375,116.89166666666667,45.0,47.0,0.661725062926381,0.5264550125276453,21.259,311.294
2026-04-03 07:44:52.823962,175.0,102.8,143.4,34.6,22.2,15.0,0.42,pm25,30.18,63.0,1.37,1015.0,10000,8.0,Clear,clear sky,7,4,3,4,0,1,146.66666666666666,89.99999999999999,125.63333333333333,129.66666666666666,77.76666666666667,107.11666666666667,122.16666666666667,72.54166666666667,107.01666666666667,131.375,77.66666666666667,115.19583333333334,20.0,80.0,0.7168758666884528,0.6416184785659399,19.0134,140.836
2026-04-03 08:44:52.823962,157.0,90.1,126.9,29.3,17.1,11.7,0.65,pm25,29.39,61.0,1.76,1013.0,10000,30.0,Clear,clear sky,8,4,3,4,0,1,162.33333333333334,97.0333333333333,139.56666666666663,133.33333333333334,79.45,109.35000000000001,127.0,75.73333333333333,111.52499999999999,131.08333333333334,77.33333333333333,113.98333333333335,-18.0,47.0,0.7100078746256274,0.5836177275215793,17.9279,158.576
2026-04-03 09:44:52.823962,174.0,111.0,171.0,17.4,22.4,21.6,0.28,pm25,31.42,72.0,3.67,1007.0,10000,80.0,Clear,clear sky,9,4,3,4,0,1,168.66666666666666,101.29999999999997,147.1,144.33333333333334,87.75,125.2,130.5,79.01666666666667,115.19999999999999,131.125,77.7,114.87916666666668,17.0,19.0,0.6491228032215041,1.287356247853089,22.622400000000003,407.37
2026-04-03 10:44:52.823962,139.0,82.8,128.9,29.0,32.2,8.4,0.69,pm25,31.3,64.0,3.7,1013.0,10000,28.0,Clear,clear sky,10,4,3,4,0,1,156.66666666666666,94.63333333333331,142.26666666666665,151.66666666666666,92.31666666666666,133.95000000000002,129.33333333333334,77.56666666666666,112.78333333333335,131.875,77.92083333333333,115.41249999999998,-35.0,-36.0,0.6423584123944266,1.1103447892984557,20.032,306.36
2026-04-03 11:44:52.823962,124.0,75.0,99.6,15.4,18.4,17.2,0.57,pm25,30.12,65.0,1.07,1006.0,10000,69.0,Clear,clear sky,11,4,3,4,0,1,145.66666666666666,89.59999999999998,133.16666666666666,154.0,93.31666666666666,136.36666666666667,130.41666666666666,78.45,112.27499999999999,130.5,77.37916666666666,113.80833333333334,-15.0,-33.0,0.7530120406324093,1.1948051172204468,19.578,80.25
2026-04-03 12:44:52.823962,91.0,53.2,73.2,32.5,31.9,12.9,0.43,pm25,26.88,64.0,2.0,1014.0,10000,91.0,Clear,clear sky,12,4,3,4,0,1,118.0,70.33333333333331,100.56666666666665,143.33333333333334,85.81666666666666,123.83333333333333,129.75,77.70833333333333,110.18333333333334,130.04166666666666,77.01666666666667,113.43333333333334,-33.0,-83.0,0.7267759463555199,0.981538431337279,17.2032,106.4
2026-04-03 13:44:52.823962,116.0,74.1,116.5,31.9,19.1,17.9,0.71,pm25,29.24,70.0,3.81,1014.0,10000,75.0,Clear,clear sky,13,4,3,4,0,1,110.33333333333333,67.4333333333333,96.43333333333332,133.5,81.03333333333335,119.35000000000001,131.58333333333334,79.39999999999999,113.23333333333333,129.70833333333334,77.09583333333333,114.13333333333333,25.0,-23.0,0.6360514966862532,0.5987460627352332,20.468,282.32099999999997
2026-04-03 14:44:52.823962,133.0,78.4,120.5,15.9,24.7,11.4,0.37,pm25,30.75,63.0,3.43,1006.0,10000,6.0,Clear,clear sky,14,4,3,4,0,1,113.33333333333333,68.56666666666665,103.39999999999998,129.5,79.08333333333333,118.28333333333335,131.41666666666666,79.26666666666667,113.81666666666666,130.25,77.45416666666667,114.32083333333333,17.0,9.0,0.6506224012396482,1.5534590217950301,19.3725,268.91200000000003
2026-04-03 15:44:52.823962,116.0,67.8,93.5,14.0,27.5,13.4,0.72,pm25,28.54,63.0,1.77,1005.0,10000,97.0,Clear,clear sky,15,4,3,4,0,1,121.66666666666667,73.43333333333332,110.16666666666664,119.83333333333333,71.88333333333334,105.36666666666667,132.08333333333334,79.81666666666666,115.28333333333335,128.5,76.31666666666666,112.74583333333334,-17.0,25.0,0.7251336820841318,1.964285573979602,17.9802,120.006
2026-04-03 16:44:52.823962,152.0,88.7,140.0,25.2,32.0,17.6,0.43,pm25,31.57,62.0,4.05,1011.0,10000,11.0,Clear,clear sky,16,4,3,4,0,1,133.66666666666666,78.29999999999997,117.99999999999999,122.0,72.86666666666666,107.21666666666665,136.83333333333334,82.59166666666665,120.58333333333333,129.25,76.95833333333333,114.35833333333333,36.0,36.0,0.6335714240459185,1.2698412194507454,19.5734,359.235
2026-04-03 17:44:52.823962,128.0,74.7,110.1,46.5,30.7,19.0,0.66,pm25,26.25,63.0,2.69,1021.0,10000,78.0,Clear,clear sky,17,4,3,4,0,1,132.0,77.06666666666665,114.5333333333333,122.66666666666667,72.81666666666666,108.96666666666665,138.33333333333334,83.06666666666666,122.66666666666669,128.58333333333334,76.6875,113.85833333333333,-24.0,-5.0,0.6784741082790726,0.660215039565268,16.5375,200.943
2026-04-03 18:44:52.823962,169.0,98.3,144.2,16.6,31.5,14.2,0.49,pm25,28.91,62.0,2.5,1006.0,10000,42.0,Clear,clear sky,18,4,3,4,0,1,149.66666666666666,87.2333333333333,131.4333333333333,135.66666666666666,80.33333333333333,120.80000000000001,139.5,83.075,122.31666666666666,129.79166666666666,77.27083333333333,114.57916666666667,41.0,53.0,0.6816920895860465,1.8975902471331174,17.9242,245.75
2026-04-03 19:44:52.823962,194.0,114.5,164.4,52.1,32.1,21.0,1.12,pm25,28.0,63.0,1.9,1024.0,10000,73.0,Clear,clear sky,19,4,3,4,0,1,163.66666666666666,95.83333333333331,139.56666666666663,148.66666666666666,87.06666666666666,128.78333333333333,141.08333333333334,84.05,124.06666666666666,131.625,78.29583333333333,115.54166666666667,25.0,42.0,0.6964720152282724,0.6161228288652049,17.64,217.54999999999998
2026-04-03 20:44:52.823962,125.0,68.8,113.7,22.4,32.4,11.8,0.32,pm25,24.27,59.0,4.57,1009.0,10000,29.0,Clear,clear sky,20,4,3,4,0,1,162.66666666666666,93.86666666666663,140.76666666666662,147.33333333333334,85.46666666666665,127.65000000000002,138.41666666666666,82.275,122.96666666666668,132.70833333333334,79.00416666666666,117.24583333333334,-69.0,-3.0,0.6051011380378087,1.4464285068558702,14.3193,314.416
2026-04-03 21:44:52.823962,152.0,93.0,130.8,24.0,10.3,10.4,0.89,pm25,26.98,67.0,1.71,1010.0,10000,24.0,Clear,clear sky,21,4,3,4,0,1,157.0,92.09999999999997,136.29999999999998,153.33333333333334,89.66666666666667,133.86666666666667,136.58333333333334,80.77499999999999,119.61666666666667,133.54166666666666,79.89583333333333,117.40833333333335,27.0,-17.0,0.7110091688760767,0.429166648784723,18.0766,159.03
2026-04-03 22:44:52.823962,102.0,64.2,105.7,35.1,21.3,17.8,0.18,pm25,21.93,68.0,4.42,1016.0,10000,84.0,Clear,clear sky,22,4,3,4,0,1,126.33333333333333,75.3333333333333,116.7333333333333,145.0,85.58333333333333,128.15,133.5,79.22500000000001,117.68333333333334,131.41666666666666,78.39583333333333,115.23333333333333,-50.0,-92.0,0.6073793698450392,0.6068375895487866,14.9124,283.764
2026-04-03 23:44:52.823962,114.0,77.6,99.4,31.0,7.4,11.9,0.56,pm25,23.18,74.0,0.46,1014.0,10000,46.0,Clear,clear sky,23,4,3,4,0,1,122.66666666666667,78.26666666666664,111.96666666666665,142.66666666666666,86.06666666666666,126.36666666666667,132.66666666666666,79.44166666666666,117.66666666666667,131.54166666666666,78.94583333333334,114.97083333333335,12.0,-11.0,0.7806840967738018,0.23870966971904292,17.1532,35.696
2026-04-04 00:44:52.823962,110.0,63.0,101.5,32.6,24.7,16.5,0.46,pm25,25.59,62.0,4.05,1014.0,10000,98.0,Clear,clear sky,0,5,4,4,1,1,108.66666666666667,68.26666666666664,102.19999999999999,132.83333333333334,80.18333333333334,119.25,134.25,80.25833333333333,120.02499999999999,132.0,78.98333333333333,115.10416666666667,-4.0,-42.0,0.6206896490572449,0.757668688415071,15.8658,255.14999999999998
2026-04-04 01:44:52.823962,132.0,76.5,101.7,42.1,28.4,9.6,0.29,pm25,28.34,62.0,1.04,1019.0,10000,22.0,Clear,clear sky,1,5,4,4,1,1,118.66666666666667,72.36666666666663,100.86666666666666,122.5,73.85000000000001,108.8,135.58333333333334,80.45833333333333,118.79166666666667,133.58333333333334,79.92916666666666,116.0125,22.0,30.0,0.7522123819841458,0.6745843070169998,17.5708,79.56
2026-04-04 02:44:52.823962,91.0,52.7,65.8,56.3,28.8,7.5,0.38,pm25,23.18,63.0,1.01,1026.0,10000,78.0,Clear,clear sky,2,5,4,4,1,1,111.0,64.06666666666665,89.66666666666664,116.83333333333333,71.16666666666667,100.81666666666666,132.08333333333334,78.31666666666666,114.23333333333333,131.75,78.79166666666667,114.02500000000002,-41.0,-23.0,0.8009118419314311,0.5115452839867624,14.603399999999999,53.227000000000004
2026-04-04 03:44:52.823962,108.0,67.3,109.2,35.5,13.2,22.9,0.73,pm25,25.26,68.0,4.23,1016.0,10000,61.0,Clear,clear sky,3,5,4,4,1,1,110.33333333333333,65.49999999999999,92.2333333333333,109.5,66.88333333333333,97.21666666666665,131.41666666666666,78.27499999999999,115.54166666666667,131.75,79.04583333333333,115.41250000000001,17.0,-2.0,0.6163003606565901,0.371830975441381,17.1768,284.67900000000003
2026-04-04 04:44:52.823962,103.0,61.2,93.3,30.4,30.2,15.6,0.14,pm25,24.61,65.0,3.23,1013.0,10000,81.0,Clear,clear sky,4,5,4,4,1,1,100.66666666666667,60.39999999999998,89.43333333333332,109.66666666666667,66.38333333333334,95.14999999999999,127.33333333333333,75.98333333333333,111.64999999999999,132.08333333333334,79.28750000000001,116.11666666666667,-5.0,-29.0,0.6559485460241314,0.9934210199532559,15.9965,197.67600000000002
2026-04-04 05:44:52.823962,104.0,64.5,101.3,11.4,18.4,13.5,0.45,pm25,24.84,67.0,3.67,1004.0,10000,36.0,Clear,clear sky,5,5,4,4,1,1,105.0,64.33333333333331,101.26666666666665,108.0,64.2,95.46666666666665,125.33333333333333,75.13333333333334,110.91666666666667,131.83333333333334,79.10000000000001,116.79166666666667,1.0,13.0,0.6367225998349201,1.6140349461372854,16.6428,236.715
2026-04-04 06:44:52.823962,99.0,59.7,81.6,26.7,23.5,5.5,0.67,pm25,24.66,65.0,1.8,1011.0,10000,30.0,Clear,clear sky,6,5,4,4,1,1,102.0,61.799999999999976,92.06666666666665,106.16666666666667,63.650000000000006,92.14999999999999,119.5,71.91666666666667,105.7,129.5,77.49583333333334,114.00833333333333,-5.0,-9.0,0.7316176380929212,0.8801497797696711,16.029,107.46000000000001
2026-04-04 07:44:52.823962,176.0,114.8,171.4,15.7,25.4,17.0,0.57,pm25,30.23,74.0,2.89,1006.0,10000,98.0,Clear,clear sky,7,5,4,4,1,1,126.33333333333333,79.66666666666664,118.09999999999998,113.5,70.03333333333333,103.76666666666667,118.0,71.94166666666666,106.28333333333335,129.54166666666666,77.99583333333334,115.175,77.0,73.0,0.6697782924750391,1.6178342918576885,22.3702,331.772
2026-04-04 08:44:52.823962,170.0,101.4,147.9,22.9,16.8,21.3,0.19,pm25,30.51,64.0,2.37,1009.0,10000,70.0,Clear,clear sky,8,5,4,4,1,1,148.33333333333334,91.96666666666664,133.63333333333333,126.66666666666667,78.14999999999999,117.45,121.75,74.65833333333333,109.13333333333333,130.08333333333334,78.46666666666667,116.05,-6.0,66.0,0.6855983726463937,0.7336244221124707,19.526400000000002,240.318
2026-04-04 09:44:52.823962,196.0,123.2,189.1,33.0,26.5,8.0,0.64,pm25,33.29,71.0,3.65,1015.0,10000,20.0,Clear,clear sky,9,5,4,4,1,1,180.66666666666666,113.13333333333333,169.46666666666664,141.33333333333334,87.46666666666668,130.76666666666668,125.41666666666667,77.175,113.99166666666667,131.0,78.975,116.80416666666666,26.0,97.0,0.6515071356345472,0.8030302786960523,23.635900000000003,449.68
2026-04-04 10:44:52.823962,124.0,67.2,102.4,16.7,25.6,18.1,0.26,pm25,29.84,58.0,3.23,1006.0,10000,95.0,Clear,clear sky,10,5,4,4,1,1,163.33333333333334,97.26666666666665,146.46666666666667,144.83333333333334,88.46666666666665,132.28333333333333,127.25,77.425,113.71666666666665,130.375,78.325,115.69999999999999,-72.0,-52.0,0.6562499935913086,1.5329340399440696,17.3072,217.056
2026-04-04 11:44:52.823962,150.0,90.4,128.4,15.9,15.2,13.3,0.5,pm25,32.69,66.0,1.93,1006.0,10000,41.0,Clear,clear sky,11,5,4,4,1,1,156.66666666666666,93.59999999999998,139.96666666666667,152.5,92.78333333333335,136.79999999999998,130.25,78.49166666666667,116.13333333333334,131.45833333333334,78.96666666666667,116.89999999999999,26.0,-20.0,0.7040498387535059,0.9559747826430954,21.5754,174.472
2026-04-04 12:44:52.823962,141.0,90.1,139.8,33.1,23.7,9.9,0.46,pm25,31.94,70.0,3.7,1015.0,10000,19.0,Clear,clear sky,12,5,4,4,1,1,138.33333333333334,82.56666666666665,123.53333333333332,159.5,97.85000000000001,146.50000000000003,132.83333333333334,80.75,119.325,133.54166666666666,80.50416666666666,119.67500000000001,-9.0,-55.0,0.644492127006494,0.7160120629603607,22.358,333.37
2026-04-04 13:44:52.823962,152.0,84.8,130.7,48.8,27.0,9.3,0.44,pm25,32.95,58.0,3.53,1022.0,10000,15.0,Clear,clear sky,13,5,4,4,1,1,147.66666666666666,88.43333333333332,132.96666666666664,155.5,92.85000000000001,139.71666666666667,134.5,81.44166666666668,121.74166666666667,135.04166666666666,80.95,120.26666666666667,11.0,28.0,0.6488140730771685,0.5532786771869124,19.111,299.344
2026-04-04 14:44:52.823962,142.0,85.3,123.4,55.0,21.5,18.2,0.76,pm25,31.58,65.0,2.3,1025.0,10000,85.0,Clear,clear sky,14,5,4,4,1,1,145.0,86.7333333333333,131.29999999999998,150.83333333333334,90.16666666666667,135.63333333333333,138.75,84.15833333333333,126.54166666666667,135.41666666666666,81.2375,120.3875,-10.0,-8.0,0.6912479684663859,0.390909083801653,20.526999999999997,196.18999999999997
2026-04-04 15:44:52.823962,125.0,76.5,115.8,54.6,19.9,14.7,0.6,pm25,29.4,67.0,3.15,1025.0,10000,46.0,Clear,clear sky,15,5,4,4,1,1,139.66666666666666,82.19999999999997,123.29999999999997,139.0,82.38333333333333,123.41666666666667,140.16666666666666,84.925,127.09166666666668,135.79166666666666,81.60000000000001,121.31666666666666,-17.0,-16.0,0.6606217559531801,0.36446885779361066,19.698,240.975
2026-04-04 16:44:52.823962,131.0,73.9,95.4,31.0,33.8,11.1,0.66,pm25,29.37,60.0,0.69,1014.0,10000,32.0,Clear,clear sky,16,5,4,4,1,1,132.66666666666666,78.56666666666665,111.53333333333332,140.16666666666666,83.5,122.25,142.5,85.98333333333333,127.26666666666667,134.91666666666666,80.98333333333333,119.45833333333333,6.0,-21.0,0.7746331155698836,1.0903225454734662,17.622,50.991
2026-04-04 17:44:52.823962,149.0,78.4,112.7,18.1,26.7,14.7,0.2,pm25,28.02,54.0,2.26,1007.0,10000,36.0,Clear,clear sky,17,5,4,4,1,1,135.0,76.26666666666665,107.96666666666665,140.0,81.5,119.63333333333334,146.25,87.14166666666667,128.21666666666667,135.79166666666666,81.1375,119.56666666666668,18.0,7.0,0.6956521677404423,1.475138040047622,15.130799999999999,177.184
2026-04-04 18:44:52.823962,110.0,64.8,100.4,27.7,10.8,18.7,0.65,pm25,23.95,64.0,3.5,1012.0,10000,58.0,Clear,clear sky,18,5,4,4,1,1,130.0,72.36666666666665,102.83333333333331,134.83333333333334,77.28333333333333,113.06666666666666,147.16666666666666,87.56666666666666,129.78333333333333,133.33333333333334,79.74166666666666,117.74166666666666,-39.0,-15.0,0.6454183202647578,0.38989168267539054,15.328,226.79999999999998
2026-04-04 19:44:52.823962,157.0,96.4,143.3,27.5,23.1,15.0,0.77,pm25,24.91,67.0,2.81,1012.0,10000,50.0,Clear,clear sky,19,5,4,4,1,1,138.66666666666666,79.86666666666665,118.8,135.66666666666666,79.21666666666665,115.16666666666667,145.58333333333334,86.03333333333335,127.44166666666666,131.79166666666666,78.9875,116.8625,47.0,26.0,0.6727145800927106,0.8399999694545466,16.689700000000002,270.884
2026-04-04 20:44:52.823962,142.0,86.7,131.8,30.6,26.2,13.4,0.31,pm25,26.05,66.0,3.25,1013.0,10000,6.0,Clear,clear sky,20,5,4,4,1,1,136.33333333333334,82.63333333333331,125.16666666666667,135.66666666666666,79.45,116.56666666666666,143.25,84.80833333333334,126.10000000000001,132.5,79.73333333333333,117.61666666666667,-15.0,-7.0,0.6578148660256838,0.856209122346107,17.192999999999998,281.77500000000003
2026-04-04 21:44:52.823962,125.0,72.1,111.8,27.6,17.6,18.1,0.09,pm25,24.25,62.0,3.56,1012.0,10000,70.0,Clear,clear sky,21,5,4,4,1,1,141.33333333333334,85.06666666666665,128.96666666666667,135.66666666666666,78.71666666666667,115.89999999999999,137.33333333333334,80.55,119.65833333333332,131.375,78.8625,116.82499999999999,-17.0,15.0,0.6449016042495384,0.6376811363159008,15.035,256.676
2026-04-04 22:44:52.823962,142.0,85.8,123.1,37.3,24.7,11.1,0.44,pm25,25.99,66.0,2.15,1017.0,10000,18.0,Clear,clear sky,22,5,4,4,1,1,136.33333333333334,81.53333333333332,122.2333333333333,137.5,80.7,120.51666666666667,138.83333333333334,82.10000000000001,121.38333333333334,133.04166666666666,79.7625,117.55,17.0,-15.0,0.6969943079041893,0.662198373667604,17.153399999999998,184.47
2026-04-04 23:44:52.823962,143.0,93.8,149.2,14.7,16.2,17.7,0.69,pm25,26.11,73.0,4.26,1005.0,10000,65.0,Clear,clear sky,23,5,4,4,1,1,136.66666666666666,83.89999999999998,128.0333333333333,136.5,83.26666666666667,126.59999999999998,138.25,82.38333333333333,123.11666666666667,134.25,80.4375,119.625,1.0,1.0,0.6286863228640327,1.1020407413577729,19.060299999999998,399.58799999999997
2026-04-05 00:44:52.823962,125.0,80.2,119.2,52.8,23.7,14.7,0.1,pm25,27.46,70.0,2.83,1024.0,10000,32.0,Clear,clear sky,0,6,5,4,1,1,136.66666666666666,86.59999999999998,130.49999999999997,139.0,85.83333333333333,129.73333333333332,136.91666666666666,81.55833333333334,121.39999999999999,134.875,81.15416666666667,120.3625,-18.0,0.0,0.6728187863018559,0.44886362786243134,19.222,226.966
2026-04-05 01:44:52.823962,94.0,53.9,78.0,30.0,27.3,28.0,0.82,pm25,23.57,62.0,2.57,1013.0,10000,59.0,Clear,clear sky,1,6,5,4,1,1,120.66666666666667,75.96666666666664,115.46666666666664,128.5,78.75,118.84999999999998,132.08333333333334,78.98333333333333,117.00833333333333,133.29166666666666,80.2125,119.375,-31.0,-48.0,0.691025632166338,0.9099999696666676,14.613399999999999,138.523
2026-04-05 02:44:52.823962,92.0,52.0,76.2,37.6,25.3,14.3,0.55,pm25,23.32,62.0,2.73,1017.0,10000,2.0,Clear,clear sky,2,6,5,4,1,1,103.66666666666667,62.03333333333331,91.13333333333333,120.16666666666667,72.96666666666665,109.58333333333333,127.91666666666667,76.20833333333333,113.07499999999999,133.33333333333334,80.18333333333334,119.80833333333334,-2.0,-51.0,0.6824146892071563,0.6728723225299914,14.4584,141.96
2026-04-05 03:44:52.823962,124.0,80.6,118.4,39.4,19.3,4.6,0.26,pm25,27.37,71.0,2.64,1018.0,10000,36.0,Clear,clear sky,3,6,5,4,1,1,103.33333333333333,62.16666666666665,90.86666666666666,120.0,74.38333333333334,110.68333333333334,127.83333333333333,76.55,113.29166666666667,134.0,80.7375,120.19166666666666,32.0,-1.0,0.6807432374937226,0.48984770330335786,19.4327,212.784
2026-04-05 04:44:52.823962,78.0,42.3,68.2,26.5,30.7,8.6,0.49,pm25,21.48,61.0,3.71,1011.0,10000,24.0,Clear,clear sky,4,6,5,4,1,1,98.0,58.299999999999976,87.59999999999998,109.33333333333333,67.13333333333334,101.53333333333335,123.41666666666667,73.91666666666667,111.02500000000002,132.95833333333334,79.95,119.14583333333333,-46.0,-16.0,0.6202345950112229,1.1584905223211124,13.1028,156.933
2026-04-05 05:44:52.823962,116.0,67.3,104.2,36.5,25.6,16.8,0.38,pm25,26.3,63.0,3.49,1016.0,10000,97.0,Clear,clear sky,5,6,5,4,1,1,106.0,63.39999999999998,96.93333333333332,104.83333333333333,62.71666666666666,94.03333333333335,120.66666666666667,72.99166666666666,110.31666666666666,133.45833333333334,80.06666666666666,119.26666666666667,38.0,24.0,0.6458733143390276,0.7013698437980865,16.569000000000003,234.877
2026-04-05 06:44:52.823962,118.0,82.1,137.9,13.7,16.7,15.2,0.63,pm25,26.6,76.0,5.21,1005.0,10000,51.0,Clear,clear sky,6,6,5,4,1,1,104.0,63.89999999999998,103.43333333333332,103.66666666666667,63.03333333333333,97.15000000000002,121.33333333333333,74.43333333333334,113.44166666666666,134.25,81.0,121.61250000000001,2.0,-6.0,0.5953589514477233,1.2189780132132837,20.216,427.741
2026-04-05 07:44:52.823962,178.0,107.6,160.8,20.0,32.4,14.0,0.37,pm25,30.43,66.0,2.91,1008.0,10000,42.0,Clear,clear sky,7,6,5,4,1,1,137.33333333333334,85.66666666666663,134.29999999999998,117.66666666666667,71.98333333333333,110.95,123.08333333333333,75.36666666666666,114.89999999999999,134.33333333333334,80.7,121.17083333333335,60.0,100.0,0.6691542246943144,1.6199999190000038,20.0838,313.116
2026-04-05 08:44:52.823962,133.0,65.4,113.0,32.4,29.4,11.3,0.67,pm25,27.39,50.0,5.23,1014.0,10000,18.0,Clear,clear sky,8,6,5,4,1,1,143.0,85.0333333333333,137.23333333333332,124.5,74.21666666666667,117.08333333333333,122.33333333333333,73.59166666666665,113.33333333333333,132.79166666666666,79.2,119.71666666666668,-45.0,17.0,0.5787610568251235,0.9074073794010069,13.695,342.04200000000003
2026-04-05 09:44:52.823962,117.0,65.9,107.0,17.2,30.3,19.3,0.74,pm25,26.66,61.0,4.22,1007.0,10000,79.0,Clear,clear sky,9,6,5,4,1,1,142.66666666666666,79.63333333333331,126.93333333333332,123.33333333333333,71.76666666666667,115.18333333333334,121.66666666666667,73.075,112.93333333333334,129.5,76.8125,116.29583333333335,-16.0,-1.0,0.6158878447113286,1.761627804556523,16.2626,278.098
2026-04-05 10:44:52.823962,129.0,75.9,110.6,37.7,33.0,22.3,0.37,pm25,30.26,64.0,2.52,1017.0,10000,69.0,Clear,clear sky,10,6,5,4,1,1,126.33333333333333,69.06666666666665,110.19999999999997,131.83333333333334,77.36666666666666,122.25,120.58333333333333,72.25,111.89166666666667,129.70833333333334,77.175,116.6375,12.0,-49.0,0.6862567749886369,0.8753315417683941,19.366400000000002,191.26800000000003
2026-04-05 11:44:52.823962,167.0,107.5,158.1,26.9,15.0,14.2,0.49,pm25,34.4,72.0,2.53,1011.0,10000,98.0,Clear,clear sky,11,6,5,4,1,1,137.66666666666666,83.09999999999998,125.2333333333333,140.33333333333334,84.06666666666666,131.23333333333335,122.58333333333333,73.39166666666667,112.63333333333333,130.41666666666666,77.8875,117.875,38.0,34.0,0.6799493948137294,0.5576207971144685,24.767999999999997,271.97499999999997
2026-04-05 12:44:52.823962,147.0,89.9,121.3,26.9,22.0,11.1,0.63,pm25,32.51,67.0,0.96,1011.0,10000,95.0,Clear,clear sky,12,6,5,4,1,1,147.66666666666666,91.09999999999998,129.99999999999997,145.16666666666666,85.36666666666667,128.46666666666667,124.41666666666667,74.2,112.80833333333334,130.66666666666666,77.87916666666668,117.10416666666667,-20.0,30.0,0.7411376690755346,0.8178438357678871,21.7817,86.304
2026-04-05 13:44:52.823962,96.0,59.9,59.6,13.5,22.1,19.9,0.45,pm25,27.29,67.0,1.54,1005.0,10000,86.0,Clear,clear sky,13,6,5,4,1,1,136.66666666666666,85.76666666666665,112.99999999999999,131.5,77.41666666666667,111.60000000000001,124.58333333333333,74.7,111.27500000000002,128.33333333333334,76.84166666666667,114.14166666666667,-51.0,-33.0,1.005033540184001,1.6370369157750435,18.284299999999998,92.246
2026-04-05 14:44:52.823962,116.0,72.8,128.1,33.4,24.7,10.1,0.43,pm25,28.97,68.0,5.83,1015.0,10000,11.0,Clear,clear sky,14,6,5,4,1,1,119.66666666666667,74.19999999999997,102.99999999999999,128.66666666666666,78.64999999999999,114.11666666666667,126.58333333333333,76.43333333333334,115.60000000000001,127.25,76.32083333333333,114.33749999999999,20.0,-51.0,0.568306006492537,0.739520935942487,19.6996,424.424
2026-04-05 15:44:52.823962,145.0,90.8,136.5,48.9,23.1,22.1,0.24,pm25,31.42,69.0,3.04,1022.0,10000,80.0,Clear,clear sky,15,6,5,4,1,1,119.0,74.49999999999999,108.06666666666665,133.33333333333334,82.8,119.03333333333335,128.33333333333334,77.28333333333333,117.10833333333333,128.08333333333334,76.91666666666667,115.2,29.0,-2.0,0.6652014603281944,0.4723926283764289,21.6798,276.032
2026-04-05 16:44:52.823962,137.0,93.4,124.8,34.0,29.9,20.5,0.63,pm25,30.02,76.0,0.71,1015.0,10000,79.0,Clear,clear sky,16,6,5,4,1,1,132.66666666666666,85.66666666666664,129.79999999999998,134.66666666666666,85.71666666666665,121.39999999999999,133.25,81.54166666666667,121.82499999999999,128.33333333333334,77.72916666666667,116.42500000000001,-8.0,41.0,0.7483974299006617,0.8794117388408312,22.8152,66.31400000000001
2026-04-05 17:44:52.823962,184.0,108.0,149.5,30.4,19.5,17.2,0.69,pm25,30.94,63.0,1.12,1013.0,10000,73.0,Clear,clear sky,17,6,5,4,1,1,155.33333333333334,97.39999999999998,136.9333333333333,137.5,85.8,119.96666666666665,138.91666666666666,84.93333333333332,125.60000000000001,129.79166666666666,78.96249999999999,117.95833333333333,47.0,68.0,0.7224080219236921,0.641447347320811,19.4922,120.96000000000001
2026-04-05 18:44:52.823962,145.0,84.8,101.9,27.9,11.8,24.5,0.82,pm25,26.87,63.0,0.78,1012.0,10000,58.0,Clear,clear sky,18,6,5,4,1,1,155.33333333333334,95.39999999999998,125.39999999999998,137.16666666666666,84.95,116.73333333333333,141.16666666666666,85.15833333333333,122.60000000000001,131.25,79.79583333333333,118.02083333333333,-39.0,0.0,0.8321884118529105,0.4229390529412526,16.9281,66.144
2026-04-05 19:44:52.823962,88.0,44.5,53.9,25.5,20.8,14.2,0.64,pm25,19.1,57.0,1.06,1011.0,10000,64.0,Clear,clear sky,19,6,5,4,1,1,139.0,79.09999999999998,101.76666666666665,135.83333333333334,82.38333333333333,115.78333333333332,133.66666666666666,79.9,113.69166666666666,128.375,77.63333333333333,114.29583333333333,-57.0,-49.0,0.8256029531428024,0.8156862425221081,10.887,47.17
2026-04-05 20:44:52.823962,125.0,70.4,94.4,33.4,16.6,9.6,0.4,pm25,24.28,60.0,1.33,1015.0,10000,30.0,Clear,clear sky,20,6,5,4,1,1,119.33333333333333,66.56666666666665,83.39999999999999,137.33333333333334,81.98333333333333,110.16666666666667,133.0,80.31666666666668,112.14166666666667,127.66666666666667,76.95416666666667,112.7375,37.0,-59.0,0.7457627039643782,0.49700597314353384,14.568000000000001,93.63200000000002
2026-04-05 21:44:52.823962,144.0,93.2,136.8,35.1,30.5,13.3,0.23,pm25,26.18,72.0,2.55,1016.0,10000,30.0,Clear,clear sky,21,6,5,4,1,1,119.0,69.36666666666666,95.03333333333332,137.16666666666666,82.38333333333334,110.21666666666665,135.25,82.59166666666667,114.625,128.45833333333334,77.83333333333333,113.77916666666668,19.0,-1.0,0.6812865447274375,0.8689458441895771,18.8496,237.66
2026-04-05 22:44:52.823962,132.0,71.8,123.7,36.4,40.2,9.7,0.35,pm25,25.03,57.0,5.4,1016.0,10000,83.0,Clear,clear sky,22,6,5,4,1,1,133.66666666666666,78.46666666666665,118.3,136.33333333333334,78.78333333333333,110.03333333333335,135.5,82.25,115.71666666666665,128.04166666666666,77.25,113.80416666666667,-12.0,44.0,0.580436535323876,1.1043955740550668,14.267100000000001,387.72
2026-04-05 23:44:52.823962,151.0,96.7,146.9,30.9,31.2,9.2,0.59,pm25,26.92,71.0,3.28,1013.0,10000,24.0,Clear,clear sky,23,6,5,4,1,1,142.33333333333334,87.2333333333333,135.79999999999998,130.83333333333334,76.89999999999999,109.60000000000001,134.16666666666666,81.35000000000001,114.78333333333335,128.375,77.37083333333334,113.70833333333333,19.0,26.0,0.658270928126134,1.0097087051874205,19.113200000000003,317.176
2026-04-06 00:44:52.823962,135.0,74.4,115.9,25.9,23.6,17.0,0.84,pm25,28.72,58.0,3.64,1011.0,10000,94.0,Clear,clear sky,0,0,6,4,0,1,139.33333333333334,80.96666666666665,128.8333333333333,129.16666666666666,75.16666666666667,111.93333333333334,133.16666666666666,80.05833333333334,114.33333333333333,128.79166666666666,77.12916666666666,113.57083333333334,-16.0,-9.0,0.6419326950652917,0.9111968760155646,16.6576,270.81600000000003
2026-04-06 01:44:52.823962,83.0,51.3,64.2,6.5,31.8,7.5,0.25,pm25,22.12,67.0,1.09,1001.0,10000,29.0,Clear,clear sky,1,0,6,4,0,1,123.0,74.13333333333331,108.99999999999999,128.33333333333334,76.3,113.65000000000002,132.08333333333334,79.34166666666667,114.71666666666665,128.33333333333334,77.02083333333333,112.99583333333334,-52.0,-49.0,0.799065408114246,4.892306939645086,14.8204,55.917
2026-04-06 02:44:52.823962,133.0,86.9,146.0,41.6,23.5,13.1,0.55,pm25,28.49,72.0,5.35,1019.0,10000,88.0,Clear,clear sky,2,0,6,4,0,1,117.0,70.86666666666666,108.69999999999999,129.66666666666666,79.05,122.25,133.5,80.51666666666667,116.20833333333333,130.04166666666666,78.475,115.90416666666665,50.0,-18.0,0.595205475375305,0.5649038325744271,20.5128,464.915
2026-04-06 03:44:52.823962,76.0,52.0,87.7,10.2,34.6,15.5,0.96,pm25,21.31,71.0,4.47,1003.0,10000,53.0,Clear,clear sky,3,0,6,4,0,1,97.33333333333333,63.39999999999998,99.3,118.33333333333333,72.18333333333334,114.06666666666668,127.75,77.28333333333335,112.14166666666667,128.04166666666666,77.28333333333333,114.62500000000001,-57.0,-59.0,0.5929304379369391,3.392156530180733,15.1301,232.44
2026-04-06 04:44:52.823962,91.0,58.5,71.8,33.5,13.5,17.0,0.35,pm25,23.1,69.0,0.6,1015.0,10000,97.0,Clear,clear sky,4,0,6,4,0,1,100.0,65.79999999999997,101.83333333333333,111.5,69.96666666666667,105.41666666666667,123.91666666666667,74.375,107.72500000000001,128.58333333333334,77.95833333333333,114.77499999999999,15.0,8.0,0.8147632198500945,0.40298506259746086,15.939,35.1
2026-04-06 05:44:52.823962,73.0,46.9,70.1,48.1,42.5,10.7,0.5,pm25,20.9,68.0,2.96,1022.0,10000,45.0,Clear,clear sky,5,0,6,4,0,1,80.0,52.46666666666665,76.53333333333332,98.5,61.666666666666664,92.61666666666667,114.66666666666667,69.28333333333335,101.10833333333335,126.79166666666667,77.10833333333333,113.35416666666667,-18.0,-60.0,0.6690442129950898,0.883575865206323,14.211999999999998,138.82399999999998
2026-04-06 06:44:52.823962,132.0,79.4,123.4,25.5,26.9,10.6,0.89,pm25,27.95,65.0,3.65,1011.0,10000,11.0,Clear,clear sky,6,0,6,4,0,1,98.66666666666667,61.59999999999999,88.43333333333332,98.0,62.5,93.86666666666667,113.58333333333333,68.83333333333333,102.89999999999999,127.375,76.99583333333334,112.75,59.0,56.0,0.6434359753368236,1.0549019194156108,18.1675,289.81
2026-04-06 07:44:52.823962,166.0,100.7,177.4,37.4,15.7,25.5,0.51,pm25,29.39,66.0,6.95,1017.0,10000,60.0,Clear,clear sky,7,0,6,4,0,1,123.66666666666667,75.66666666666664,123.63333333333333,111.83333333333333,70.73333333333333,112.73333333333333,120.08333333333333,73.51666666666667,113.19166666666668,126.875,76.70833333333333,113.44166666666666,34.0,75.0,0.5676437397539812,0.4197860850324576,19.3974,699.865
2026-04-06 08:44:52.823962,195.0,115.6,167.6,40.5,27.2,13.0,0.19,pm25,32.54,64.0,2.12,1018.0,10000,11.0,Clear,clear sky,8,0,6,4,0,1,164.33333333333334,98.56666666666665,156.13333333333333,122.16666666666667,75.51666666666667,116.33333333333333,125.91666666666667,77.28333333333333,119.29166666666667,129.45833333333334,78.8,115.71666666666665,29.0,122.0,0.6897374660516857,0.6716049216887674,20.825599999999998,245.072
2026-04-06 09:44:52.823962,142.0,78.5,111.5,10.6,29.6,10.4,0.22,pm25,28.76,58.0,2.07,1003.0,10000,19.0,Clear,clear sky,9,0,6,4,0,1,167.66666666666666,98.26666666666665,152.16666666666666,133.16666666666666,79.93333333333334,120.3,125.75,76.05833333333332,117.18333333333334,130.5,79.325,115.90416666666665,-53.0,10.0,0.7040358681252389,2.792452566749758,16.6808,162.49499999999998
2026-04-06 10:44:52.823962,105.0,61.1,87.7,15.9,25.8,15.9,0.66,pm25,27.88,63.0,2.41,1006.0,10000,93.0,Clear,clear sky,10,0,6,4,0,1,147.33333333333334,85.06666666666665,122.26666666666667,135.5,80.36666666666666,122.95,123.5,75.16666666666667,114.18333333333334,129.5,78.70833333333333,114.95,-37.0,-61.0,0.6966932645759035,1.6226414073810436,17.5644,147.251
2026-04-06 11:44:52.823962,135.0,78.5,104.8,42.8,24.4,16.4,0.74,pm25,31.15,63.0,1.07,1019.0,10000,97.0,Clear,clear sky,11,0,6,4,0,1,127.33333333333333,72.69999999999999,101.33333333333333,145.83333333333334,85.63333333333334,128.73333333333332,122.16666666666667,73.64999999999999,110.675,128.16666666666666,77.5,112.72916666666667,30.0,-60.0,0.749045794379334,0.5700934446239849,19.624499999999998,83.995
2026-04-06 12:44:52.823962,108.0,66.9,93.7,37.4,16.3,13.3,0.64,pm25,28.62,67.0,2.01,1017.0,10000,39.0,Clear,clear sky,12,0,6,4,0,1,116.0,68.83333333333333,95.39999999999999,141.83333333333334,83.55,123.78333333333335,119.91666666666667,73.02499999999999,108.825,126.54166666666667,76.54166666666667,111.57916666666667,-27.0,-34.0,0.7139807821346769,0.4358288653521694,19.1754,134.469
2026-04-06 13:44:52.823962,87.0,49.7,70.7,41.2,24.0,19.7,0.69,pm25,26.35,63.0,2.43,1019.0,10000,90.0,Clear,clear sky,13,0,6,4,0,1,110.0,65.03333333333332,89.73333333333333,128.66666666666666,75.05,106.0,120.25,72.89166666666667,109.36666666666667,126.16666666666667,76.11666666666667,112.04166666666667,-21.0,-18.0,0.7029702870867004,0.5825242577057219,16.6005,120.77100000000002
2026-04-06 14:44:52.823962,147.0,87.3,132.8,41.6,24.2,12.4,0.8,pm25,32.07,64.0,3.27,1019.0,10000,4.0,Clear,clear sky,14,0,6,4,0,1,114.0,67.96666666666665,99.06666666666666,120.66666666666667,70.33333333333333,100.2,121.41666666666667,72.925,108.26666666666667,127.45833333333333,76.72083333333335,112.23750000000001,60.0,12.0,0.6573795131221422,0.5817307552468568,20.5248,285.471
2026-04-06 15:44:52.823962,159.0,97.9,142.1,38.9,19.7,29.1,0.62,pm25,32.83,68.0,2.28,1017.0,10000,56.0,Clear,clear sky,15,0,6,4,0,1,131.0,78.29999999999998,115.2,123.5,73.56666666666666,105.3,128.33333333333334,76.75,112.8,128.04166666666666,77.01666666666667,112.47083333333335,12.0,51.0,0.6889514377976677,0.5064267221998272,22.3244,223.212
2026-04-06 16:44:52.823962,132.0,85.5,127.0,24.8,24.8,11.5,0.5,pm25,29.55,71.0,2.82,1010.0,10000,6.0,Clear,clear sky,16,0,6,4,0,1,146.0,90.2333333333333,133.96666666666667,128.0,77.63333333333334,111.84999999999998,131.75,79.0,117.40000000000002,127.83333333333333,76.6875,112.5625,-27.0,45.0,0.6732283411556824,0.999999959677421,20.980500000000003,241.10999999999999
2026-04-06 17:44:52.823962,196.0,110.3,161.8,34.2,29.4,24.4,0.37,pm25,31.96,58.0,2.46,1015.0,10000,0.0,Clear,clear sky,17,0,6,4,0,1,162.33333333333334,97.89999999999998,143.63333333333333,138.16666666666666,82.93333333333334,121.35000000000001,142.0,84.28333333333333,125.04166666666667,128.33333333333334,76.78333333333335,113.07499999999999,64.0,49.0,0.6817058054282706,0.859649097671079,18.5368,271.33799999999997
2026-04-06 18:44:52.823962,154.0,89.4,131.5,26.5,10.9,12.1,0.48,pm25,27.65,62.0,2.6,1011.0,10000,43.0,Clear,clear sky,18,0,6,4,0,1,160.66666666666666,95.06666666666665,140.1,145.83333333333334,86.68333333333334,127.64999999999999,143.83333333333334,85.11666666666666,125.71666666666668,128.70833333333334,76.97500000000001,114.30833333333334,-42.0,-5.0,0.6798479035753011,0.4113207391954438,17.143,232.44000000000003
2026-04-06 19:44:52.823962,191.0,112.1,164.3,27.0,44.9,12.1,0.09,pm25,27.73,63.0,2.42,1011.0,10000,48.0,Clear,clear sky,19,0,6,4,0,1,180.33333333333334,103.93333333333332,152.53333333333333,163.16666666666666,97.08333333333333,143.25,145.91666666666666,86.06666666666666,124.625,133.0,79.79166666666667,118.90833333333335,37.0,59.0,0.6822884924997656,1.6629629013717442,17.4699,271.282
2026-04-06 20:44:52.823962,169.0,102.2,152.3,37.5,10.8,13.6,0.4,pm25,28.78,66.0,2.85,1017.0,10000,47.0,Clear,clear sky,20,0,6,4,0,1,171.33333333333334,101.2333333333333,149.36666666666667,166.83333333333334,99.56666666666666,146.5,143.75,84.95,123.35000000000001,134.83333333333334,81.11666666666666,121.32083333333334,-22.0,-27.0,0.6710439877147473,0.28799999232000023,18.9948,291.27000000000004
2026-04-06 21:44:52.823962,150.0,89.7,117.4,7.1,19.9,14.2,0.7,pm25,26.82,65.0,0.44,1002.0,10000,40.0,Clear,clear sky,21,0,6,4,0,1,170.0,101.33333333333331,144.66666666666666,165.33333333333334,98.2,142.38333333333335,144.41666666666666,85.88333333333334,123.84166666666668,135.08333333333334,80.97083333333333,120.51249999999999,-19.0,-4.0,0.7640545079722785,2.8028165066455624,17.433,39.468
2026-04-06 22:44:52.823962,134.0,68.8,107.1,40.6,25.8,15.2,0.26,pm25,25.19,53.0,3.59,1018.0,10000,68.0,Clear,clear sky,22,0,6,4,0,1,151.0,86.89999999999998,125.59999999999998,165.66666666666666,95.41666666666667,139.06666666666666,146.83333333333334,86.52499999999999,125.45833333333333,135.16666666666666,80.84583333333333,119.82083333333334,-16.0,-57.0,0.6423902834510712,0.6354679646436462,13.350700000000002,246.992
2026-04-06 23:44:52.823962,118.0,80.7,128.6,41.1,27.3,24.5,0.82,pm25,23.61,75.0,4.14,1019.0,10000,70.0,Clear,clear sky,23,0,6,4,0,1,134.0,79.7333333333333,117.69999999999999,152.66666666666666,90.48333333333333,133.53333333333333,145.41666666666666,86.70833333333333,127.44166666666668,133.79166666666666,80.17916666666666,119.05833333333334,-16.0,-51.0,0.6275272112945007,0.6642335604809353,17.7075,334.098
2026-04-07 00:44:52.823962,128.0,63.6,89.9,45.7,24.8,17.6,0.57,pm25,27.83,52.0,2.18,1021.0,10000,97.0,Clear,clear sky,0,1,7,4,0,1,126.66666666666667,71.03333333333332,108.53333333333332,148.33333333333334,86.18333333333334,126.60000000000001,147.08333333333334,86.43333333333334,127.125,133.5,79.72916666666667,117.97500000000001,10.0,-22.0,0.7074527173809486,0.5426695723704689,14.471599999999999,138.64800000000002
2026-04-07 01:44:52.823962,123.0,74.5,114.3,19.7,20.8,4.1,0.46,pm25,27.18,66.0,3.38,1008.0,10000,36.0,Clear,clear sky,1,1,7,4,0,1,123.0,72.93333333333332,110.93333333333332,137.0,79.91666666666667,118.26666666666665,150.08333333333334,88.5,130.75833333333333,135.16666666666666,80.69583333333334,120.0625,-5.0,-11.0,0.6517935201067934,1.055837509855964,17.9388,251.81
2026-04-07 02:44:52.823962,110.0,60.2,63.1,50.5,22.2,10.8,0.66,pm25,25.51,59.0,1.09,1023.0,10000,12.0,Clear,clear sky,2,1,7,4,0,1,120.33333333333333,66.09999999999998,89.09999999999998,127.16666666666667,72.91666666666667,103.39999999999999,147.0,86.24166666666667,124.95,134.20833333333334,79.58333333333333,116.60833333333333,-13.0,-8.0,0.9540411893178893,0.43960395169101085,15.050900000000002,65.61800000000001
2026-04-07 03:44:52.823962,77.0,56.3,69.3,32.9,4.7,18.8,0.46,pm25,21.4,75.0,0.71,1014.0,10000,98.0,Clear,clear sky,3,1,7,4,0,1,103.33333333333333,63.66666666666665,82.23333333333332,115.0,67.35000000000001,95.38333333333333,140.16666666666666,82.77499999999999,118.88333333333334,134.25,79.7625,115.84166666666665,-33.0,-51.0,0.8124098006867273,0.1428571385149806,16.05,39.973
2026-04-07 04:44:52.823962,125.0,72.0,100.8,15.3,24.3,13.6,0.52,pm25,27.45,62.0,1.93,1006.0,10000,3.0,Clear,clear sky,4,1,7,4,0,1,104.0,62.833333333333314,77.73333333333333,113.5,67.88333333333334,94.33333333333333,139.58333333333334,81.64999999999999,116.69999999999999,135.66666666666666,80.325,117.05000000000001,48.0,2.0,0.7142857071995466,1.5882351903114256,17.019,138.96
2026-04-07 05:44:52.823962,102.0,61.9,98.1,29.7,32.6,16.5,0.71,pm25,24.57,66.0,3.79,1013.0,10000,61.0,Clear,clear sky,5,1,7,4,0,1,101.33333333333333,63.399999999999984,89.39999999999998,110.83333333333333,64.75,89.25,131.75,77.61666666666666,111.39166666666667,136.875,80.95,118.21666666666668,-23.0,-8.0,0.6309887805199921,1.0976430606854188,16.2162,234.601
2026-04-07 06:44:52.823962,129.0,76.0,115.8,32.8,13.0,19.9,0.73,pm25,27.72,64.0,3.26,1014.0,10000,5.0,Clear,clear sky,6,1,7,4,0,1,118.66666666666667,69.96666666666665,104.89999999999998,111.0,66.81666666666668,93.56666666666666,129.66666666666666,76.5,110.08333333333333,136.75,80.80833333333334,117.89999999999999,27.0,52.0,0.656303966698584,0.39634145133105336,17.7408,247.76
2026-04-07 07:44:52.823962,142.0,84.6,119.3,44.3,21.4,14.1,0.61,pm25,27.4,64.0,1.85,1020.0,10000,1.0,Clear,clear sky,7,1,7,4,0,1,124.33333333333333,74.16666666666664,111.06666666666665,114.16666666666667,68.5,94.39999999999999,125.58333333333333,74.20833333333333,106.33333333333333,135.75,80.1375,115.47916666666667,13.0,17.0,0.7091366243995253,0.4830699665221227,17.535999999999998,156.51
2026-04-07 08:44:52.823962,175.0,108.3,159.4,43.3,21.2,5.5,0.73,pm25,30.86,69.0,2.54,1020.0,10000,31.0,Clear,clear sky,8,1,7,4,0,1,148.66666666666666,89.63333333333331,131.5,125.0,76.51666666666667,110.45,126.08333333333333,74.71666666666667,106.925,134.91666666666666,79.83333333333333,115.1375,33.0,73.0,0.6794228313712495,0.48960737899290124,21.293400000000002,275.082
2026-04-07 09:44:52.823962,135.0,81.6,130.4,35.4,37.5,22.9,0.5,pm25,28.13,66.0,4.2,1016.0,10000,60.0,Clear,clear sky,9,1,7,4,0,1,150.66666666666666,91.49999999999999,136.36666666666667,134.66666666666666,80.73333333333333,120.63333333333334,124.83333333333333,74.04166666666667,108.00833333333333,134.625,79.96249999999999,115.92500000000001,-40.0,6.0,0.6257668663668184,1.0593220039739548,18.5658,342.71999999999997
2026-04-07 10:44:52.823962,146.0,91.9,139.8,10.9,17.1,14.8,0.48,pm25,32.0,69.0,3.31,1003.0,10000,48.0,Clear,clear sky,10,1,7,4,0,1,152.0,93.93333333333332,143.20000000000002,138.16666666666666,84.05,127.13333333333333,125.83333333333333,75.96666666666667,110.73333333333333,136.33333333333334,81.24583333333334,118.09583333333332,11.0,4.0,0.6573676633950811,1.5688071955222758,22.08,304.189
2026-04-07 11:44:52.823962,121.0,81.3,114.2,45.2,29.9,20.6,0.75,pm25,29.76,74.0,1.84,1021.0,10000,79.0,Clear,clear sky,11,1,7,4,0,1,134.0,84.93333333333331,128.13333333333335,141.33333333333334,87.28333333333335,129.81666666666666,126.08333333333333,76.01666666666667,109.53333333333332,135.75,81.3625,118.48750000000001,-25.0,-54.0,0.7119089254648956,0.6615044101437078,22.0224,149.592
2026-04-07 12:44:52.823962,144.0,87.9,122.9,34.3,27.4,13.8,0.54,pm25,32.2,67.0,1.66,1015.0,10000,21.0,Clear,clear sky,12,1,7,4,0,1,137.0,87.0333333333333,125.63333333333334,143.83333333333334,89.26666666666667,131.0,127.41666666666667,78.04166666666667,112.28333333333335,137.25,82.2375,119.70416666666665,23.0,9.0,0.71521561663779,0.7988337959523676,21.574,145.91400000000002
2026-04-07 13:44:52.823962,107.0,59.5,91.0,8.4,33.3,14.5,0.62,pm25,28.34,61.0,3.25,1002.0,10000,46.0,Clear,clear sky,13,1,7,4,0,1,124.0,76.23333333333332,109.36666666666667,138.0,85.08333333333333,126.28333333333335,126.08333333333333,76.79166666666667,110.34166666666668,138.08333333333334,82.64583333333333,120.55,-37.0,-39.0,0.6538461466610314,3.9642852423469948,17.2874,193.375
2026-04-07 14:44:52.823962,165.0,93.2,148.9,31.1,42.6,20.1,0.76,pm25,33.88,59.0,4.37,1014.0,10000,55.0,Clear,clear sky,14,1,7,4,0,1,138.66666666666666,80.19999999999999,120.93333333333334,136.33333333333334,82.56666666666668,124.53333333333335,130.66666666666666,79.54166666666667,117.49166666666667,138.83333333333334,82.89166666666667,121.22083333333332,58.0,44.0,0.6259234343457123,1.3697748755699397,19.9892,407.28400000000005
2026-04-07 15:44:52.823962,133.0,85.9,134.3,32.4,30.8,14.5,0.57,pm25,30.19,71.0,3.83,1014.0,10000,44.0,Clear,clear sky,15,1,7,4,0,1,135.0,79.53333333333332,124.73333333333333,136.0,83.28333333333333,125.18333333333334,135.33333333333334,82.00833333333334,122.90833333333335,137.75,82.39166666666667,120.89583333333333,-32.0,-11.0,0.6396128023856084,0.9506172546105787,21.434900000000003,328.997
2026-04-07 16:44:52.823962,134.0,81.5,123.4,37.6,25.8,15.2,0.6,pm25,29.69,66.0,3.19,1017.0,10000,68.0,Clear,clear sky,16,1,7,4,0,1,144.0,86.86666666666666,135.53333333333333,134.0,81.55,122.45,136.08333333333334,82.8,124.79166666666667,137.83333333333334,82.22500000000001,120.74583333333334,1.0,27.0,0.6604538033998881,0.6861701945167502,19.5954,259.985
2026-04-07 17:44:52.823962,137.0,84.9,122.4,20.9,16.0,21.8,0.45,pm25,26.95,68.0,2.26,1008.0,10000,3.0,Clear,clear sky,17,1,7,4,0,1,134.66666666666666,84.09999999999998,126.7,136.66666666666666,82.15,123.81666666666668,139.0,84.71666666666667,126.81666666666666,135.375,81.16666666666667,119.10416666666667,3.0,-28.0,0.6936274453135013,0.7655502026052535,18.326,191.874
2026-04-07 18:44:52.823962,156.0,90.8,140.5,29.6,25.4,19.0,0.82,pm25,27.76,62.0,3.65,1013.0,10000,88.0,Clear,clear sky,18,1,7,4,0,1,142.33333333333334,85.7333333333333,128.76666666666668,138.66666666666666,82.63333333333333,126.75,141.25,85.94999999999999,128.875,135.45833333333334,81.22500000000001,119.47916666666667,19.0,23.0,0.6462633405959904,0.8581080791179702,17.2112,331.41999999999996
2026-04-07 19:44:52.823962,184.0,111.0,172.8,31.4,42.0,18.1,0.75,pm25,27.12,66.0,3.93,1014.0,10000,54.0,Clear,clear sky,19,1,7,4,0,1,159.0,95.56666666666665,145.23333333333332,151.5,91.21666666666665,140.38333333333335,144.75,88.14999999999999,133.33333333333334,135.16666666666666,81.17916666666666,119.83333333333333,28.0,50.0,0.6423611073937435,1.3375795752363193,17.8992,436.23
2026-04-07 20:44:52.823962,142.0,79.1,126.2,37.7,28.7,11.2,0.38,pm25,26.06,59.0,4.14,1017.0,10000,15.0,Clear,clear sky,20,1,7,4,0,1,160.66666666666666,93.63333333333333,146.5,147.66666666666666,88.86666666666667,136.60000000000002,142.0,85.71666666666665,130.56666666666666,134.04166666666666,80.21666666666667,118.74583333333334,-42.0,5.0,0.6267828793440342,0.7612731893561488,15.375399999999999,327.47399999999993
2026-04-07 21:44:52.823962,114.0,63.2,91.3,55.5,24.4,14.4,1.02,pm25,23.14,60.0,2.49,1026.0,10000,7.0,Clear,clear sky,21,1,7,4,0,1,146.66666666666666,84.43333333333332,130.1,144.5,85.08333333333333,129.43333333333334,140.25,84.18333333333334,127.30833333333334,132.54166666666666,79.1125,117.65833333333335,-28.0,-42.0,0.6922234316295354,0.4396396317182048,13.884,157.36800000000002
2026-04-07 22:44:52.823962,138.0,77.8,124.2,30.9,28.2,19.1,0.4,pm25,25.6,60.0,4.11,1013.0,10000,86.0,Clear,clear sky,22,1,7,4,0,1,131.33333333333334,73.36666666666665,113.89999999999999,145.16666666666666,84.46666666666667,129.5666666666667,139.58333333333334,83.00833333333333,126.00833333333334,132.70833333333334,79.4875,118.37083333333334,24.0,-46.0,0.6264090126698146,0.9126213296886301,15.36,319.75800000000004
2026-04-07 23:44:52.823962,137.0,78.4,127.8,40.3,9.9,14.2,0.04,pm25,25.48,61.0,4.53,1018.0,10000,48.0,Clear,clear sky,23,1,7,4,0,1,129.66666666666666,73.13333333333331,114.43333333333334,145.16666666666666,83.38333333333333,130.46666666666667,140.91666666666666,82.76666666666667,127.14166666666667,133.5,79.39166666666667,118.33749999999999,-1.0,-5.0,0.6134585241513418,0.2456575621424923,15.5428,355.15200000000004
2026-04-08 00:44:52.823962,101.0,58.4,83.3,27.4,8.8,10.6,0.49,pm25,24.43,63.0,2.36,1012.0,10000,44.0,Clear,clear sky,0,2,8,4,0,1,125.33333333333333,71.53333333333332,111.76666666666667,136.0,77.98333333333333,120.93333333333332,137.33333333333334,80.30833333333334,123.84166666666665,132.375,79.175,118.0625,-36.0,-13.0,0.7010804237565376,0.3211678714902237,15.390899999999998,137.82399999999998
2026-04-08 01:44:52.823962,87.0,58.6,86.1,22.6,35.1,17.9,0.55,pm25,22.64,71.0,2.74,1009.0,10000,63.0,Clear,clear sky,1,2,8,4,0,1,108.33333333333333,65.13333333333331,99.06666666666666,119.83333333333333,69.25,106.48333333333333,135.66666666666666,80.23333333333333,123.43333333333334,130.875,78.5125,116.8875,-14.0,-51.0,0.6806039409918242,1.5530972764116249,16.0744,160.56400000000002
2026-04-08 02:44:52.823962,109.0,77.7,103.4,28.0,23.9,12.9,0.13,pm25,25.46,77.0,1.02,1012.0,10000,5.0,Clear,clear sky,2,2,8,4,0,1,99.0,64.89999999999998,90.93333333333334,114.33333333333333,69.01666666666667,102.68333333333332,131.0,78.94166666666666,119.64166666666667,130.83333333333334,79.24166666666667,118.56666666666668,22.0,-28.0,0.7514506697151773,0.8535713980867357,19.604200000000002,79.254
2026-04-08 03:44:52.823962,96.0,54.9,94.6,52.9,32.7,11.0,0.55,pm25,23.81,62.0,4.83,1024.0,10000,29.0,Clear,clear sky,3,2,8,4,0,1,97.33333333333333,63.73333333333331,94.69999999999999,111.33333333333333,67.63333333333334,103.23333333333333,127.91666666666667,76.35833333333333,116.33333333333333,131.625,79.18333333333332,119.62083333333334,-13.0,-5.0,0.5803382602501241,0.6181474363299162,14.7622,265.167
2026-04-08 04:44:52.823962,96.0,55.6,81.1,33.9,22.0,25.2,0.88,pm25,23.75,63.0,2.65,1015.0,10000,67.0,Clear,clear sky,4,2,8,4,0,1,100.33333333333333,62.73333333333331,93.03333333333335,104.33333333333333,63.93333333333334,96.05,124.75,74.2,112.80833333333334,130.41666666666666,78.5,118.8,0.0,9.0,0.6855733577611177,0.6489675324788339,14.9625,147.34
2026-04-08 05:44:52.823962,116.0,65.0,96.8,45.2,23.2,18.6,0.52,pm25,26.26,61.0,2.9,1021.0,10000,91.0,Clear,clear sky,5,2,8,4,0,1,102.66666666666667,58.49999999999998,90.83333333333333,100.83333333333333,61.70000000000001,90.88333333333333,123.0,72.54166666666667,110.675,131.0,78.62916666666668,118.74583333333334,20.0,7.0,0.6714875963689299,0.5132743249275592,16.018600000000003,188.5
2026-04-08 06:44:52.823962,145.0,85.0,136.1,16.3,21.7,22.4,0.45,pm25,29.34,63.0,4.29,1006.0,10000,97.0,Clear,clear sky,6,2,8,4,0,1,119.0,68.53333333333332,104.66666666666667,108.16666666666667,66.13333333333334,99.68333333333332,122.08333333333333,72.05833333333332,110.30833333333334,131.66666666666666,79.00416666666668,119.59166666666668,29.0,49.0,0.6245407742502516,1.3312882618841555,18.4842,364.65
2026-04-08 07:44:52.823962,125.0,79.2,119.6,41.4,45.1,11.8,0.61,pm25,25.93,69.0,3.12,1019.0,10000,48.0,Clear,clear sky,7,2,8,4,0,1,128.66666666666666,76.39999999999998,117.5,114.5,69.56666666666668,105.26666666666667,117.16666666666667,69.40833333333333,105.875,130.95833333333334,78.77916666666665,119.60416666666667,-20.0,29.0,0.662207352322681,1.0893719543629965,17.8917,247.104
2026-04-08 08:44:52.823962,136.0,84.3,133.8,26.0,26.0,18.5,0.48,pm25,27.62,68.0,4.1,1011.0,10000,94.0,Clear,clear sky,8,2,8,4,0,1,135.33333333333334,82.83333333333331,129.83333333333334,119.0,70.66666666666667,110.33333333333333,116.66666666666667,69.84166666666665,106.50833333333333,129.33333333333334,77.77916666666667,118.53750000000001,11.0,20.0,0.630044838340472,0.9999999615384629,18.7816,345.62999999999994
2026-04-08 09:44:52.823962,162.0,99.4,150.8,35.5,14.1,13.7,0.67,pm25,30.39,67.0,3.26,1016.0,10000,86.0,Clear,clear sky,9,2,8,4,0,1,141.0,87.63333333333333,134.73333333333335,130.0,78.08333333333333,119.7,120.66666666666667,72.85833333333333,111.46666666666668,130.45833333333334,78.52083333333333,119.38749999999999,26.0,17.0,0.6591511892629232,0.39718308740329333,20.3613,324.044
2026-04-08 10:44:52.823962,155.0,93.9,124.6,35.7,16.9,17.4,0.79,pm25,32.94,66.0,0.57,1016.0,10000,66.0,Clear,clear sky,10,2,8,4,0,1,151.0,92.53333333333332,136.4,139.83333333333334,84.46666666666667,126.95,122.08333333333333,74.2,111.5,130.83333333333334,78.60416666666667,118.75416666666668,-7.0,30.0,0.7536115509340968,0.4733893424820912,21.7404,53.522999999999996
2026-04-08 11:44:52.823962,155.0,82.6,109.7,29.5,24.7,8.2,0.1,pm25,33.21,55.0,0.87,1013.0,10000,19.0,Clear,clear sky,11,2,8,4,0,1,157.33333333333334,91.96666666666665,128.36666666666665,146.33333333333334,87.39999999999999,129.1,123.58333333333333,74.55,109.99166666666667,132.25,78.65833333333333,118.56666666666666,0.0,19.0,0.752962618478007,0.8372881072105726,18.2655,71.862
2026-04-08 12:44:52.823962,162.0,98.3,138.2,17.2,22.4,9.7,0.17,pm25,34.04,66.0,1.6,1007.0,10000,15.0,Clear,clear sky,12,2,8,4,0,1,157.33333333333334,91.59999999999998,124.16666666666667,149.16666666666666,89.61666666666667,129.45000000000002,128.66666666666666,77.875,114.56666666666668,133.0,79.09166666666665,119.20416666666667,7.0,0.0,0.7112879832757744,1.3023255056787495,22.4664,157.28
2026-04-08 13:44:52.823962,129.0,80.4,121.7,10.7,7.3,19.1,0.55,pm25,30.62,68.0,3.15,1003.0,10000,1.0,Clear,clear sky,13,2,8,4,0,1,148.66666666666666,87.09999999999998,123.19999999999999,149.83333333333334,89.81666666666666,129.79999999999998,132.16666666666666,79.69166666666666,117.53333333333332,133.91666666666666,79.96249999999999,120.48333333333335,-33.0,-26.0,0.6606409148673713,0.6822429268931844,20.8216,253.26000000000002
2026-04-08 14:44:52.823962,160.0,94.0,139.8,17.3,36.6,5.1,0.45,pm25,33.41,63.0,2.82,1007.0,10000,19.0,Clear,clear sky,14,2,8,4,0,1,150.33333333333334,90.89999999999998,133.23333333333332,153.83333333333334,91.43333333333334,130.79999999999998,136.41666666666666,81.05,120.56666666666668,133.70833333333334,79.99583333333334,120.10416666666667,31.0,5.0,0.6723891225150992,2.1156068141267736,21.048299999999998,265.08
2026-04-08 15:44:52.823962,118.0,76.6,111.8,32.4,25.3,23.2,0.94,pm25,28.7,71.0,2.54,1014.0,10000,75.0,Clear,clear sky,15,2,8,4,0,1,135.66666666666666,83.66666666666664,124.43333333333334,146.5,87.63333333333333,124.3,138.25,82.85833333333333,122.0,133.08333333333334,79.60833333333333,119.16666666666667,-42.0,-44.0,0.685152051116708,0.7808641734301183,20.377,194.564
2026-04-08 16:44:52.823962,148.0,90.2,128.5,28.0,9.1,13.0,0.77,pm25,31.07,67.0,1.99,1012.0,10000,47.0,Clear,clear sky,16,2,8,4,0,1,142.0,86.93333333333332,126.7,145.33333333333334,87.01666666666667,124.95,142.58333333333334,85.74166666666667,125.95,133.66666666666666,79.97083333333333,119.37916666666666,30.0,19.0,0.7019455198292178,0.32499998839285754,20.8169,179.49800000000002
2026-04-08 17:44:52.823962,203.0,119.8,171.9,30.7,13.9,22.4,0.19,pm25,32.57,63.0,1.84,1013.0,10000,63.0,Clear,clear sky,17,2,8,4,0,1,156.33333333333334,95.53333333333332,137.4,153.33333333333334,93.21666666666665,135.31666666666666,149.83333333333334,90.30833333333334,132.20833333333334,136.41666666666666,81.425,121.44166666666666,55.0,43.0,0.6969168080458591,0.4527687148935272,20.519099999999998,220.43200000000002
2026-04-08 18:44:52.823962,153.0,93.4,142.5,25.0,25.7,18.9,0.02,pm25,27.54,67.0,3.35,1010.0,10000,93.0,Clear,clear sky,18,2,8,4,0,1,168.0,101.13333333333331,147.63333333333333,151.83333333333334,92.39999999999999,136.03333333333333,150.5,91.00833333333334,132.74166666666665,136.29166666666666,81.53333333333333,121.52500000000002,-50.0,35.0,0.6554385918916591,1.0279999588800015,18.4518,312.89000000000004
2026-04-08 19:44:52.823962,176.0,99.9,138.2,34.8,28.5,19.5,0.44,pm25,26.52,59.0,1.26,1015.0,10000,17.0,Clear,clear sky,19,2,8,4,0,1,177.33333333333334,104.36666666666666,150.86666666666667,159.66666666666666,95.65000000000002,138.78333333333333,154.75,92.73333333333333,134.29166666666666,135.95833333333334,81.07083333333334,120.08333333333333,23.0,28.0,0.7228654072151564,0.8189654937078883,15.6468,125.87400000000001
2026-04-08 20:44:52.823962,140.0,83.5,132.0,36.7,27.3,14.1,0.8,pm25,25.77,65.0,4.01,1016.0,10000,97.0,Clear,clear sky,20,2,8,4,0,1,156.33333333333334,92.26666666666665,137.5666666666667,156.33333333333334,93.90000000000002,137.48333333333335,155.08333333333334,92.66666666666667,134.14166666666668,135.875,81.25416666666668,120.32499999999999,-36.0,-63.0,0.6325757527835171,0.7438691895403491,16.7505,334.835
2026-04-08 21:44:52.823962,114.0,73.1,102.2,12.6,34.3,11.7,0.33,pm25,23.15,70.0,1.89,1004.0,10000,34.0,Clear,clear sky,21,2,8,4,0,1,143.33333333333334,85.49999999999999,124.13333333333334,155.66666666666666,93.31666666666666,135.88333333333333,151.08333333333334,90.47500000000001,130.09166666666667,135.875,81.66666666666667,120.77916666666665,-26.0,-39.0,0.7152641808682565,2.722222006172857,16.205,138.159
2026-04-08 22:44:52.823962,134.0,86.2,127.4,26.4,26.9,4.7,0.7,pm25,25.22,71.0,2.71,1011.0,10000,71.0,Clear,clear sky,22,2,8,4,0,1,129.33333333333334,80.93333333333331,120.53333333333335,153.33333333333334,92.64999999999999,135.70000000000002,149.33333333333334,89.83333333333333,130.32500000000002,135.70833333333334,82.01666666666667,120.91249999999998,20.0,-42.0,0.6766090998696304,1.0189393553432062,17.9062,233.602
2026-04-08 23:44:52.823962,132.0,75.5,113.9,21.0,22.4,6.5,0.71,pm25,25.0,61.0,3.1,1009.0,10000,27.0,Clear,clear sky,23,2,8,4,0,1,126.66666666666667,78.26666666666665,114.5,141.5,85.26666666666667,126.03333333333335,147.41666666666666,89.24166666666666,130.67499999999998,135.5,81.89583333333333,120.33333333333333,-2.0,-8.0,0.6628621539696036,1.0666666158730183,15.25,234.05
2026-04-09 00:44:52.823962,68.0,37.4,58.1,38.5,35.4,8.3,0.61,pm25,20.29,61.0,3.29,1017.0,10000,4.0,Clear,clear sky,0,3,9,4,0,1,111.33333333333333,66.36666666666665,99.80000000000001,127.33333333333333,75.93333333333334,111.96666666666668,139.58333333333334,84.16666666666667,124.00000000000001,134.125,81.02083333333334,119.28333333333332,-64.0,-46.0,0.6437177169755987,0.9194804955979092,12.376900000000001,123.04599999999999
2026-04-09 01:44:52.823962,89.0,48.7,62.9,27.6,21.3,7.7,0.27,pm25,22.91,60.0,1.48,1012.0,10000,24.0,Clear,clear sky,1,3,9,4,0,1,96.33333333333333,53.866666666666646,78.3,112.83333333333333,67.39999999999999,99.41666666666667,136.25,81.525,119.10000000000001,134.20833333333334,80.60833333333333,118.31666666666666,21.0,-45.0,0.774244820759224,0.7717391024732209,13.745999999999999,72.07600000000001
2026-04-09 02:44:52.823962,133.0,82.6,128.7,26.9,43.3,9.0,0.81,pm25,28.51,68.0,3.73,1011.0,10000,46.0,Clear,clear sky,2,3,9,4,0,1,96.66666666666667,56.23333333333331,83.23333333333333,111.66666666666667,67.25,98.86666666666667,134.0,80.575,118.17500000000001,135.20833333333334,80.8125,119.37083333333332,44.0,1.0,0.6418026368158304,1.6096653676704324,19.3868,308.09799999999996
2026-04-09 03:44:52.823962,86.0,55.3,65.0,28.1,27.0,18.3,0.08,pm25,22.51,69.0,0.3,1012.0,10000,91.0,Clear,clear sky,3,3,9,4,0,1,102.66666666666667,62.19999999999997,85.53333333333335,107.0,64.28333333333333,92.66666666666667,131.33333333333334,78.8,114.27499999999999,134.79166666666666,80.82916666666667,118.1375,-47.0,18.0,0.8507692176804735,0.9608540583325957,15.5319,16.59
2026-04-09 04:44:52.823962,91.0,56.9,89.9,29.0,28.6,21.5,0.43,pm25,23.19,67.0,3.67,1013.0,10000,79.0,Clear,clear sky,4,3,9,4,0,1,103.33333333333333,64.93333333333331,94.53333333333335,99.83333333333333,59.4,86.41666666666667,126.58333333333333,76.02499999999999,111.05833333333334,134.58333333333334,80.88333333333334,118.50416666666666,5.0,2.0,0.6329254657071695,0.986206862544591,15.5373,208.82299999999998
2026-04-09 05:44:52.823962,109.0,62.5,103.6,31.1,9.9,16.1,0.17,pm25,25.38,62.0,4.48,1014.0,10000,52.0,Clear,clear sky,5,3,9,4,0,1,95.33333333333333,58.23333333333331,86.16666666666667,96.0,57.23333333333333,84.7,118.75,71.25,105.36666666666667,134.29166666666666,80.77916666666667,118.78749999999998,18.0,-24.0,0.6032818474586695,0.31832796404090147,15.7356,280.0
2026-04-09 06:44:52.823962,118.0,81.7,129.0,28.3,13.3,12.4,0.53,pm25,26.63,76.0,3.96,1012.0,10000,41.0,Clear,clear sky,6,3,9,4,0,1,106.0,67.03333333333332,107.5,104.33333333333333,64.61666666666667,96.51666666666667,115.83333333333333,70.275,104.24166666666667,133.16666666666666,80.64166666666667,118.49166666666667,9.0,32.0,0.6333333284237727,0.4699646477044294,20.238799999999998,323.532
2026-04-09 07:44:52.823962,174.0,99.3,157.1,31.1,30.1,11.3,0.49,pm25,30.05,60.0,4.23,1014.0,10000,97.0,Clear,clear sky,7,3,9,4,0,1,133.66666666666666,81.16666666666664,129.9,118.5,73.05,112.21666666666668,115.66666666666667,70.22500000000001,105.81666666666666,135.20833333333334,81.47916666666667,120.05416666666667,56.0,83.0,0.6320814727429569,0.9678456280435489,18.03,420.03900000000004
2026-04-09 08:44:52.823962,140.0,75.8,137.5,29.5,12.6,16.7,0.48,pm25,27.96,57.0,6.57,1013.0,10000,72.0,Clear,clear sky,8,3,9,4,0,1,144.0,85.59999999999998,141.20000000000002,119.66666666666667,71.91666666666667,113.68333333333334,115.66666666666667,69.58333333333333,106.27499999999999,135.375,81.125,120.20833333333333,-34.0,31.0,0.5512727232634711,0.427118629589199,15.9372,498.00600000000003
2026-04-09 09:44:52.823962,157.0,100.7,173.2,35.5,18.1,11.2,0.82,pm25,30.03,71.0,6.32,1016.0,10000,26.0,Clear,clear sky,9,3,9,4,0,1,157.0,91.93333333333332,155.93333333333334,131.5,79.48333333333333,131.71666666666667,119.25,71.88333333333334,112.19166666666666,135.16666666666666,81.17916666666667,121.14166666666667,17.0,39.0,0.5814087726246607,0.5098591405673483,21.3213,636.4240000000001
2026-04-09 10:44:52.823962,110.0,68.4,100.2,19.6,12.8,6.8,0.75,pm25,28.38,67.0,2.63,1008.0,10000,40.0,Clear,clear sky,10,3,9,4,0,1,135.66666666666666,81.63333333333331,136.96666666666667,134.66666666666666,81.4,133.43333333333334,117.25,70.39999999999999,109.925,133.29166666666666,80.11666666666666,120.125,-47.0,-64.0,0.6826347237262004,0.6530611911703473,19.0146,179.892
2026-04-09 11:44:52.823962,140.0,80.7,115.9,25.6,40.9,15.6,0.64,pm25,31.76,61.0,2.22,1011.0,10000,51.0,Clear,clear sky,11,3,9,4,0,1,135.66666666666666,83.26666666666665,129.76666666666668,139.83333333333334,84.43333333333334,135.48333333333332,117.91666666666667,70.83333333333333,110.09166666666668,132.66666666666666,80.03750000000001,120.38333333333333,30.0,0.0,0.6962898990829172,1.597656187591555,19.3736,179.15400000000002
2026-04-09 12:44:52.823962,124.0,76.5,115.1,43.3,11.8,22.1,0.63,pm25,30.2,67.0,3.06,1020.0,10000,60.0,Clear,clear sky,12,3,9,4,0,1,124.66666666666667,75.19999999999999,110.39999999999999,140.83333333333334,83.56666666666666,133.16666666666666,122.58333333333333,74.09166666666667,114.84166666666665,131.08333333333334,79.12916666666666,119.42083333333333,-16.0,-33.0,0.6646394381873203,0.27251731472246393,20.233999999999998,234.09
2026-04-09 13:44:52.823962,123.0,75.6,130.0,33.5,18.3,22.5,0.43,pm25,30.0,67.0,5.5,1015.0,10000,71.0,Clear,clear sky,13,3,9,4,0,1,129.0,77.59999999999998,120.33333333333333,132.33333333333334,79.61666666666667,128.65,125.41666666666667,76.33333333333333,120.43333333333334,130.83333333333334,78.92916666666666,119.76666666666665,-1.0,13.0,0.5815384570650888,0.5462686404098914,20.1,415.79999999999995
2026-04-09 14:44:52.823962,134.0,82.0,123.3,17.9,33.1,9.5,0.5,pm25,30.77,67.0,3.05,1007.0,10000,90.0,Clear,clear sky,14,3,9,4,0,1,127.0,78.03333333333332,122.8,131.33333333333334,80.64999999999999,126.28333333333332,125.5,76.28333333333335,119.98333333333333,129.75,78.42916666666666,119.07916666666667,11.0,-6.0,0.6650446012567348,1.84916190786805,20.6159,250.1
2026-04-09 15:44:52.823962,131.0,79.3,119.3,45.0,12.7,17.5,0.76,pm25,30.04,66.0,3.06,1020.0,10000,58.0,Clear,clear sky,15,3,9,4,0,1,129.33333333333334,78.96666666666665,124.2,127.0,77.08333333333333,117.30000000000001,129.25,78.28333333333333,124.50833333333333,130.29166666666666,78.54166666666667,119.39166666666667,-3.0,7.0,0.6647108075045196,0.2822222159506174,19.8264,242.658
2026-04-09 16:44:52.823962,121.0,66.7,103.6,25.3,15.9,16.1,0.84,pm25,28.43,59.0,3.52,1011.0,10000,57.0,Clear,clear sky,16,3,9,4,0,1,128.66666666666666,75.99999999999999,115.39999999999999,128.83333333333334,76.8,117.86666666666667,131.75,79.10000000000001,125.64999999999999,129.16666666666666,77.5625,118.35416666666667,-10.0,-2.0,0.6438223876078921,0.6284584731834595,16.773699999999998,234.78400000000002
2026-04-09 17:44:52.823962,161.0,107.3,181.1,36.0,18.5,15.2,0.32,pm25,29.01,76.0,6.03,1016.0,10000,5.0,Clear,clear sky,17,3,9,4,0,1,137.66666666666666,84.43333333333332,134.66666666666666,132.33333333333334,81.23333333333333,128.73333333333332,136.08333333333334,82.83333333333333,132.10833333333332,127.41666666666667,77.04166666666667,118.7375,40.0,27.0,0.5924903335588607,0.513888874614198,22.047600000000003,647.019
2026-04-09 18:44:52.823962,176.0,109.9,155.8,30.3,11.9,16.9,0.4,pm25,29.46,69.0,1.64,1013.0,10000,21.0,Clear,clear sky,18,3,9,4,0,1,152.66666666666666,94.63333333333333,146.83333333333334,141.0,86.8,135.51666666666668,140.91666666666666,85.18333333333332,134.34166666666667,128.375,77.72916666666667,119.29166666666667,15.0,45.0,0.7053915230719414,0.39273926096570094,20.3274,180.236
2026-04-09 19:44:52.823962,144.0,76.2,114.5,31.2,27.3,13.7,0.65,pm25,23.83,55.0,3.04,1014.0,10000,18.0,Clear,clear sky,19,3,9,4,0,1,160.33333333333334,97.8,150.46666666666667,144.5,86.89999999999999,132.93333333333334,138.41666666666666,83.25833333333334,130.79166666666666,127.04166666666667,76.74166666666666,118.30416666666667,-32.0,23.0,0.6655021775938675,0.8749999719551291,13.106499999999999,231.64800000000002
2026-04-09 20:44:52.823962,151.0,93.1,132.2,30.8,25.0,10.2,0.42,pm25,26.89,68.0,1.88,1013.0,10000,10.0,Clear,clear sky,20,3,9,4,0,1,157.0,93.06666666666665,134.16666666666666,147.33333333333334,88.75,134.41666666666666,139.33333333333334,84.7,130.35,127.5,77.14166666666667,118.3125,7.0,-10.0,0.7042360007243873,0.8116882853347959,18.2852,175.028
2026-04-09 21:44:52.823962,131.0,75.5,107.8,23.3,26.7,1.7,0.14,pm25,24.92,62.0,2.18,1010.0,10000,42.0,Clear,clear sky,21,3,9,4,0,1,142.0,81.59999999999998,118.16666666666667,147.33333333333334,88.11666666666667,132.5,137.16666666666666,82.60000000000001,124.89999999999999,128.20833333333334,77.24166666666666,118.54583333333335,-20.0,-45.0,0.7003710510169662,1.1459226975998842,15.450400000000002,164.59
2026-04-09 22:44:52.823962,123.0,81.1,119.8,30.1,30.9,15.4,0.59,pm25,24.12,72.0,2.73,1013.0,10000,55.0,Clear,clear sky,22,3,9,4,0,1,135.0,83.2333333333333,119.93333333333332,147.66666666666666,90.51666666666665,135.20000000000002,138.25,83.65833333333335,126.53333333333335,127.75,77.02916666666667,118.22916666666667,-8.0,-21.0,0.676961597020354,1.0265780389841181,17.366400000000002,221.403
2026-04-09 23:44:52.823962,132.0,81.8,119.5,29.6,14.1,7.0,0.47,pm25,25.03,67.0,2.52,1013.0,10000,37.0,Clear,clear sky,23,3,9,4,0,1,128.66666666666666,79.46666666666665,115.7,142.83333333333334,86.26666666666667,124.93333333333334,137.58333333333334,83.75,126.83333333333333,127.75,77.29166666666667,118.46249999999999,9.0,-19.0,0.6845188227236918,0.4763513352584008,16.7701,206.136
2026-04-10 00:44:52.823962,111.0,60.7,110.1,34.3,24.0,10.6,0.56,pm25,25.71,59.0,5.86,1015.0,10000,9.0,Clear,clear sky,0,4,10,4,0,1,122.0,74.53333333333332,116.46666666666665,132.0,78.06666666666666,117.31666666666666,136.5,82.43333333333334,126.41666666666667,129.54166666666666,78.2625,120.62916666666666,-21.0,-20.0,0.5513169795520712,0.699708434410833,15.1689,355.70200000000006
2026-04-10 01:44:52.823962,126.0,75.7,108.2,22.7,21.5,8.7,0.65,pm25,27.59,65.0,2.19,1009.0,10000,20.0,Clear,clear sky,1,4,10,4,0,1,123.0,72.73333333333332,112.60000000000001,129.0,77.98333333333333,116.26666666666665,136.75,82.44166666666666,124.60000000000001,131.08333333333334,79.3875,122.51666666666667,15.0,3.0,0.6996303077668179,0.9471365221525762,17.9335,165.78300000000002
2026-04-10 02:44:52.823962,105.0,51.5,95.0,16.0,26.8,14.2,0.72,pm25,24.86,54.0,5.67,1006.0,10000,21.0,Clear,clear sky,2,4,10,4,0,1,114.0,62.633333333333326,104.43333333333334,121.33333333333333,71.05,110.06666666666666,134.33333333333334,79.89999999999999,122.24166666666667,129.91666666666666,78.09166666666667,121.1125,-21.0,-27.0,0.5421052574515236,1.6749998953125065,13.4244,292.005
2026-04-10 03:44:52.823962,115.0,67.2,104.8,39.5,29.1,16.0,0.72,pm25,26.16,63.0,3.59,1018.0,10000,67.0,Clear,clear sky,3,4,10,4,0,1,115.33333333333333,64.8,102.66666666666667,118.66666666666667,69.66666666666667,109.56666666666666,133.0,78.89166666666667,121.03333333333335,131.125,78.58749999999999,122.77083333333331,10.0,4.0,0.6412213679272771,0.736708842108637,16.4808,241.248
2026-04-10 04:44:52.823962,103.0,57.2,83.4,43.2,29.6,13.7,0.58,pm25,24.7,60.0,2.64,1020.0,10000,32.0,Clear,clear sky,4,4,10,4,0,1,107.66666666666667,58.633333333333326,94.40000000000002,115.33333333333333,65.68333333333334,103.5,131.5,78.1,119.34999999999998,131.625,78.6,122.5,-12.0,-23.0,0.6858513107212073,0.6851851693244174,14.82,151.008
2026-04-10 05:44:52.823962,128.0,77.3,118.9,14.8,16.3,20.4,0.6,pm25,27.82,66.0,3.43,1005.0,10000,70.0,Clear,clear sky,5,4,10,4,0,1,115.33333333333333,67.23333333333332,102.36666666666667,114.66666666666667,64.93333333333334,103.39999999999999,128.75,75.60000000000001,114.16666666666667,132.41666666666666,79.21666666666665,123.13749999999999,25.0,23.0,0.6501261509661383,1.1013512769357245,18.3612,265.139
2026-04-10 06:44:52.823962,106.0,55.6,101.6,8.7,16.4,12.1,0.14,pm25,25.41,57.0,5.73,1002.0,10000,98.0,Clear,clear sky,6,4,10,4,0,1,112.33333333333333,63.366666666666646,101.3,113.83333333333333,64.08333333333333,101.98333333333333,122.91666666666667,71.075,109.65000000000002,131.91666666666666,78.12916666666668,121.99583333333334,-22.0,-9.0,0.5472440891019283,1.8850572545911204,14.4837,318.588
2026-04-10 07:44:52.823962,147.0,89.8,139.1,22.0,35.6,20.0,0.07,pm25,27.85,66.0,3.66,1009.0,10000,65.0,Clear,clear sky,7,4,10,4,0,1,127.0,74.23333333333332,119.86666666666667,117.33333333333333,66.43333333333334,107.13333333333333,123.16666666666667,72.20833333333333,111.7,130.79166666666666,77.73333333333333,121.24583333333332,41.0,44.0,0.6455787157039632,1.6181817446281026,18.381,328.668
2026-04-10 08:44:52.823962,153.0,95.9,141.4,40.8,26.9,14.7,0.35,pm25,29.04,69.0,2.61,1018.0,10000,38.0,Clear,clear sky,8,4,10,4,0,1,135.33333333333334,80.43333333333332,127.36666666666667,125.33333333333333,73.83333333333333,114.86666666666667,123.33333333333333,72.44166666666666,112.46666666666665,131.33333333333334,78.57083333333334,121.40833333333332,6.0,25.0,0.6782178169857298,0.6593137093305463,20.0376,250.299
2026-04-10 09:44:52.823962,152.0,83.3,123.5,44.3,21.0,18.4,0.72,pm25,29.61,57.0,2.79,1020.0,10000,84.0,Clear,clear sky,9,4,10,4,0,1,150.66666666666666,89.66666666666664,134.66666666666666,131.5,76.51666666666667,117.98333333333335,125.08333333333333,73.09166666666667,113.77500000000002,131.125,77.84583333333333,119.33749999999999,-1.0,46.0,0.6744939216640168,0.4740406213534849,16.8777,232.40699999999998
2026-04-10 10:44:52.823962,142.0,82.4,116.7,43.9,35.3,11.5,0.6,pm25,31.6,62.0,1.98,1020.0,10000,95.0,Clear,clear sky,10,4,10,4,0,1,149.0,87.19999999999999,127.2,138.0,80.71666666666667,123.53333333333332,126.66666666666667,73.2,113.51666666666665,132.45833333333334,78.42916666666666,120.02500000000002,-10.0,-5.0,0.7060839699564356,0.8041002094737993,19.592,163.15200000000002
2026-04-10 11:44:52.823962,130.0,84.8,111.2,20.3,29.2,11.8,0.26,pm25,30.72,72.0,0.59,1008.0,10000,17.0,Clear,clear sky,11,4,10,4,0,1,141.33333333333334,83.49999999999999,117.13333333333333,138.33333333333334,81.96666666666665,122.25,126.5,73.45,112.82499999999999,132.04166666666666,78.60000000000001,119.82916666666667,-12.0,-23.0,0.7625899211997309,1.4384235744618927,22.1184,50.032
2026-04-10 12:44:52.823962,141.0,93.9,134.7,29.3,24.5,15.2,0.64,pm25,31.92,74.0,2.09,1013.0,10000,76.0,Clear,clear sky,12,4,10,4,0,1,137.66666666666666,87.03333333333335,120.86666666666667,144.16666666666666,88.35000000000001,127.76666666666667,129.0,76.21666666666668,114.875,132.75,79.325,120.64583333333333,11.0,-11.0,0.6971046718848949,0.8361774458642509,23.6208,196.251
2026-04-10 13:44:52.823962,152.0,95.9,131.9,33.8,7.8,14.3,0.63,pm25,32.97,69.0,1.22,1015.0,10000,77.0,Clear,clear sky,13,4,10,4,0,1,141.0,91.53333333333332,125.93333333333334,145.0,89.36666666666667,126.56666666666668,131.16666666666666,77.9,116.84999999999998,133.95833333333334,80.17083333333333,120.72500000000001,11.0,10.0,0.7270659535476426,0.23076922394173896,22.749299999999998,116.998
2026-04-10 14:44:52.823962,158.0,93.4,143.7,20.8,29.4,13.8,0.73,pm25,33.24,63.0,3.54,1008.0,10000,35.0,Clear,clear sky,14,4,10,4,0,1,150.33333333333334,94.39999999999999,136.76666666666668,145.83333333333334,88.95,126.94999999999999,135.58333333333334,81.39166666666667,120.90833333333332,134.95833333333334,80.64583333333333,121.575,6.0,28.0,0.649965200765726,1.41346147050666,20.941200000000002,330.636
2026-04-10 15:44:52.823962,140.0,83.2,120.7,34.9,22.5,6.3,0.25,pm25,30.92,64.0,2.38,1015.0,10000,27.0,Clear,clear sky,15,4,10,4,0,1,150.0,90.83333333333333,132.1,143.83333333333334,88.93333333333334,126.48333333333335,137.66666666666666,82.72500000000001,122.23333333333333,135.33333333333334,80.80833333333332,121.63333333333333,-18.0,-1.0,0.6893123389452168,0.644699121928392,19.788800000000002,198.016
2026-04-10 16:44:52.823962,93.0,62.2,99.3,28.6,29.8,13.3,0.35,pm25,25.6,71.0,3.89,1012.0,10000,28.0,Clear,clear sky,16,4,10,4,0,1,130.33333333333334,79.6,121.23333333333333,135.66666666666666,85.56666666666666,123.58333333333333,136.83333333333334,83.14166666666667,123.55833333333334,134.16666666666666,80.62083333333334,121.45416666666667,-47.0,-59.0,0.6263846865419468,1.0419580055259439,18.176000000000002,241.95800000000003
2026-04-10 17:44:52.823962,124.0,68.6,108.8,31.4,32.4,5.6,0.61,pm25,25.92,59.0,3.89,1014.0,10000,35.0,Clear,clear sky,17,4,10,4,0,1,119.0,71.33333333333333,109.60000000000001,134.66666666666666,82.86666666666667,123.18333333333332,136.5,82.41666666666667,122.71666666666665,132.625,79.00833333333333,118.44166666666666,31.0,-34.0,0.630514700087181,1.031847100896589,15.292800000000002,266.854
2026-04-10 18:44:52.823962,144.0,81.1,112.4,24.1,27.1,11.3,0.01,pm25,26.81,60.0,1.62,1010.0,10000,10.0,Clear,clear sky,18,4,10,4,0,1,120.33333333333333,70.63333333333331,106.83333333333333,135.16666666666666,80.73333333333333,119.46666666666668,139.66666666666666,84.54166666666667,123.61666666666667,131.29166666666666,77.80833333333334,116.63333333333333,20.0,4.0,0.721530242691012,1.1244812811418554,16.086,131.382
2026-04-10 19:44:52.823962,127.0,78.9,116.9,22.8,18.9,13.7,0.86,pm25,22.37,68.0,2.79,1009.0,10000,36.0,Clear,clear sky,19,4,10,4,0,1,131.66666666666666,76.19999999999999,112.7,131.0,77.9,116.96666666666668,138.0,83.63333333333334,121.76666666666667,130.58333333333334,77.92083333333333,116.73333333333333,-17.0,34.0,0.6749358368268962,0.8289473320637134,15.2116,220.13100000000003
2026-04-10 20:44:52.823962,146.0,83.9,118.1,18.4,18.0,18.7,0.54,pm25,26.41,61.0,1.84,1007.0,10000,73.0,Clear,clear sky,20,4,10,4,0,1,139.0,81.3,115.8,129.0,76.31666666666666,112.7,137.41666666666666,82.63333333333334,119.825,130.375,77.53750000000001,116.14583333333333,19.0,22.0,0.7104148966095268,0.9782608163988687,16.1101,154.376
2026-04-10 21:44:52.823962,122.0,80.7,127.3,32.7,22.2,15.8,0.21,pm25,24.03,72.0,3.93,1014.0,10000,70.0,Clear,clear sky,21,4,10,4,0,1,131.66666666666666,81.16666666666667,120.76666666666667,126.0,75.9,113.8,134.91666666666666,82.41666666666667,120.14166666666667,130.0,77.75416666666668,116.95833333333333,-24.0,-22.0,0.6339355802518808,0.6788990618073681,17.3016,317.151
2026-04-10 22:44:52.823962,120.0,76.9,139.5,33.4,33.0,11.5,0.44,pm25,23.79,70.0,6.63,1015.0,10000,30.0,Clear,clear sky,22,4,10,4,0,1,129.33333333333334,80.5,128.29999999999998,130.5,78.35000000000001,120.5,133.08333333333334,81.95833333333333,122.04166666666667,129.875,77.57916666666667,117.77916666666668,-2.0,-7.0,0.5512544763350934,0.988023922514254,16.653,509.84700000000004
2026-04-10 23:44:52.823962,134.0,79.9,131.2,34.9,25.1,22.0,0.27,pm25,25.23,64.0,4.7,1015.0,10000,81.0,Clear,clear sky,23,4,10,4,0,1,125.33333333333333,79.16666666666667,132.66666666666666,132.16666666666666,80.23333333333333,124.23333333333335,133.41666666666666,81.55,123.70833333333333,129.95833333333334,77.5,118.26666666666667,14.0,-12.0,0.6089938977973027,0.7191976871290062,16.1472,375.53000000000003
2026-04-11 00:44:52.823962,93.0,59.2,83.0,38.1,23.9,14.0,0.83,pm25,23.38,68.0,2.14,1017.0,10000,91.0,Clear,clear sky,0,5,11,4,1,1,115.66666666666667,72.0,117.89999999999999,123.66666666666667,76.58333333333334,119.33333333333333,129.41666666666666,78.65833333333335,119.39999999999999,129.20833333333334,77.4375,117.1375,-41.0,-29.0,0.7132530034547832,0.6272965714620322,15.898399999999999,126.68800000000002
2026-04-11 01:44:52.823962,106.0,67.7,100.0,32.0,23.3,9.2,0.12,pm25,25.0,69.0,2.77,1014.0,10000,15.0,Clear,clear sky,1,5,11,4,1,1,111.0,68.93333333333332,104.73333333333333,120.16666666666667,74.71666666666667,116.51666666666665,125.58333333333333,76.30833333333334,116.74166666666667,128.375,77.10416666666667,116.79583333333333,13.0,-14.0,0.6769999932300002,0.7281249772460946,17.25,187.529
2026-04-11 02:44:52.823962,135.0,75.1,89.1,29.2,21.4,15.5,0.76,pm25,28.76,59.0,0.54,1013.0,10000,92.0,Clear,clear sky,2,5,11,4,1,1,111.33333333333333,67.33333333333333,90.7,118.33333333333333,73.25,111.68333333333332,123.66666666666667,74.78333333333333,112.19166666666666,129.625,78.08749999999999,116.55,29.0,1.0,0.8428731667466536,0.7328766872302503,16.968400000000003,40.554
2026-04-11 03:44:52.823962,98.0,63.5,90.2,24.4,29.2,17.1,0.4,pm25,24.1,69.0,2.24,1010.0,10000,78.0,Clear,clear sky,3,5,11,4,1,1,113.0,68.76666666666665,93.10000000000001,114.33333333333333,70.38333333333334,105.5,120.16666666666667,73.14166666666667,109.64999999999999,128.91666666666666,77.93333333333334,115.94166666666668,-37.0,5.0,0.7039911230156195,1.1967212624294565,16.629,142.24
2026-04-11 04:44:52.823962,100.0,53.2,75.0,36.6,35.3,15.9,0.23,pm25,24.31,58.0,2.28,1016.0,10000,92.0,Clear,clear sky,4,5,11,4,1,1,111.0,63.933333333333316,84.76666666666667,111.0,66.43333333333334,94.75,120.75,72.39166666666667,107.625,128.79166666666666,77.76666666666667,115.59166666666668,2.0,-6.0,0.7093333238755557,0.9644808479650041,14.0998,121.29599999999999
2026-04-11 05:44:52.823962,105.0,63.2,82.5,24.3,24.0,13.4,0.62,pm25,24.87,65.0,1.15,1010.0,10000,5.0,Clear,clear sky,5,5,11,4,1,1,101.0,59.96666666666666,82.56666666666666,106.16666666666667,63.65,86.63333333333333,119.16666666666667,71.94166666666668,105.43333333333334,127.83333333333333,77.17916666666667,114.075,5.0,-30.0,0.7660605967750231,0.9876542803434452,16.165499999999998,72.67999999999999
2026-04-11 06:44:52.823962,131.0,77.5,128.8,28.6,37.1,19.7,0.53,pm25,27.91,64.0,4.88,1012.0,10000,62.0,Clear,clear sky,6,5,11,4,1,1,112.0,64.63333333333333,95.43333333333334,112.5,66.7,94.26666666666667,118.08333333333333,71.64166666666667,106.8,128.875,78.09166666666667,115.20833333333333,26.0,33.0,0.6017080698625149,1.2972027518460576,17.8624,378.2
2026-04-11 07:44:52.823962,191.0,113.3,173.9,9.9,23.4,23.2,0.33,pm25,31.53,64.0,3.6,1003.0,10000,75.0,Clear,clear sky,7,5,11,4,1,1,142.33333333333334,84.66666666666667,128.4,126.66666666666667,74.3,106.58333333333333,123.41666666666667,74.50833333333334,111.55,130.70833333333334,79.07083333333334,116.65833333333335,60.0,91.0,0.6515238605432785,2.36363612488524,20.1792,407.88
2026-04-11 08:44:52.823962,154.0,97.5,146.5,33.0,24.8,18.1,0.22,pm25,29.13,70.0,3.03,1015.0,10000,95.0,Clear,clear sky,8,5,11,4,1,1,158.66666666666666,96.09999999999998,149.73333333333335,129.83333333333334,78.03333333333333,116.14999999999999,124.08333333333333,75.64166666666667,113.91666666666667,130.75,79.1375,116.87083333333334,-37.0,49.0,0.6655290056960478,0.7515151287419659,20.391,295.42499999999995
2026-04-11 09:44:52.823962,177.0,111.4,177.6,38.7,22.7,11.1,0.66,pm25,31.67,70.0,4.57,1017.0,10000,10.0,Clear,clear sky,9,5,11,4,1,1,174.0,107.39999999999999,166.0,143.0,86.01666666666667,130.71666666666667,128.66666666666666,78.2,118.10833333333335,131.79166666666666,80.30833333333334,119.125,23.0,46.0,0.6272522487204266,0.5865632923368658,22.169,509.09800000000007
2026-04-11 10:44:52.823962,111.0,61.0,86.6,25.1,24.7,9.8,0.49,pm25,28.47,59.0,2.27,1011.0,10000,12.0,Clear,clear sky,10,5,11,4,1,1,147.33333333333334,89.96666666666665,136.9,144.83333333333334,87.31666666666666,132.65,127.91666666666667,76.875,113.7,130.5,79.41666666666667,117.87083333333332,-66.0,-80.0,0.7043879826283144,0.9840637058141949,16.7973,138.47
2026-04-11 11:44:52.823962,85.0,40.0,70.8,36.4,17.5,14.4,0.32,pm25,26.16,54.0,4.63,1016.0,10000,45.0,Clear,clear sky,11,5,11,4,1,1,124.33333333333333,70.8,111.66666666666667,141.5,83.45,130.70000000000002,123.83333333333333,73.55,108.66666666666667,128.625,77.55,116.1875,-26.0,-69.0,0.5649717434326026,0.48076921756128527,14.1264,185.2
2026-04-11 12:44:52.823962,128.0,74.1,117.2,43.5,18.9,10.6,0.8,pm25,30.57,62.0,3.9,1020.0,10000,23.0,Clear,clear sky,12,5,11,4,1,1,108.0,58.36666666666665,91.53333333333335,141.0,82.88333333333334,128.76666666666668,126.75,74.79166666666667,111.51666666666667,128.08333333333334,76.72500000000001,115.45833333333333,43.0,-49.0,0.6322525543323161,0.43448274863258046,18.9534,288.98999999999995
2026-04-11 13:44:52.823962,134.0,84.4,144.8,37.4,20.7,18.7,0.95,pm25,31.12,69.0,5.73,1017.0,10000,83.0,Clear,clear sky,13,5,11,4,1,1,115.66666666666667,66.16666666666666,110.93333333333334,131.5,78.06666666666666,123.91666666666667,129.08333333333334,76.18333333333332,115.25,127.33333333333333,76.24583333333334,115.99583333333334,6.0,23.0,0.5828729241514301,0.5534759210300556,21.472800000000003,483.6120000000001
2026-04-11 14:44:52.823962,115.0,78.5,106.7,33.4,23.2,8.0,0.53,pm25,28.93,74.0,1.34,1015.0,10000,20.0,Clear,clear sky,14,5,11,4,1,1,125.66666666666667,78.99999999999999,122.89999999999999,125.0,74.89999999999999,117.28333333333335,127.41666666666667,76.46666666666667,116.71666666666668,125.54166666666667,75.625,114.45416666666665,-19.0,30.0,0.7357075844825905,0.6946107576463846,21.4082,105.19000000000001
2026-04-11 15:44:52.823962,176.0,91.0,135.9,52.6,9.9,21.9,0.4,pm25,34.57,50.0,2.92,1024.0,10000,97.0,Clear,clear sky,15,5,11,4,1,1,141.66666666666666,84.63333333333333,129.13333333333335,124.83333333333333,71.5,110.33333333333333,133.91666666666666,78.75833333333334,120.52500000000002,127.04166666666667,75.95,115.08749999999999,61.0,48.0,0.6696100024311258,0.18821292417846153,17.285,265.71999999999997
2026-04-11 16:44:52.823962,109.0,69.8,122.5,38.5,23.1,23.6,0.93,pm25,27.13,70.0,5.68,1017.0,10000,73.0,Clear,clear sky,16,5,11,4,1,1,133.33333333333334,79.76666666666665,121.7,124.5,72.96666666666667,116.31666666666666,134.66666666666666,80.14166666666667,124.48333333333335,127.70833333333333,76.26666666666667,116.05416666666666,-67.0,-25.0,0.5697959137159517,0.5999999844155849,18.991,396.46399999999994
2026-04-11 17:44:52.823962,186.0,115.1,170.2,2.2,32.1,14.6,0.42,pm25,31.14,68.0,2.63,999.0,10000,46.0,Clear,clear sky,17,5,11,4,1,1,157.0,91.96666666666665,142.86666666666667,141.33333333333334,85.48333333333333,132.88333333333333,141.41666666666666,84.46666666666665,131.79166666666666,130.29166666666666,78.20416666666667,118.61250000000001,77.0,71.0,0.6762632157681362,14.590902458680699,21.1752,302.71299999999997
2026-04-11 18:44:52.823962,148.0,92.6,132.8,17.8,31.4,21.7,0.34,pm25,27.15,69.0,2.08,1007.0,10000,73.0,Clear,clear sky,18,5,11,4,1,1,147.66666666666666,92.49999999999999,141.83333333333334,144.66666666666666,88.56666666666666,135.48333333333332,142.83333333333334,85.72500000000001,132.125,130.45833333333334,78.68333333333334,119.46249999999999,-38.0,-28.0,0.6972891513758346,1.7640448447165815,18.7335,192.608
2026-04-11 19:44:52.823962,146.0,87.0,119.5,43.2,31.9,23.3,0.59,pm25,23.97,64.0,1.36,1020.0,10000,69.0,Clear,clear sky,19,5,11,4,1,1,160.0,98.2333333333333,140.83333333333334,146.66666666666666,89.0,131.26666666666668,139.08333333333334,83.53333333333333,127.59166666666665,131.25,79.02083333333333,119.57083333333333,-2.0,37.0,0.728033466711017,0.7384259088327335,15.3408,118.32000000000001
2026-04-11 20:44:52.823962,145.0,76.4,118.9,32.4,29.9,14.5,0.66,pm25,26.32,54.0,3.64,1014.0,10000,42.0,Clear,clear sky,20,5,11,4,1,1,146.33333333333334,85.33333333333333,123.73333333333335,151.66666666666666,88.64999999999999,133.29999999999998,138.33333333333334,81.77499999999999,125.29166666666667,131.20833333333334,78.70833333333333,119.60416666666667,-1.0,-41.0,0.6425567649911121,0.9228394776901396,14.2128,278.096
2026-04-11 21:44:52.823962,131.0,74.2,106.3,27.6,27.7,13.2,0.38,pm25,24.85,61.0,2.25,1012.0,10000,67.0,Clear,clear sky,21,5,11,4,1,1,140.66666666666666,79.19999999999999,114.89999999999999,144.16666666666666,85.85000000000001,128.36666666666667,134.5,78.675,119.35000000000001,131.58333333333334,78.4375,118.72916666666667,-14.0,-17.0,0.6980244525115292,1.0036231520426393,15.158500000000002,166.95000000000002
2026-04-11 22:44:52.823962,124.0,70.2,91.7,28.7,35.1,19.4,0.86,pm25,24.15,61.0,0.95,1012.0,10000,66.0,Clear,clear sky,22,5,11,4,1,1,133.33333333333334,73.59999999999998,105.63333333333333,146.66666666666666,85.91666666666667,123.23333333333333,135.58333333333334,79.44166666666668,119.77499999999999,131.75,78.15833333333333,116.7375,-7.0,-22.0,0.7655397953594352,1.222996473066325,14.731499999999999,66.69
2026-04-11 23:44:52.823962,159.0,94.8,151.4,18.6,10.3,11.3,0.34,pm25,27.76,64.0,4.39,1007.0,10000,43.0,Clear,clear sky,23,5,11,4,1,1,138.0,79.73333333333333,116.46666666666665,142.16666666666666,82.53333333333333,120.10000000000002,141.75,84.00833333333334,126.49166666666667,132.79166666666666,78.77916666666667,117.57916666666667,35.0,14.0,0.6261558743318634,0.5537634110879887,17.7664,416.17199999999997
2026-04-12 00:44:52.823962,109.0,60.2,96.3,25.9,18.0,20.7,0.54,pm25,25.45,60.0,3.9,1011.0,10000,74.0,Clear,clear sky,0,6,12,4,1,1,130.66666666666666,75.06666666666666,113.13333333333333,135.66666666666666,77.13333333333334,114.01666666666667,140.16666666666666,82.85000000000001,124.75,133.45833333333334,78.82083333333334,118.13333333333333,-50.0,-22.0,0.6251297962084134,0.6949806681474645,15.27,234.78
2026-04-12 01:44:52.823962,118.0,70.2,97.2,36.8,23.8,6.3,0.37,pm25,26.53,65.0,1.8,1016.0,10000,1.0,Clear,clear sky,1,6,12,4,1,1,128.66666666666666,75.06666666666666,114.96666666666665,131.0,74.33333333333333,110.3,138.83333333333334,81.66666666666667,120.78333333333335,133.95833333333334,78.925,118.01666666666667,9.0,-6.0,0.7222222147919526,0.6467391128603504,17.244500000000002,126.36000000000001
2026-04-12 02:44:52.823962,93.0,56.2,74.3,31.8,13.3,12.3,0.71,pm25,23.45,65.0,1.5,1014.0,10000,41.0,Clear,clear sky,2,6,12,4,1,1,106.66666666666667,62.19999999999999,89.26666666666667,122.33333333333333,70.96666666666667,102.86666666666667,137.0,79.80833333333334,118.08333333333333,132.20833333333334,78.1375,117.39999999999999,-25.0,-66.0,0.7563929911656395,0.4182389805585226,15.2425,84.30000000000001
2026-04-12 03:44:52.823962,84.0,48.1,61.7,32.1,26.4,20.4,0.12,pm25,22.28,63.0,1.44,1014.0,10000,86.0,Clear,clear sky,3,6,12,4,1,1,98.33333333333333,58.16666666666666,77.73333333333333,114.5,66.61666666666666,95.43333333333334,129.33333333333334,76.23333333333333,111.89999999999999,131.625,77.49583333333334,116.21249999999999,-9.0,-25.0,0.7795785935238477,0.8224298809211875,14.0364,69.264
2026-04-12 04:44:52.823962,93.0,52.8,74.2,28.4,25.5,12.7,0.74,pm25,23.45,62.0,2.26,1012.0,10000,3.0,Clear,clear sky,4,6,12,4,1,1,90.0,52.36666666666665,70.06666666666666,109.33333333333333,63.71666666666667,92.51666666666667,128.0,74.81666666666666,107.87500000000001,131.33333333333334,77.47916666666667,116.17916666666666,9.0,-25.0,0.7115902869057913,0.8978872923279122,14.538999999999998,119.32799999999999
2026-04-12 05:44:52.823962,127.0,70.4,104.9,36.5,31.3,21.2,0.44,pm25,27.73,59.0,2.9,1016.0,10000,75.0,Clear,clear sky,5,6,12,4,1,1,101.33333333333333,57.09999999999999,80.26666666666667,104.0,59.65,84.76666666666667,123.08333333333333,71.09166666666667,102.43333333333334,132.25,77.77916666666667,117.1125,34.0,34.0,0.6711153415527613,0.8575342230812543,16.360699999999998,204.16
2026-04-12 06:44:52.823962,158.0,92.1,139.7,43.9,16.9,19.8,0.38,pm25,30.66,62.0,3.23,1020.0,10000,71.0,Clear,clear sky,6,6,12,4,1,1,126.0,71.76666666666665,106.26666666666667,112.16666666666667,64.96666666666667,92.0,123.91666666666667,71.05,103.00833333333334,133.375,78.3875,117.56666666666668,31.0,74.0,0.6592698592750905,0.3849658226659266,19.0092,297.483
2026-04-12 07:44:52.823962,199.0,110.6,164.4,9.3,34.5,15.9,0.51,pm25,32.19,56.0,2.78,1003.0,10000,55.0,Clear,clear sky,7,6,12,4,1,1,161.33333333333334,91.03333333333332,136.33333333333334,125.66666666666667,71.7,103.2,128.33333333333334,73.01666666666667,106.75,133.70833333333334,78.27499999999999,117.17083333333333,41.0,106.0,0.6727493876353443,3.7096770204648366,18.0264,307.46799999999996
2026-04-12 08:44:52.823962,187.0,102.3,156.5,34.7,24.3,13.0,0.68,pm25,31.88,55.0,3.47,1015.0,10000,95.0,Clear,clear sky,8,6,12,4,1,1,181.33333333333334,101.66666666666664,153.53333333333333,141.33333333333334,79.38333333333333,116.90000000000002,131.83333333333334,75.175,109.88333333333334,135.08333333333334,78.47500000000001,117.58749999999999,-12.0,60.0,0.6536741172289193,0.7002881642568253,17.534,354.981
2026-04-12 09:44:52.823962,160.0,99.7,160.8,44.8,15.3,15.1,0.4,pm25,30.28,69.0,4.68,1020.0,10000,16.0,Clear,clear sky,9,6,12,4,1,1,182.0,104.19999999999999,160.5666666666667,154.0,87.98333333333333,133.41666666666666,134.25,77.3,114.42500000000001,134.375,77.9875,116.8875,-27.0,2.0,0.6200248717660145,0.34151784951969094,20.8932,466.596
2026-04-12 10:44:52.823962,154.0,99.9,154.3,21.7,23.3,19.6,0.52,pm25,32.78,73.0,3.67,1009.0,10000,89.0,Clear,clear sky,10,6,12,4,1,1,167.0,100.63333333333333,157.20000000000002,164.16666666666666,95.83333333333333,146.76666666666668,136.75,79.77499999999999,119.64166666666667,136.16666666666666,79.60833333333333,119.70833333333336,-6.0,-45.0,0.647440047651069,1.073732669413241,23.9294,366.63300000000004
2026-04-12 11:44:52.823962,100.0,64.9,98.7,25.0,20.4,10.3,0.03,pm25,27.63,70.0,3.21,1011.0,10000,18.0,Clear,clear sky,11,6,12,4,1,1,138.0,88.16666666666664,137.93333333333337,159.66666666666666,94.91666666666667,145.73333333333332,131.83333333333334,77.28333333333333,115.25,136.79166666666666,80.64583333333333,120.87083333333334,-54.0,-87.0,0.6575481189711437,0.8159999673600012,19.340999999999998,208.329
2026-04-12 12:44:52.823962,114.0,62.3,101.0,18.2,18.5,16.8,0.32,pm25,29.22,59.0,4.12,1007.0,10000,94.0,Clear,clear sky,12,6,12,4,1,1,122.66666666666667,75.69999999999999,118.0,152.33333333333334,89.95,139.28333333333333,132.25,77.45833333333333,115.64166666666667,136.20833333333334,80.15416666666667,120.19583333333334,14.0,-46.0,0.6168316770610724,1.0164834606327768,17.2398,256.676
2026-04-12 13:44:52.823962,140.0,76.6,108.3,25.1,27.2,18.9,0.37,pm25,31.7,58.0,2.02,1011.0,10000,90.0,Clear,clear sky,13,6,12,4,1,1,118.0,67.93333333333332,102.66666666666667,142.5,84.28333333333333,129.93333333333334,134.08333333333334,77.99166666666666,116.56666666666666,136.45833333333334,79.82916666666667,118.67500000000001,26.0,-14.0,0.7072945456390162,1.083665295471502,18.386,154.732
2026-04-12 14:44:52.823962,105.0,71.1,103.7,41.4,31.4,14.8,0.43,pm25,27.84,73.0,2.55,1019.0,10000,48.0,Clear,clear sky,14,6,12,4,1,1,119.66666666666667,69.99999999999999,104.33333333333333,128.83333333333334,79.08333333333333,121.13333333333333,135.08333333333334,79.23333333333333,119.01666666666667,136.04166666666666,79.52083333333333,118.55000000000001,-35.0,5.0,0.6856316230893768,0.7584540879600462,20.3232,181.30499999999998
2026-04-12 15:44:52.823962,103.0,57.7,87.6,37.9,23.2,8.1,0.39,pm25,27.23,61.0,3.16,1017.0,10000,20.0,Clear,clear sky,15,6,12,4,1,1,116.0,68.46666666666664,99.86666666666667,119.33333333333333,72.08333333333333,108.93333333333334,136.66666666666666,80.03333333333333,121.175,133.0,78.13333333333333,116.53750000000001,-2.0,-11.0,0.658675791567628,0.61213718701485,16.6103,182.33200000000002
2026-04-12 16:44:52.823962,97.0,61.7,80.1,30.3,23.4,14.6,0.67,pm25,25.93,69.0,1.12,1013.0,10000,31.0,Clear,clear sky,16,6,12,4,1,1,101.66666666666667,63.49999999999999,90.46666666666665,109.83333333333333,65.71666666666667,96.56666666666666,137.0,80.77499999999999,121.66666666666667,132.5,77.79583333333333,114.77083333333333,-6.0,-43.0,0.7702871314570896,0.7722772022350758,17.8917,69.10400000000001
2026-04-12 17:44:52.823962,143.0,84.3,128.4,22.2,21.7,19.0,0.39,pm25,27.5,63.0,3.29,1009.0,10000,86.0,Clear,clear sky,17,6,12,4,1,1,114.33333333333333,67.89999999999999,98.7,117.0,68.94999999999999,101.51666666666665,138.33333333333334,81.93333333333334,123.625,130.70833333333334,76.5125,113.02916666666665,46.0,38.0,0.6565420509615104,0.9774774334469624,17.325,277.347
2026-04-12 18:44:52.823962,167.0,103.5,160.2,33.1,10.0,11.5,0.46,pm25,28.69,69.0,3.74,1015.0,10000,20.0,Clear,clear sky,18,6,12,4,1,1,135.66666666666666,83.16666666666664,122.89999999999999,125.83333333333333,75.81666666666666,111.38333333333333,139.08333333333334,82.88333333333334,125.33333333333333,131.5,76.96666666666665,114.17083333333335,24.0,64.0,0.646067411697457,0.30211479449804246,19.796100000000003,387.09000000000003
2026-04-12 19:44:52.823962,217.0,136.9,197.7,21.1,21.1,10.4,0.43,pm25,29.95,72.0,1.85,1009.0,10000,16.0,Clear,clear sky,19,6,12,4,1,1,175.66666666666666,108.2333333333333,162.1,138.66666666666666,85.86666666666667,126.28333333333335,140.58333333333334,85.075,128.10833333333332,134.45833333333334,79.04583333333333,117.42916666666667,50.0,120.0,0.692463324772568,0.9999999526066373,21.564,253.26500000000001
2026-04-12 20:44:52.823962,111.0,61.1,73.2,25.5,14.0,13.7,0.82,pm25,22.91,59.0,0.24,1011.0,10000,44.0,Clear,clear sky,20,6,12,4,1,1,165.0,100.49999999999999,143.7,139.66666666666666,84.2,121.19999999999999,134.25,81.64166666666667,121.16666666666667,133.04166666666666,78.40833333333333,115.52499999999999,-106.0,-32.0,0.8346994421489148,0.5490195863129573,13.5169,14.664
2026-04-12 21:44:52.823962,112.0,62.4,75.4,29.7,17.0,11.9,0.65,pm25,23.01,60.0,0.26,1013.0,10000,32.0,Clear,clear sky,21,6,12,4,1,1,146.66666666666666,86.8,115.43333333333334,141.16666666666666,84.98333333333333,119.16666666666664,130.25,78.53333333333333,114.05,132.25,77.91666666666667,114.2375,1.0,-55.0,0.8275861959206074,0.5723905531181632,13.806000000000001,16.224
2026-04-12 22:44:52.823962,140.0,87.3,119.9,37.1,32.1,11.5,0.19,pm25,25.8,68.0,1.34,1017.0,10000,27.0,Clear,clear sky,22,6,12,4,1,1,121.0,70.26666666666665,89.5,148.33333333333334,89.25,125.80000000000001,129.08333333333334,77.48333333333333,111.18333333333334,132.91666666666666,78.62916666666666,115.41250000000001,28.0,-77.0,0.7281067495570747,0.8652290871905907,17.544,116.982
2026-04-12 23:44:52.823962,126.0,72.4,100.7,26.9,31.7,14.1,0.66,pm25,24.36,62.0,1.81,1011.0,10000,42.0,Clear,clear sky,23,6,12,4,1,1,126.0,74.03333333333332,98.66666666666667,145.5,87.26666666666667,121.18333333333334,131.25,78.10833333333333,111.35000000000001,131.54166666666666,77.69583333333334,113.3,-14.0,15.0,0.718967222254546,1.1784386179019102,15.1032,131.044
2026-04-13 00:44:52.823962,117.0,68.9,103.6,25.8,21.6,13.9,0.76,pm25,26.49,63.0,3.04,1011.0,10000,1.0,Clear,clear sky,0,0,13,4,0,1,127.66666666666667,76.19999999999999,108.06666666666666,137.16666666666666,81.50000000000001,111.75,131.5,78.65833333333333,111.56666666666666,131.875,78.05833333333332,113.60416666666667,-9.0,5.0,0.6650579086384373,0.8372092698756097,16.688699999999997,209.45600000000002
2026-04-13 01:44:52.823962,96.0,60.4,95.3,36.0,42.2,18.6,0.53,pm25,23.79,68.0,3.7,1016.0,10000,54.0,Clear,clear sky,1,0,13,4,0,1,113.0,67.23333333333332,99.86666666666667,117.0,68.75,94.68333333333334,127.83333333333333,77.30833333333334,110.48333333333333,130.95833333333334,77.64999999999999,113.52499999999999,-21.0,-44.0,0.6337880311249945,1.172222189660495,16.1772,223.48000000000002
2026-04-13 02:44:52.823962,118.0,72.0,114.6,39.4,39.1,10.5,0.72,pm25,26.57,66.0,3.98,1018.0,10000,42.0,Clear,clear sky,2,0,13,4,0,1,110.33333333333333,67.09999999999998,104.5,118.16666666666667,70.56666666666666,101.58333333333333,128.91666666666666,77.38333333333334,111.39166666666667,132.0,78.30833333333334,115.20416666666667,22.0,-8.0,0.6282722458265948,0.9923857616145747,17.5362,286.56
2026-04-13 03:44:52.823962,114.0,69.3,124.1,9.1,14.0,18.1,0.59,pm25,26.03,66.0,6.03,1003.0,10000,96.0,Clear,clear sky,3,0,13,4,0,1,109.33333333333333,67.23333333333333,111.33333333333333,118.5,71.71666666666667,109.7,129.83333333333334,78.35,114.43333333333334,133.25,79.19166666666666,117.80416666666666,-4.0,-3.0,0.5584206240256194,1.5384613693998497,17.1798,417.879
2026-04-13 04:44:52.823962,100.0,56.9,83.7,32.0,29.0,12.4,0.72,pm25,24.31,62.0,2.77,1014.0,10000,13.0,Clear,clear sky,4,0,13,4,0,1,110.66666666666667,66.06666666666665,107.46666666666665,111.83333333333333,66.64999999999999,103.66666666666667,130.08333333333334,77.95,114.73333333333333,133.54166666666666,79.3625,118.2,-14.0,4.0,0.6798088329771943,0.9062499716796885,15.0722,157.613
2026-04-13 05:44:52.823962,111.0,64.2,88.3,10.7,33.0,11.0,0.65,pm25,25.64,63.0,1.8,1003.0,10000,29.0,Clear,clear sky,5,0,13,4,0,1,108.33333333333333,63.46666666666666,98.7,109.33333333333333,65.28333333333335,101.60000000000001,127.41666666666667,76.27499999999999,111.39166666666667,132.875,79.10416666666667,117.50833333333333,11.0,-7.0,0.7270668094329921,3.0841118612979574,16.1532,115.56
2026-04-13 06:44:52.823962,142.0,84.9,129.5,27.8,14.0,16.4,0.51,pm25,28.99,65.0,3.31,1012.0,10000,56.0,Clear,clear sky,6,0,13,4,0,1,117.66666666666667,68.66666666666667,100.5,113.5,67.95,105.91666666666667,125.33333333333333,74.72500000000001,108.83333333333333,132.20833333333334,78.80416666666666,117.08333333333333,31.0,28.0,0.6555984505359194,0.5035971041871545,18.8435,281.019
2026-04-13 07:44:52.823962,168.0,97.0,135.2,11.2,31.0,20.2,0.54,pm25,29.55,61.0,1.46,1004.0,10000,77.0,Clear,clear sky,7,0,13,4,0,1,140.33333333333334,82.03333333333332,117.66666666666667,125.5,74.05,112.56666666666668,121.25,71.39999999999999,103.625,130.91666666666666,78.2375,115.86666666666667,26.0,68.0,0.7174556159951508,2.7678568957270633,18.0255,141.62
2026-04-13 08:44:52.823962,150.0,93.3,147.5,34.3,32.1,16.8,0.5,pm25,28.79,68.0,4.13,1015.0,10000,65.0,Clear,clear sky,8,0,13,4,0,1,153.33333333333334,91.73333333333333,137.4,130.83333333333334,77.60000000000001,118.05,124.5,74.08333333333333,109.81666666666666,129.375,77.8625,115.49166666666667,-18.0,39.0,0.6325423685929331,0.9358600310244891,19.5772,385.32899999999995
2026-04-13 09:44:52.823962,197.0,127.6,178.7,56.5,21.4,5.8,0.37,pm25,33.38,74.0,1.1,1026.0,10000,86.0,Clear,clear sky,9,0,13,4,0,1,171.66666666666666,105.96666666666665,153.79999999999998,144.66666666666666,87.31666666666666,127.14999999999999,131.58333333333334,79.51666666666667,118.425,130.91666666666666,79.025,116.2375,47.0,55.0,0.7140458829656079,0.37876105524316717,24.701200000000004,140.36
2026-04-13 10:44:52.823962,142.0,81.4,120.9,17.5,28.1,11.5,0.68,pm25,31.63,61.0,2.83,1007.0,10000,13.0,Clear,clear sky,10,0,13,4,0,1,163.0,100.76666666666665,149.03333333333333,151.66666666666666,91.39999999999999,133.35,131.75,79.025,118.50833333333333,130.41666666666666,78.25416666666666,114.84583333333332,-55.0,-26.0,0.6732836999728395,1.6057141939591888,19.2943,230.36200000000002
2026-04-13 11:44:52.823962,127.0,81.8,105.8,34.1,35.1,15.2,0.43,pm25,30.38,71.0,0.46,1015.0,10000,51.0,Clear,clear sky,11,0,13,4,0,1,155.33333333333334,96.93333333333332,135.13333333333333,154.33333333333334,94.33333333333333,136.26666666666668,131.83333333333334,79.80833333333332,118.93333333333332,131.54166666666666,78.95833333333333,115.14166666666667,-15.0,-23.0,0.773156892503243,1.029325483010983,21.5698,37.628
2026-04-13 12:44:52.823962,123.0,68.7,90.1,40.1,24.6,17.0,0.33,pm25,30.04,60.0,1.06,1018.0,10000,98.0,Clear,clear sky,12,0,13,4,0,1,130.66666666666666,77.3,105.60000000000001,151.16666666666666,91.63333333333333,129.7,132.33333333333334,79.79166666666667,117.80833333333334,131.91666666666666,79.225,114.6875,-4.0,-74.0,0.7624861180634173,0.6134663188661766,18.023999999999997,72.822
2026-04-13 13:44:52.823962,118.0,66.8,109.2,20.5,22.2,19.6,0.6,pm25,29.45,61.0,4.37,1008.0,10000,87.0,Clear,clear sky,13,0,13,4,0,1,122.66666666666667,72.43333333333334,101.7,142.83333333333334,86.60000000000001,125.36666666666667,134.16666666666666,80.325,118.96666666666665,131.0,78.81666666666668,114.72499999999998,-5.0,-24.0,0.6117216061197654,1.0829267764425963,17.9645,291.916
2026-04-13 14:44:52.823962,104.0,59.4,93.5,37.6,27.7,14.9,0.56,pm25,27.78,62.0,3.67,1017.0,10000,46.0,Clear,clear sky,14,0,13,4,0,1,115.0,64.96666666666665,97.59999999999998,135.16666666666666,80.95,116.36666666666667,133.0,79.27499999999999,117.20833333333333,130.95833333333334,78.32916666666667,114.3,-14.0,-23.0,0.6352941108524695,0.7367021080664333,17.2236,217.998
2026-04-13 15:44:52.823962,122.0,79.1,115.4,13.6,21.8,16.9,0.51,pm25,29.09,71.0,2.5,1005.0,10000,82.0,Clear,clear sky,15,0,13,4,0,1,114.66666666666667,68.43333333333332,106.03333333333335,122.66666666666667,72.86666666666667,105.81666666666666,133.66666666666666,80.09166666666667,116.48333333333333,131.75,79.22083333333335,115.45833333333333,18.0,-1.0,0.6854419351348185,1.6029410586072752,20.6539,197.75
2026-04-13 16:44:52.823962,132.0,74.3,98.6,43.5,24.8,16.2,0.71,pm25,29.53,60.0,1.07,1020.0,10000,99.0,Clear,clear sky,16,0,13,4,0,1,119.33333333333333,70.93333333333332,102.5,121.0,71.68333333333332,102.10000000000001,136.33333333333334,81.54166666666667,117.72499999999998,133.20833333333334,79.74583333333334,116.22916666666667,10.0,14.0,0.7535496880978734,0.5701149294226453,17.718000000000004,79.501
2026-04-13 17:44:52.823962,188.0,115.8,172.9,35.7,27.8,12.9,0.8,pm25,31.29,68.0,2.87,1016.0,10000,3.0,Clear,clear sky,17,0,13,4,0,1,147.33333333333334,89.73333333333333,128.96666666666667,131.16666666666666,77.35,113.28333333333335,142.75,85.84166666666665,124.77499999999999,135.08333333333334,81.05833333333334,118.08333333333333,56.0,84.0,0.6697512974566148,0.7787114627811915,21.277199999999997,332.346
2026-04-13 18:44:52.823962,157.0,94.2,146.3,25.9,24.5,18.6,0.6,pm25,27.9,65.0,3.76,1011.0,10000,94.0,Clear,clear sky,18,0,13,4,0,1,159.0,94.76666666666665,139.26666666666668,136.83333333333334,81.6,122.64999999999999,144.0,86.61666666666666,126.175,134.66666666666666,80.67083333333333,117.50416666666668,-31.0,35.0,0.6438824289550072,0.9459459094229379,18.135,354.192
2026-04-13 19:44:52.823962,189.0,112.4,162.1,27.2,22.7,25.6,0.78,pm25,27.54,64.0,2.02,1012.0,10000,66.0,Clear,clear sky,19,0,13,4,0,1,178.0,107.46666666666665,160.43333333333334,148.66666666666666,89.19999999999999,131.46666666666667,145.75,87.89999999999999,128.41666666666666,133.5,79.64999999999999,116.02083333333333,32.0,57.0,0.6933991320579943,0.8345587928471032,17.6256,227.048
2026-04-13 20:44:52.823962,118.0,67.1,95.8,33.0,25.2,15.6,0.43,pm25,23.63,61.0,2.26,1014.0,10000,99.0,Clear,clear sky,20,0,13,4,0,1,154.66666666666666,91.23333333333333,134.73333333333332,151.0,90.48333333333333,131.85,143.08333333333334,85.71666666666665,124.10833333333333,133.79166666666666,79.9,116.96249999999999,-71.0,-70.0,0.700417529223199,0.7636363404958685,14.414299999999999,151.646
2026-04-13 21:44:52.823962,138.0,75.4,110.8,21.2,24.1,12.0,0.64,pm25,25.56,58.0,2.65,1009.0,10000,5.0,Clear,clear sky,21,0,13,4,0,1,148.33333333333334,84.96666666666667,122.89999999999998,153.66666666666666,89.86666666666666,131.08333333333334,138.16666666666666,81.36666666666666,118.44999999999999,134.875,80.44166666666666,118.4375,20.0,-19.0,0.6805054090207094,1.1367923992079056,14.8248,199.81
2026-04-13 22:44:52.823962,129.0,79.6,111.9,39.3,7.6,21.4,0.61,pm25,24.71,67.0,1.88,1018.0,10000,55.0,Clear,clear sky,22,0,13,4,0,1,128.33333333333334,74.03333333333333,106.16666666666667,153.16666666666666,90.75,133.3,137.08333333333334,81.21666666666667,117.7,134.41666666666666,80.12083333333334,118.10416666666667,-9.0,-60.0,0.7113494127672081,0.19338421899785704,16.5557,149.64799999999997
2026-04-13 23:44:52.823962,126.0,80.8,123.2,18.1,21.5,18.4,0.27,pm25,24.42,70.0,3.3,1007.0,10000,93.0,Clear,clear sky,23,0,13,4,0,1,131.0,78.60000000000001,115.3,142.83333333333334,84.91666666666667,125.01666666666667,137.0,81.13333333333334,119.15000000000002,134.41666666666666,80.47083333333333,119.04166666666667,-3.0,8.0,0.6558441505207455,1.1878452382405944,17.094,266.64
2026-04-14 00:44:52.823962,107.0,60.9,97.9,30.7,35.3,15.7,0.92,pm25,25.22,61.0,3.98,1013.0,10000,5.0,Clear,clear sky,0,1,14,4,0,1,120.66666666666667,73.76666666666665,111.0,134.5,79.36666666666666,116.95,135.66666666666666,80.48333333333333,119.8,134.0,80.1375,118.80416666666666,-19.0,-31.0,0.6220633235744297,1.1498370960965114,15.384199999999998,242.382
2026-04-14 01:44:52.823962,86.0,56.9,90.4,33.6,20.1,19.3,0.81,pm25,22.49,70.0,3.75,1015.0,10000,81.0,Clear,clear sky,1,1,14,4,0,1,106.33333333333333,66.2,103.83333333333333,117.33333333333333,70.11666666666666,105.0,133.0,79.65833333333333,118.23333333333335,133.58333333333334,79.99166666666666,118.60000000000001,-21.0,-43.0,0.6294247717983985,0.5982142679102898,15.743,213.375
2026-04-14 02:44:52.823962,98.0,60.3,91.3,19.1,34.6,9.9,0.9,pm25,24.02,67.0,3.12,1008.0,10000,33.0,Clear,clear sky,2,1,14,4,0,1,97.0,59.36666666666665,93.2,114.0,68.98333333333333,104.25,132.5,79.73333333333333,118.05000000000001,132.75,79.50416666666666,117.62916666666668,12.0,-28.0,0.6604600146718509,1.8115182297634433,16.0934,188.136
2026-04-14 03:44:52.823962,115.0,60.1,91.8,35.1,25.5,24.6,0.82,pm25,26.19,56.0,3.25,1016.0,10000,70.0,Clear,clear sky,3,1,14,4,0,1,99.66666666666667,59.099999999999994,91.16666666666667,110.16666666666667,66.43333333333332,101.08333333333333,131.91666666666666,78.15,116.08333333333333,132.79166666666666,79.12083333333334,116.28333333333335,17.0,8.0,0.6546840887289316,0.7264957057978432,14.666400000000001,195.32500000000002
2026-04-14 04:44:52.823962,93.0,62.0,92.2,37.1,35.8,22.1,0.5,pm25,23.36,71.0,2.88,1017.0,10000,64.0,Clear,clear sky,4,1,14,4,0,1,102.0,60.79999999999999,91.76666666666667,104.16666666666667,63.5,97.8,128.66666666666666,77.125,115.55000000000001,132.5,79.33333333333333,116.6375,-22.0,7.0,0.6724511857651715,0.9649595427234624,16.5856,178.56
2026-04-14 05:44:52.823962,93.0,59.4,83.6,26.6,41.2,20.2,0.67,pm25,23.43,69.0,2.17,1011.0,10000,15.0,Clear,clear sky,5,1,14,4,0,1,100.33333333333333,60.5,89.2,98.66666666666667,59.93333333333334,91.2,120.75,72.425,108.10833333333333,131.75,79.13333333333333,116.44166666666668,0.0,-5.0,0.7105263072903553,1.5488721222228525,16.166700000000002,128.898
2026-04-14 06:44:52.823962,118.0,75.1,110.3,17.7,21.3,15.1,0.37,pm25,26.55,70.0,2.65,1007.0,10000,83.0,Clear,clear sky,6,1,14,4,0,1,101.33333333333333,65.5,95.36666666666666,100.5,62.300000000000004,93.26666666666667,117.5,70.83333333333333,105.10833333333335,130.75,78.72500000000001,115.64166666666667,25.0,3.0,0.680870347408247,1.2033897625203525,18.585,199.015
2026-04-14 07:44:52.823962,125.0,66.2,90.2,31.6,9.6,10.2,0.46,pm25,25.96,56.0,1.64,1014.0,10000,43.0,Clear,clear sky,7,1,14,4,0,1,112.0,66.89999999999999,94.7,107.0,63.849999999999994,93.23333333333333,112.16666666666667,66.98333333333333,99.11666666666666,128.95833333333334,77.44166666666668,113.76666666666667,7.0,32.0,0.7339246038367561,0.3037974587405867,14.5376,108.568
2026-04-14 08:44:52.823962,155.0,97.1,150.3,42.8,18.9,16.1,0.27,pm25,29.23,69.0,3.7,1019.0,10000,62.0,Clear,clear sky,8,1,14,4,0,1,132.66666666666666,79.46666666666665,116.93333333333334,116.5,69.98333333333333,103.06666666666666,115.25,69.48333333333333,103.65833333333335,129.16666666666666,77.60000000000001,113.88333333333333,30.0,62.0,0.646041246533325,0.44158877472923425,20.1687,359.27
2026-04-14 09:44:52.823962,178.0,105.2,145.3,27.1,23.6,7.2,0.56,pm25,31.76,63.0,1.12,1012.0,10000,23.0,Clear,clear sky,9,1,14,4,0,1,152.66666666666666,89.5,128.6,127.0,77.5,111.98333333333335,118.58333333333333,71.96666666666665,106.53333333333335,128.375,76.66666666666667,112.49166666666667,23.0,60.0,0.7240192654919527,0.8708486763524473,20.0088,117.82400000000001
2026-04-14 10:44:52.823962,145.0,87.1,127.1,19.1,30.4,10.2,0.55,pm25,31.95,65.0,2.45,1008.0,10000,21.0,Clear,clear sky,10,1,14,4,0,1,159.33333333333334,96.46666666666665,140.9,135.66666666666666,81.68333333333334,117.8,119.91666666666667,72.59166666666665,107.8,128.5,76.90416666666667,112.75,-33.0,20.0,0.6852871700606832,1.5916229533181696,20.7675,213.395
2026-04-14 11:44:52.823962,162.0,94.2,136.0,29.8,37.6,23.3,0.63,pm25,33.97,62.0,2.19,1013.0,10000,60.0,Clear,clear sky,11,1,14,4,0,1,161.66666666666666,95.5,136.13333333333333,147.16666666666666,87.48333333333333,126.53333333333335,122.91666666666667,73.70833333333333,108.86666666666666,129.95833333333334,77.42083333333333,114.00833333333333,17.0,7.0,0.6926470537305364,1.2617449241025194,21.0614,206.298
2026-04-14 12:44:52.823962,151.0,92.8,132.8,22.5,34.6,13.0,0.73,pm25,32.95,67.0,2.04,1009.0,10000,40.0,Clear,clear sky,12,1,14,4,0,1,152.66666666666666,91.36666666666666,131.96666666666667,152.66666666666666,90.43333333333334,130.28333333333333,126.58333333333333,76.36666666666666,111.77500000000002,131.125,78.425,115.78750000000001,-11.0,-27.0,0.6987951754608797,1.537777709432102,22.0765,189.31199999999998
2026-04-14 13:44:52.823962,111.0,59.7,90.3,28.7,18.6,14.3,0.38,pm25,28.74,58.0,3.11,1012.0,10000,12.0,Clear,clear sky,13,1,14,4,0,1,141.33333333333334,82.23333333333333,119.69999999999999,150.33333333333334,89.35000000000001,130.29999999999998,128.66666666666666,76.60000000000001,111.76666666666667,130.83333333333334,78.12916666666666,115.0,-40.0,-34.0,0.6611295607848333,0.6480836011120696,16.6692,185.667
2026-04-14 14:44:52.823962,138.0,84.8,138.6,18.6,44.0,13.1,0.73,pm25,31.24,67.0,4.7,1007.0,10000,48.0,Clear,clear sky,14,1,14,4,0,1,133.33333333333334,79.10000000000001,120.56666666666668,147.5,87.3,128.35,132.0,78.64166666666667,115.70833333333333,132.25,79.1875,116.87916666666668,27.0,-24.0,0.6118326074182352,2.3655912706671356,20.930799999999998,398.56
2026-04-14 15:44:52.823962,138.0,79.7,119.9,11.2,23.5,7.9,0.44,pm25,30.71,62.0,3.04,1004.0,10000,20.0,Clear,clear sky,15,1,14,4,0,1,129.0,74.73333333333333,116.26666666666667,140.83333333333334,83.05,124.11666666666666,133.91666666666666,80.27499999999999,118.05000000000001,132.91666666666666,79.21249999999999,117.06666666666666,0.0,-13.0,0.6647205949564587,2.0982140983737416,19.0402,242.288
2026-04-14 16:44:52.823962,93.0,63.9,82.0,52.3,30.5,18.2,0.49,pm25,25.57,73.0,0.92,1024.0,10000,27.0,Clear,clear sky,16,1,14,4,0,1,123.0,76.13333333333334,113.5,132.16666666666666,79.18333333333334,116.59999999999998,133.91666666666666,80.43333333333332,117.2,131.29166666666666,78.77916666666667,116.375,-45.0,-18.0,0.7792682831796551,0.5831739850253541,18.6661,58.788000000000004
2026-04-14 17:44:52.823962,146.0,89.9,132.8,37.2,24.2,19.7,0.8,pm25,27.7,68.0,2.69,1017.0,10000,90.0,Clear,clear sky,17,1,14,4,0,1,125.66666666666667,77.83333333333333,111.56666666666668,129.5,78.46666666666665,116.06666666666666,138.33333333333334,82.975,121.30000000000001,129.54166666666666,77.7,114.70416666666667,53.0,8.0,0.6769578262277272,0.6505376169210317,18.836,241.83100000000002
2026-04-14 18:44:52.823962,154.0,92.1,129.6,24.4,25.7,18.0,0.29,pm25,27.59,65.0,1.72,1010.0,10000,95.0,Clear,clear sky,18,1,14,4,0,1,131.0,81.96666666666667,114.80000000000001,130.0,78.35000000000001,115.53333333333335,141.33333333333334,84.39166666666667,122.90833333333332,129.41666666666666,77.6125,114.00833333333333,8.0,16.0,0.710648142664752,1.0532786453574325,17.9335,158.41199999999998
2026-04-14 19:44:52.823962,160.0,104.9,152.0,40.2,20.5,14.4,0.6,pm25,25.16,74.0,2.21,1018.0,10000,40.0,Clear,clear sky,19,1,14,4,0,1,153.33333333333334,95.63333333333333,138.13333333333335,138.16666666666666,85.88333333333333,125.81666666666668,144.25,87.61666666666667,128.05833333333334,128.20833333333334,77.3,113.58749999999999,6.0,67.0,0.6901315744070292,0.5099502360708896,18.618399999999998,231.829
2026-04-14 20:44:52.823962,171.0,106.4,171.7,34.1,23.8,15.9,0.4,pm25,28.97,69.0,4.82,1015.0,10000,88.0,Clear,clear sky,20,1,14,4,0,1,161.66666666666666,101.13333333333333,151.1,143.66666666666666,89.48333333333335,131.33333333333334,145.58333333333334,88.39166666666667,129.84166666666667,130.41666666666666,78.9375,116.75,11.0,25.0,0.6196854943524434,0.6979471936085867,19.9893,512.8480000000001
2026-04-14 21:44:52.823962,111.0,69.4,107.9,28.2,33.2,17.4,0.65,pm25,22.89,68.0,3.57,1012.0,10000,65.0,Clear,clear sky,21,1,14,4,0,1,147.33333333333334,93.56666666666668,143.86666666666667,139.16666666666666,87.76666666666667,129.33333333333334,140.0,85.40833333333332,126.72500000000001,129.29166666666666,78.6875,116.62916666666666,-60.0,-43.0,0.6431881312030757,1.1773049227906056,15.565199999999999,247.758
2026-04-14 22:44:52.823962,115.0,73.1,115.8,26.8,24.8,17.6,0.68,pm25,23.33,69.0,3.92,1011.0,10000,97.0,Clear,clear sky,22,1,14,4,0,1,132.33333333333334,82.96666666666667,131.8,142.83333333333334,89.3,134.96666666666667,137.5,84.24166666666667,125.78333333333335,128.70833333333334,78.41666666666667,116.79166666666667,4.0,-45.0,0.6312607890219275,0.9253730997995112,16.0977,286.55199999999996
2026-04-14 23:44:52.823962,160.0,98.3,147.2,40.1,29.1,19.7,0.42,pm25,27.84,67.0,2.95,1018.0,10000,83.0,Clear,clear sky,23,1,14,4,0,1,128.66666666666666,80.26666666666667,123.63333333333333,145.16666666666666,90.7,137.36666666666665,137.33333333333334,84.58333333333333,126.71666666666665,130.125,79.14583333333333,117.79166666666667,45.0,-11.0,0.6677989085068009,0.7256857674392577,18.6528,289.985
2026-04-15 00:44:52.823962,103.0,69.7,111.9,34.2,29.8,8.2,0.64,pm25,24.69,73.0,4.11,1015.0,10000,66.0,Clear,clear sky,0,2,15,4,0,1,126.0,80.36666666666666,124.96666666666668,136.66666666666666,86.96666666666665,134.41666666666666,133.33333333333334,82.65833333333335,124.97499999999998,129.95833333333334,79.5125,118.375,-57.0,-8.0,0.6228775636918895,0.871345003761842,18.0237,286.46700000000004
2026-04-15 01:44:52.823962,98.0,62.1,99.3,23.9,26.6,18.7,0.59,pm25,23.98,69.0,3.91,1010.0,10000,92.0,Clear,clear sky,1,2,15,4,0,1,120.33333333333333,76.7,119.46666666666668,126.33333333333333,79.83333333333334,125.63333333333334,132.25,82.85833333333333,125.72499999999998,130.45833333333334,79.72916666666667,118.74583333333334,-5.0,-17.0,0.6253776372066704,1.112970664729261,16.546200000000002,242.811
2026-04-15 02:44:52.823962,126.0,67.6,118.1,35.8,14.2,4.7,0.24,pm25,27.61,57.0,5.5,1016.0,10000,41.0,Clear,clear sky,2,2,15,4,0,1,109.0,66.46666666666667,109.76666666666667,118.83333333333333,73.36666666666666,116.69999999999999,131.25,81.425,124.01666666666667,131.625,80.03333333333335,119.86250000000001,28.0,-34.0,0.572396269497068,0.39664803361318346,15.7377,371.79999999999995
2026-04-15 03:44:52.823962,85.0,46.5,67.7,21.0,33.2,11.2,0.59,pm25,22.45,60.0,2.69,1008.0,10000,30.0,Clear,clear sky,3,2,15,4,0,1,103.0,58.73333333333333,95.03333333333335,114.5,69.55,110.0,126.83333333333333,78.65833333333333,119.66666666666667,130.375,79.46666666666665,118.85833333333333,-41.0,-18.0,0.6868537564718795,1.5809523056689379,13.47,125.085
2026-04-15 04:44:52.823962,73.0,47.9,67.5,34.9,26.9,10.8,0.58,pm25,20.83,69.0,2.34,1015.0,10000,3.0,Clear,clear sky,4,2,15,4,0,1,94.66666666666667,54.0,84.43333333333334,107.5,65.35,101.94999999999999,125.16666666666667,77.325,118.45833333333333,129.54166666666666,78.87916666666666,117.82916666666665,-12.0,-25.0,0.7096296191165983,0.7707736168832775,14.3727,112.08599999999998
2026-04-15 05:44:52.823962,116.0,74.6,105.4,26.8,15.6,25.4,0.31,pm25,26.29,70.0,2.02,1011.0,10000,60.0,Clear,clear sky,5,2,15,4,0,1,91.33333333333333,56.333333333333336,80.20000000000002,100.16666666666667,61.4,94.98333333333333,122.66666666666667,76.05,116.175,130.5,79.5125,118.7375,43.0,-10.0,0.7077798794328284,0.5820895305190473,18.403,150.69199999999998
2026-04-15 06:44:52.823962,98.0,64.7,103.5,20.1,25.0,12.1,0.37,pm25,24.56,71.0,3.97,1008.0,10000,4.0,Clear,clear sky,6,2,15,4,0,1,95.66666666666667,62.4,92.13333333333334,99.33333333333333,60.56666666666666,93.58333333333333,118.0,73.76666666666667,114.0,129.66666666666666,79.07916666666667,118.45416666666667,-18.0,13.0,0.6251207669070458,1.2437810326477097,17.4376,256.85900000000004
2026-04-15 07:44:52.823962,137.0,73.6,101.1,24.0,20.2,7.3,0.41,pm25,26.97,56.0,1.62,1010.0,10000,26.0,Clear,clear sky,7,2,15,4,0,1,117.0,70.96666666666665,103.33333333333333,105.83333333333333,62.48333333333333,93.88333333333333,116.08333333333333,71.15833333333333,109.75833333333333,130.16666666666666,79.3875,118.90833333333332,39.0,64.0,0.7279920798418192,0.8416666315972237,15.1032,119.232
2026-04-15 08:44:52.823962,150.0,84.8,117.5,32.5,32.4,14.3,0.41,pm25,28.83,60.0,1.56,1014.0,10000,44.0,Clear,clear sky,8,2,15,4,0,1,128.33333333333334,74.36666666666666,107.36666666666667,109.83333333333333,65.35000000000001,93.78333333333335,114.33333333333333,69.35833333333333,105.24166666666667,129.95833333333334,78.875,117.54166666666667,13.0,34.0,0.7217021215174287,0.9969230462485217,17.298,132.288
2026-04-15 09:44:52.823962,161.0,90.4,142.0,37.0,27.0,11.2,0.57,pm25,30.32,59.0,3.96,1017.0,10000,9.0,Clear,clear sky,9,2,15,4,0,1,149.33333333333334,82.93333333333332,120.2,122.5,72.66666666666667,106.16666666666667,118.5,71.10833333333333,108.08333333333333,129.25,78.25833333333333,117.40416666666665,11.0,63.0,0.6366197138266217,0.7297297100073051,17.8888,357.98400000000004
2026-04-15 10:44:52.823962,124.0,77.7,103.8,27.4,27.5,15.9,0.43,pm25,29.79,68.0,1.08,1012.0,10000,74.0,Clear,clear sky,10,2,15,4,0,1,145.0,84.3,121.10000000000001,131.0,77.63333333333334,112.21666666666665,119.25,71.49166666666667,107.08333333333333,128.375,77.86666666666666,116.43333333333334,-37.0,-13.0,0.7485549060832861,1.003649598406949,20.2572,83.91600000000001
2026-04-15 11:44:52.823962,166.0,95.6,147.5,42.5,24.1,24.2,0.34,pm25,34.35,61.0,3.62,1019.0,10000,71.0,Clear,clear sky,11,2,15,4,0,1,150.33333333333334,87.89999999999999,131.10000000000002,139.33333333333334,81.13333333333334,119.23333333333335,119.75,71.26666666666667,107.10833333333335,128.54166666666666,77.925,116.91250000000001,42.0,16.0,0.6481355888261994,0.5670588101868516,20.9535,346.072
2026-04-15 12:44:52.823962,109.0,62.3,86.4,56.2,20.0,5.7,0.57,pm25,28.66,62.0,1.95,1026.0,10000,19.0,Clear,clear sky,12,2,15,4,0,1,133.0,78.53333333333333,112.56666666666668,141.16666666666666,80.73333333333333,116.38333333333334,120.25,70.65,104.98333333333333,126.79166666666667,76.65416666666667,114.97916666666667,-57.0,-52.0,0.7210648064691573,0.35587187978875656,17.7692,121.48499999999999
2026-04-15 13:44:52.823962,142.0,89.9,149.0,35.9,20.5,8.8,0.38,pm25,31.93,70.0,5.12,1016.0,10000,21.0,Clear,clear sky,13,2,15,4,0,1,139.0,82.6,127.63333333333334,142.0,83.45,124.36666666666667,123.91666666666667,72.96666666666667,109.125,128.08333333333334,77.91250000000001,117.42500000000001,33.0,18.0,0.6033557006486195,0.5710306247623782,22.351,460.288
2026-04-15 14:44:52.823962,130.0,73.5,133.6,24.6,21.9,14.3,0.41,pm25,30.36,61.0,6.5,1010.0,10000,33.0,Clear,clear sky,14,2,15,4,0,1,127.0,75.23333333333333,123.0,138.66666666666666,81.56666666666666,127.05,124.25,73.45833333333333,110.41666666666667,127.75,77.44166666666666,117.21666666666668,-12.0,-36.0,0.5501496964809155,0.8902438662502492,18.5196,477.75
2026-04-15 15:44:52.823962,135.0,75.7,121.2,40.6,18.6,17.7,0.52,pm25,30.46,59.0,4.15,1018.0,10000,72.0,Clear,clear sky,15,2,15,4,0,1,135.66666666666666,79.7,134.60000000000002,134.33333333333334,79.11666666666666,123.58333333333333,128.41666666666666,75.89166666666667,114.87500000000001,127.625,77.27499999999999,117.27083333333333,5.0,26.0,0.6245874535925128,0.4581280675337915,17.971400000000003,314.15500000000003
2026-04-15 16:44:52.823962,103.0,61.5,83.1,36.9,20.6,12.6,0.77,pm25,26.58,65.0,1.62,1016.0,10000,22.0,Clear,clear sky,16,2,15,4,0,1,122.66666666666667,70.23333333333333,112.63333333333334,130.83333333333334,76.41666666666667,120.13333333333334,130.91666666666666,77.025,116.175,128.04166666666666,77.175,117.31666666666666,-32.0,-39.0,0.7400721932602625,0.5582655675266784,17.276999999999997,99.63000000000001
2026-04-15 17:44:52.823962,159.0,91.6,154.1,45.8,28.2,14.6,0.58,pm25,28.84,61.0,5.51,1021.0,10000,41.0,Clear,clear sky,17,2,15,4,0,1,132.33333333333334,76.26666666666667,119.46666666666665,129.66666666666666,75.75,121.2333333333333,134.5,78.44166666666666,120.23333333333333,128.58333333333334,77.24583333333334,118.20416666666667,56.0,29.0,0.5944192044489345,0.6157205105737881,17.5924,504.71599999999995
2026-04-15 18:44:52.823962,199.0,122.2,186.9,37.8,30.9,21.5,0.4,pm25,31.44,68.0,3.54,1017.0,10000,75.0,Clear,clear sky,18,2,15,4,0,1,153.66666666666666,91.76666666666667,141.36666666666667,144.66666666666666,85.73333333333335,137.98333333333332,142.91666666666666,83.23333333333333,127.18333333333334,130.45833333333334,78.5,120.59166666666665,40.0,64.0,0.6538255716756256,0.8174602958343837,21.3792,432.588
2026-04-15 19:44:52.823962,120.0,69.0,97.0,32.4,15.0,23.9,0.39,pm25,21.76,62.0,2.03,1014.0,10000,63.0,Clear,clear sky,19,2,15,4,0,1,159.33333333333334,94.26666666666667,146.0,141.0,82.25,129.31666666666666,141.5,82.85000000000001,126.84166666666665,128.79166666666666,77.00416666666666,118.3,-79.0,17.0,0.7113401988521629,0.46296294867398313,13.491200000000001,140.07
2026-04-15 20:44:52.823962,125.0,79.3,120.7,41.9,31.2,7.9,0.4,pm25,24.33,69.0,3.26,1019.0,10000,83.0,Clear,clear sky,20,2,15,4,0,1,148.0,90.16666666666667,134.86666666666667,140.16666666666666,83.21666666666667,127.16666666666664,139.41666666666666,82.39166666666667,127.10833333333333,126.875,75.875,116.17500000000001,5.0,-34.0,0.6570008230571597,0.7446300538274451,16.7877,258.518
2026-04-15 21:44:52.823962,139.0,82.1,108.1,30.9,30.1,13.1,0.32,pm25,25.75,63.0,0.74,1013.0,10000,28.0,Clear,clear sky,21,2,15,4,0,1,128.0,76.8,108.60000000000001,140.83333333333334,84.28333333333333,124.98333333333333,137.58333333333334,81.7,124.28333333333335,128.04166666666666,76.40416666666667,116.18333333333334,14.0,-60.0,0.759481954121351,0.9741100008378641,16.2225,60.754
2026-04-15 22:44:52.823962,162.0,103.0,135.7,32.4,29.0,11.2,0.38,pm25,28.07,71.0,0.18,1014.0,10000,16.0,Clear,clear sky,22,2,15,4,0,1,142.0,88.13333333333333,121.5,150.66666666666666,91.2,133.75,140.75,83.80833333333332,126.94166666666666,130.0,77.64999999999999,117.01249999999999,23.0,42.0,0.7590272604345818,0.8950617007697007,19.9297,18.54
2026-04-15 23:44:52.823962,113.0,64.3,90.0,39.2,37.5,13.1,0.75,pm25,23.11,61.0,2.03,1018.0,10000,44.0,Clear,clear sky,23,2,15,4,0,1,138.0,83.13333333333333,111.26666666666667,143.0,86.64999999999999,123.06666666666668,136.33333333333334,81.2,122.14999999999999,128.04166666666666,76.23333333333333,114.62916666666666,-49.0,-12.0,0.714444436506173,0.9566326286573309,14.097100000000001,130.52899999999997
2026-04-16 00:44:52.823962,98.0,65.4,88.6,40.2,13.5,8.4,0.66,pm25,24.09,71.0,1.59,1018.0,10000,37.0,Clear,clear sky,0,3,16,4,0,1,124.33333333333333,77.56666666666668,104.76666666666665,126.16666666666667,77.18333333333334,106.68333333333332,135.41666666666666,81.45833333333333,122.33333333333333,127.83333333333333,76.05416666666666,113.65833333333335,-15.0,-41.0,0.7381489758673931,0.3358208871686346,17.1039,103.98600000000002
2026-04-16 01:44:52.823962,117.0,72.8,96.7,32.2,19.8,23.6,0.36,pm25,26.44,68.0,1.13,1014.0,10000,70.0,Clear,clear sky,1,3,16,4,0,1,109.33333333333333,67.5,91.76666666666667,125.66666666666667,77.81666666666666,106.63333333333333,133.33333333333334,80.03333333333333,117.97500000000001,128.625,76.5,113.55,19.0,-45.0,0.7528438391639727,0.6149068132016517,17.979200000000002,82.264
2026-04-16 02:44:52.823962,118.0,71.4,113.0,37.0,18.0,11.4,0.47,pm25,26.5,66.0,3.88,1017.0,10000,27.0,Clear,clear sky,2,3,16,4,0,1,111.0,69.86666666666667,99.43333333333334,124.5,76.5,105.35000000000001,132.33333333333334,79.85833333333333,116.25833333333333,128.29166666666666,76.65833333333335,113.33749999999999,1.0,5.0,0.6318584014879788,0.48648647333820344,17.49,277.03200000000004
2026-04-16 03:44:52.823962,84.0,48.1,51.8,30.7,25.6,10.8,0.58,pm25,22.32,63.0,0.06,1013.0,10000,8.0,Clear,clear sky,3,3,16,4,0,1,106.33333333333333,64.10000000000001,87.16666666666667,115.33333333333333,70.83333333333333,95.96666666666665,128.08333333333334,77.55833333333332,110.47499999999998,128.25,76.72500000000001,112.67500000000001,-34.0,-14.0,0.9285714106453397,0.8338761943362804,14.0616,2.886
2026-04-16 04:44:52.823962,90.0,61.7,88.3,37.9,5.5,19.7,0.31,pm25,22.97,73.0,2.36,1017.0,10000,53.0,Clear,clear sky,4,3,16,4,0,1,97.33333333333333,60.400000000000006,84.36666666666667,103.33333333333333,63.95000000000001,88.06666666666666,127.0,77.575,110.90833333333332,128.95833333333334,77.3,113.54166666666667,6.0,-27.0,0.6987542389722058,0.1451187296802446,16.7681,145.612
2026-04-16 05:44:52.823962,67.0,48.4,65.3,30.6,36.4,16.6,0.67,pm25,20.17,73.0,1.91,1013.0,10000,56.0,Clear,clear sky,5,3,16,4,0,1,80.33333333333333,52.73333333333333,68.46666666666667,95.66666666666667,61.300000000000004,83.95,119.33333333333333,73.97500000000001,103.50833333333333,126.91666666666667,76.20833333333333,111.87083333333334,-23.0,-51.0,0.7411944756325501,1.1895424447861944,14.7241,92.44399999999999
2026-04-16 06:44:52.823962,113.0,81.3,128.5,36.2,11.9,15.4,0.28,pm25,26.08,78.0,3.99,1016.0,10000,51.0,Clear,clear sky,6,3,16,4,0,1,90.0,63.800000000000004,94.03333333333335,98.16666666666667,63.949999999999996,90.60000000000001,112.16666666666667,70.56666666666666,98.64166666666665,127.54166666666667,76.9,112.91250000000001,46.0,29.0,0.6326848199791064,0.32872927268703667,20.342399999999998,324.387
2026-04-16 07:44:52.823962,147.0,84.7,128.2,44.8,36.0,14.5,0.54,pm25,27.82,61.0,3.18,1020.0,10000,48.0,Clear,clear sky,7,3,16,4,0,1,109.0,71.46666666666665,107.33333333333333,103.16666666666667,65.93333333333334,95.84999999999998,114.41666666666667,71.875,101.24166666666666,127.95833333333333,77.3625,114.04166666666667,34.0,57.0,0.6606864223035381,0.8035714106345668,16.9702,269.346
2026-04-16 08:44:52.823962,142.0,88.1,125.1,21.3,20.1,14.6,0.56,pm25,28.15,68.0,1.93,1009.0,10000,44.0,Clear,clear sky,8,3,16,4,0,1,134.0,84.7,127.26666666666667,107.16666666666667,68.71666666666665,97.86666666666666,115.83333333333333,72.60833333333333,101.60833333333333,127.625,77.5,114.35833333333333,-5.0,75.0,0.7042366050820416,0.943661927527609,19.142,170.033
2026-04-16 09:44:52.823962,163.0,98.8,142.9,35.7,22.5,8.9,0.39,pm25,30.52,66.0,2.2,1016.0,10000,18.0,Clear,clear sky,9,3,16,4,0,1,150.66666666666666,90.53333333333335,132.06666666666666,120.33333333333333,77.16666666666667,113.05,117.83333333333333,74.0,104.50833333333333,127.70833333333333,77.85,114.39583333333333,21.0,50.0,0.6913925773870359,0.6302520831862162,20.1432,217.36
2026-04-16 10:44:52.823962,141.0,93.4,129.0,30.7,31.8,12.7,0.52,pm25,31.52,74.0,1.34,1013.0,10000,31.0,Clear,clear sky,10,3,16,4,0,1,148.66666666666666,93.43333333333334,132.33333333333334,128.83333333333334,82.45,119.83333333333333,116.08333333333333,73.2,103.94999999999999,128.41666666666666,78.50416666666668,115.44583333333333,-22.0,-6.0,0.7240310021392946,1.0358305851520981,23.3248,125.15600000000002
2026-04-16 11:44:52.823962,129.0,84.5,117.2,18.1,28.4,14.6,0.38,pm25,30.55,72.0,1.58,1007.0,10000,41.0,Clear,clear sky,11,3,16,4,0,1,144.33333333333334,92.23333333333333,129.7,139.16666666666666,88.46666666666665,128.48333333333332,117.41666666666667,74.88333333333333,106.21666666666665,126.875,78.04166666666667,114.18333333333334,-12.0,-13.0,0.7209897549403604,1.569060686792227,21.996,133.51000000000002
2026-04-16 12:44:52.823962,157.0,95.5,126.4,39.9,29.1,12.3,0.12,pm25,33.54,66.0,0.48,1018.0,10000,18.0,Clear,clear sky,12,3,16,4,0,1,142.33333333333334,91.13333333333333,124.2,146.5,90.83333333333333,128.13333333333333,122.33333333333333,77.39166666666667,109.36666666666667,128.875,79.425,115.84999999999998,28.0,-6.0,0.755537968706187,0.7293232899918975,22.1364,45.839999999999996
2026-04-16 13:44:52.823962,138.0,82.0,111.9,42.8,33.5,12.7,0.84,pm25,31.55,64.0,1.34,1019.0,10000,36.0,Clear,clear sky,13,3,16,4,0,1,141.33333333333334,87.33333333333333,118.5,145.0,90.38333333333333,125.41666666666667,124.08333333333333,78.15833333333333,110.63333333333333,128.70833333333334,79.09583333333335,114.30416666666666,-19.0,-3.0,0.7327971337551641,0.782710262086209,20.192,109.88000000000001
2026-04-16 14:44:52.823962,132.0,86.4,149.6,33.9,17.4,13.3,0.48,pm25,30.62,72.0,5.99,1015.0,10000,37.0,Clear,clear sky,14,3,16,4,0,1,142.33333333333334,87.96666666666665,129.3,143.33333333333334,90.10000000000001,129.5,125.25,79.40833333333335,113.68333333333334,128.79166666666666,79.63333333333334,114.97083333333332,-6.0,3.0,0.5775401030913095,0.5132743211423504,22.0464,517.5360000000001
2026-04-16 15:44:52.823962,131.0,79.3,134.6,38.7,19.9,16.4,0.59,pm25,30.06,66.0,5.34,1017.0,10000,68.0,Clear,clear sky,15,3,16,4,0,1,133.66666666666666,82.56666666666666,132.03333333333333,138.0,86.85000000000001,128.11666666666665,129.16666666666666,82.00833333333334,120.58333333333333,128.625,79.78333333333335,115.52916666666668,-1.0,-26.0,0.5891530416853414,0.514211873017781,19.839599999999997,423.462
2026-04-16 16:44:52.823962,145.0,77.8,107.4,24.8,24.1,7.9,0.41,pm25,30.84,56.0,1.61,1010.0,10000,20.0,Clear,clear sky,16,3,16,4,0,1,136.0,81.16666666666667,130.53333333333333,138.66666666666666,84.25,124.5166666666667,133.75,83.35,122.17500000000001,130.375,80.4625,116.54166666666667,14.0,7.0,0.7243947791024694,0.9717741543639454,17.2704,125.25800000000001
2026-04-16 17:44:52.823962,183.0,113.5,167.2,11.0,23.3,14.0,0.02,pm25,30.86,69.0,2.53,1004.0,10000,17.0,Clear,clear sky,17,3,16,4,0,1,153.0,90.2,136.4,147.66666666666666,89.08333333333333,132.85,143.41666666666666,88.77499999999999,130.66666666666666,131.375,81.375,117.08749999999999,38.0,51.0,0.6788277471361978,2.1181816256198522,21.293400000000002,287.155
2026-04-16 18:44:52.823962,180.0,107.6,164.7,25.1,24.8,9.2,0.25,pm25,29.84,64.0,3.5,1011.0,10000,14.0,Clear,clear sky,18,3,16,4,0,1,169.33333333333334,99.63333333333333,146.43333333333334,151.5,91.10000000000001,139.23333333333335,149.0,90.96666666666668,133.68333333333334,130.58333333333334,80.76666666666667,116.16250000000001,-3.0,49.0,0.6533090427850089,0.9880477694004872,19.0976,376.59999999999997
2026-04-16 19:44:52.823962,174.0,111.5,170.7,33.8,36.3,19.7,0.05,pm25,26.32,72.0,3.51,1015.0,10000,63.0,Clear,clear sky,19,3,16,4,0,1,179.0,110.86666666666667,167.53333333333333,157.5,96.01666666666667,149.03333333333333,151.25,93.2,137.225,132.83333333333334,82.53750000000001,119.23333333333335,-6.0,29.0,0.6531927319672365,1.0739644652673237,18.9504,391.36499999999995
2026-04-16 20:44:52.823962,133.0,73.6,96.5,28.9,14.8,5.8,0.85,pm25,25.13,59.0,0.93,1012.0,10000,38.0,Clear,clear sky,20,3,16,4,0,1,162.33333333333334,97.56666666666666,143.96666666666667,157.66666666666666,93.88333333333333,140.1833333333333,150.5,91.99166666666667,134.84166666666667,133.16666666666666,82.3,118.22499999999998,-41.0,-50.0,0.7626942926145669,0.512110708923505,14.826699999999999,68.448
2026-04-16 21:44:52.823962,126.0,80.0,104.7,25.0,25.1,17.3,0.58,pm25,24.42,69.0,0.71,1011.0,10000,97.0,Clear,clear sky,21,3,16,4,0,1,144.33333333333334,88.36666666666667,123.96666666666665,156.83333333333334,94.0,135.20000000000002,147.41666666666666,90.425,131.65833333333333,132.625,82.21249999999999,118.08333333333333,-7.0,-54.0,0.7640878628071838,1.0039999598400016,16.849800000000002,56.8
2026-04-16 22:44:52.823962,146.0,79.9,119.3,15.9,25.3,11.5,0.84,pm25,26.42,57.0,2.92,1006.0,10000,6.0,Clear,clear sky,22,3,16,4,0,1,135.0,77.83333333333333,106.83333333333333,157.0,94.35000000000001,137.1833333333333,147.83333333333334,89.30000000000001,130.85,131.95833333333334,81.25,117.40000000000002,20.0,-28.0,0.6697401452662185,1.5911948684783102,15.0594,233.30800000000002
2026-04-16 23:44:52.823962,140.0,81.6,116.5,34.2,31.6,22.3,0.47,pm25,25.79,63.0,2.13,1015.0,10000,72.0,Clear,clear sky,23,3,16,4,0,1,137.33333333333334,80.5,113.5,149.83333333333334,89.03333333333332,128.73333333333332,148.75,89.05833333333334,130.79166666666666,133.08333333333334,81.97083333333333,118.50416666666668,-6.0,7.0,0.7004291785370885,0.9239765811702755,16.2477,173.808
2026-04-17 00:44:52.823962,125.0,73.7,123.0,24.6,32.6,18.2,0.29,pm25,27.43,64.0,4.85,1010.0,10000,18.0,Clear,clear sky,0,4,17,4,0,1,137.0,78.39999999999999,119.60000000000001,140.66666666666666,83.38333333333334,121.78333333333335,146.08333333333334,87.24166666666667,130.50833333333333,134.20833333333334,82.31666666666666,119.9375,-15.0,-1.0,0.5991869869984798,1.3252031981624715,17.5552,357.445
2026-04-17 01:44:52.823962,113.0,68.3,106.4,25.6,37.1,14.4,0.33,pm25,25.94,65.0,3.59,1011.0,10000,48.0,Clear,clear sky,1,4,17,4,0,1,126.0,74.53333333333333,115.3,130.5,76.18333333333334,111.06666666666666,144.0,86.10000000000001,130.05,134.04166666666666,82.12916666666666,120.34166666666665,-12.0,-33.0,0.6419172872000255,1.4492186933898947,16.861,245.19699999999997
2026-04-17 02:44:52.823962,109.0,66.8,106.0,27.9,24.1,17.8,0.42,pm25,25.42,66.0,3.87,1012.0,10000,95.0,Clear,clear sky,2,4,17,4,0,1,115.66666666666667,69.60000000000001,111.8,126.5,75.05,112.64999999999999,142.08333333333334,84.46666666666665,126.41666666666667,133.66666666666666,81.9375,120.05,-4.0,-31.0,0.6301886733001069,0.8637992521935752,16.7772,258.516
2026-04-17 03:44:52.823962,89.0,53.8,86.8,40.6,28.1,25.4,0.73,pm25,22.92,65.0,3.92,1018.0,10000,83.0,Clear,clear sky,3,4,17,4,0,1,103.66666666666667,62.96666666666667,99.73333333333333,120.33333333333333,70.68333333333332,109.66666666666667,138.58333333333334,82.34166666666667,122.43333333333334,133.875,82.175,121.50833333333333,-20.0,-36.0,0.6198156610620316,0.6921182095537387,14.898000000000001,210.896
2026-04-17 04:44:52.823962,88.0,54.1,83.2,21.4,26.6,19.1,0.68,pm25,22.81,66.0,3.32,1009.0,10000,3.0,Clear,clear sky,4,4,17,4,0,1,95.33333333333333,58.23333333333333,92.0,110.66666666666667,66.38333333333334,103.64999999999999,133.83333333333334,80.36666666666666,120.41666666666667,133.79166666666666,81.85833333333333,121.29583333333333,-1.0,-25.0,0.6502403767999955,1.2429905961219347,15.054599999999999,179.612
2026-04-17 05:44:52.823962,130.0,80.6,103.5,29.5,21.1,14.7,0.16,pm25,28.13,67.0,0.4,1013.0,10000,44.0,Clear,clear sky,5,4,17,4,0,1,102.33333333333333,62.833333333333336,91.16666666666667,109.0,66.21666666666665,101.48333333333333,129.41666666666666,77.625,115.10833333333335,136.41666666666666,83.2,122.88749999999999,42.0,21.0,0.7787439538285608,0.7152542130422301,18.8471,32.24
2026-04-17 06:44:52.823962,144.0,87.9,139.5,18.1,31.1,10.2,0.63,pm25,29.19,67.0,4.14,1007.0,10000,23.0,Clear,clear sky,6,4,17,4,0,1,120.66666666666667,74.19999999999999,108.73333333333333,112.16666666666667,68.58333333333333,104.23333333333333,126.41666666666667,75.98333333333333,113.00833333333334,137.70833333333334,83.475,123.34583333333332,14.0,55.0,0.6301075223648207,1.7182319492689528,19.5573,363.906
2026-04-17 07:44:52.823962,171.0,100.4,153.8,49.3,49.5,17.0,0.59,pm25,29.84,63.0,3.48,1023.0,10000,94.0,Clear,clear sky,7,4,17,4,0,1,148.33333333333334,89.63333333333333,132.26666666666668,121.83333333333333,73.93333333333334,112.13333333333334,126.16666666666667,75.05833333333334,111.60000000000001,138.70833333333334,84.12916666666666,124.41250000000001,27.0,83.0,0.6527958345071793,1.0040567747655829,18.7992,349.392
2026-04-17 08:44:52.823962,162.0,88.2,115.6,35.4,26.8,12.5,0.45,pm25,29.79,56.0,0.49,1016.0,10000,8.0,Clear,clear sky,8,4,17,4,0,1,159.0,92.16666666666667,136.29999999999998,130.66666666666666,77.50000000000001,113.73333333333335,128.58333333333334,76.27499999999999,113.19166666666666,139.54166666666666,84.13333333333334,124.01666666666667,-9.0,32.0,0.7629757719465764,0.7570621255067197,16.6824,43.218
2026-04-17 09:44:52.823962,159.0,101.6,152.6,24.4,30.8,10.0,0.58,pm25,30.15,71.0,3.02,1010.0,10000,22.0,Clear,clear sky,9,4,17,4,0,1,164.0,96.73333333333333,140.66666666666666,142.33333333333334,85.46666666666668,124.69999999999999,131.33333333333334,78.075,117.18333333333334,139.375,84.25,124.42083333333333,-3.0,15.0,0.6657929183106623,1.2622950302338103,21.4065,306.832
2026-04-17 10:44:52.823962,121.0,76.7,116.8,22.7,24.0,19.4,0.58,pm25,29.52,69.0,3.27,1009.0,10000,22.0,Clear,clear sky,10,4,17,4,0,1,147.33333333333334,88.83333333333333,128.33333333333334,147.83333333333334,89.23333333333333,130.3,129.25,77.80833333333334,116.97500000000001,138.54166666666666,83.55416666666666,123.91250000000001,-38.0,-50.0,0.656678076569537,1.0572686758912477,20.3688,250.809
2026-04-17 11:44:52.823962,130.0,78.0,119.5,23.6,16.2,14.2,0.41,pm25,30.74,65.0,3.37,1010.0,10000,45.0,Clear,clear sky,11,4,17,4,0,1,136.66666666666666,85.43333333333334,129.63333333333333,147.83333333333334,88.8,132.96666666666667,128.41666666666666,77.50833333333334,117.22500000000001,138.58333333333334,83.28333333333333,124.00833333333333,9.0,-32.0,0.6527196598098773,0.6864406488796334,19.980999999999998,262.86
2026-04-17 12:44:52.823962,148.0,92.1,132.4,40.3,25.9,0.9,0.66,pm25,32.63,68.0,2.13,1018.0,10000,43.0,Clear,clear sky,12,4,17,4,0,1,133.0,82.26666666666665,122.89999999999999,148.5,89.5,131.78333333333333,130.33333333333334,79.04166666666667,118.00833333333333,138.20833333333334,83.14166666666667,124.25833333333334,18.0,-11.0,0.6956193300935095,0.6426798847970252,22.1884,196.17299999999997
2026-04-17 13:44:52.823962,159.0,95.8,149.6,57.0,20.2,10.6,0.75,pm25,33.63,65.0,3.89,1027.0,10000,19.0,Clear,clear sky,13,4,17,4,0,1,145.66666666666666,88.63333333333333,133.83333333333334,146.5,88.73333333333333,131.08333333333334,134.16666666666666,81.33333333333333,121.60833333333333,139.08333333333334,83.71666666666665,125.82916666666667,11.0,38.0,0.6403743272702251,0.3543859586949832,21.859500000000004,372.662
2026-04-17 14:44:52.823962,103.0,66.0,100.8,27.6,19.7,9.5,0.57,pm25,27.62,70.0,3.26,1012.0,10000,22.0,Clear,clear sky,14,4,17,4,0,1,136.66666666666666,84.63333333333333,127.59999999999998,136.66666666666666,85.03333333333333,128.61666666666667,133.66666666666666,81.26666666666667,121.175,137.875,82.86666666666666,123.79583333333335,-56.0,-27.0,0.6547618982662511,0.7137680900808662,19.334,215.16
2026-04-17 15:44:52.823962,153.0,90.6,133.7,40.5,46.7,9.7,0.39,pm25,32.22,64.0,2.66,1018.0,10000,48.0,Clear,clear sky,15,4,17,4,0,1,138.33333333333334,84.13333333333333,128.03333333333333,135.66666666666666,83.2,125.46666666666665,139.0,84.33333333333333,125.08333333333333,138.79166666666666,83.3375,123.75833333333333,50.0,5.0,0.6776364945576927,1.1530863912818177,20.6208,240.996
2026-04-17 16:44:52.823962,135.0,77.9,116.9,29.5,26.6,18.1,0.55,pm25,29.77,62.0,3.0,1013.0,10000,99.0,Clear,clear sky,16,4,17,4,0,1,130.33333333333334,78.16666666666666,117.13333333333333,138.0,83.4,125.48333333333333,142.91666666666666,86.31666666666666,127.89166666666665,138.375,83.34166666666665,124.15416666666668,-18.0,-24.0,0.6663815169685071,0.901694884688309,18.4574,233.70000000000002
2026-04-17 17:44:52.823962,154.0,89.7,148.3,32.4,21.1,13.0,0.71,pm25,28.41,62.0,5.05,1014.0,10000,21.0,Clear,clear sky,17,4,17,4,0,1,147.33333333333334,86.06666666666666,132.96666666666667,142.0,85.34999999999998,130.28333333333333,144.91666666666666,87.075,131.625,137.16666666666666,82.35,123.36666666666666,19.0,51.0,0.6048550195222183,0.651234547801403,17.6142,452.985
2026-04-17 18:44:52.823962,163.0,101.7,158.8,33.3,25.9,16.0,0.58,pm25,28.42,69.0,3.95,1015.0,10000,6.0,Clear,clear sky,18,4,17,4,0,1,150.66666666666666,89.76666666666665,141.33333333333334,144.5,86.95,134.68333333333334,146.5,88.22500000000001,133.23333333333332,136.45833333333334,82.10416666666667,123.12083333333334,9.0,10.0,0.6404282075539786,0.7777777544210885,19.6098,401.71500000000003
2026-04-17 19:44:52.823962,188.0,113.5,165.9,31.0,29.2,23.2,0.51,pm25,27.52,65.0,2.35,1014.0,10000,73.0,Clear,clear sky,19,4,17,4,0,1,168.33333333333334,101.63333333333333,157.66666666666666,149.33333333333334,89.89999999999999,137.4,147.91666666666666,89.31666666666666,134.24166666666667,137.04166666666666,82.1875,122.92083333333333,25.0,53.0,0.6841470724282877,0.9419354534859531,17.887999999999998,266.725
2026-04-17 20:44:52.823962,160.0,94.3,161.4,25.2,19.9,15.7,0.19,pm25,27.78,64.0,5.99,1011.0,10000,60.0,Clear,clear sky,20,4,17,4,0,1,170.33333333333334,103.16666666666667,162.03333333333333,158.83333333333334,94.61666666666667,147.5,147.75,89.825,138.05833333333334,138.16666666666666,83.05,125.62500000000001,-28.0,6.0,0.5842626977431059,0.7896825083459321,17.7792,564.857
2026-04-17 21:44:52.823962,133.0,69.3,107.9,18.0,33.6,15.1,0.24,pm25,25.1,55.0,3.59,1007.0,10000,50.0,Clear,clear sky,21,4,17,4,0,1,160.33333333333334,92.36666666666667,145.06666666666663,155.5,91.06666666666666,143.20000000000002,145.58333333333334,87.13333333333333,134.33333333333334,138.45833333333334,82.60416666666667,125.75833333333333,-27.0,-30.0,0.6422613471523507,1.8666665629629686,13.805,248.78699999999998
2026-04-17 22:44:52.823962,108.0,67.3,108.5,34.0,25.8,16.0,0.69,pm25,22.55,68.0,4.12,1015.0,10000,86.0,Clear,clear sky,22,4,17,4,0,1,133.66666666666666,76.96666666666665,125.93333333333332,151.0,89.3,141.79999999999998,144.5,86.35000000000001,133.64166666666668,136.875,82.07916666666667,125.30833333333332,-25.0,-80.0,0.6202764919790185,0.7588235070934264,15.334000000000001,277.276
2026-04-17 23:44:52.823962,158.0,91.2,143.3,39.8,32.6,8.6,0.56,pm25,27.59,62.0,3.98,1018.0,10000,29.0,Clear,clear sky,23,4,17,4,0,1,133.0,75.93333333333332,119.89999999999999,151.66666666666666,89.55,140.96666666666667,146.83333333333334,87.44999999999999,135.625,137.625,82.47916666666667,126.425,50.0,-2.0,0.6364270716229793,0.819095456806647,17.1058,362.976
2026-04-18 00:44:52.823962,105.0,58.8,110.3,39.3,20.2,23.2,0.07,pm25,24.88,61.0,6.31,1018.0,10000,72.0,Clear,clear sky,0,5,18,4,1,1,123.66666666666667,72.43333333333334,120.69999999999999,142.0,82.39999999999999,132.88333333333333,143.25,84.675,133.78333333333333,136.79166666666666,81.85833333333333,125.89583333333333,-53.0,-28.0,0.533091563616577,0.5139948978627253,15.176799999999998,371.02799999999996
2026-04-18 01:44:52.823962,102.0,64.6,85.6,25.5,36.4,21.1,0.53,pm25,24.53,68.0,1.31,1011.0,10000,64.0,Clear,clear sky,1,5,18,4,1,1,121.66666666666667,71.53333333333332,113.06666666666666,127.66666666666667,74.25,119.5,138.5,82.075,128.45000000000002,136.33333333333334,81.70416666666667,125.02916666666668,-3.0,-6.0,0.7546728883799896,1.427450924413689,16.6804,84.62599999999999
2026-04-18 02:44:52.823962,105.0,68.6,93.7,29.2,28.1,17.1,0.8,pm25,24.91,71.0,1.61,1013.0,10000,84.0,Clear,clear sky,2,5,18,4,1,1,104.0,63.99999999999999,96.53333333333332,118.5,69.96666666666665,108.21666666666668,138.66666666666666,82.29166666666667,127.85833333333333,136.16666666666666,81.77916666666665,124.51666666666667,3.0,-53.0,0.7321237915461708,0.9623287341668242,17.6861,110.446
2026-04-18 03:44:52.823962,129.0,79.0,122.5,39.7,29.7,17.6,0.87,pm25,28.01,66.0,3.6,1018.0,10000,15.0,Clear,clear sky,3,5,18,4,1,1,112.0,70.73333333333333,100.59999999999998,117.83333333333333,71.58333333333333,110.65000000000002,136.66666666666666,81.325,126.925,137.83333333333334,82.82916666666667,126.00416666666666,24.0,24.0,0.6448979539192004,0.7481108123901559,18.4866,284.40000000000003
2026-04-18 04:44:52.823962,113.0,68.9,96.8,10.3,7.2,7.6,0.52,pm25,25.99,66.0,2.03,1003.0,10000,45.0,Clear,clear sky,4,5,18,4,1,1,115.66666666666667,72.16666666666666,104.33333333333333,118.66666666666667,71.85000000000001,108.7,134.83333333333334,80.575,125.25000000000001,138.875,83.44583333333334,126.57083333333334,-16.0,11.0,0.7117768521510657,0.6990290583466934,17.153399999999998,139.867
2026-04-18 05:44:52.823962,129.0,79.5,121.8,39.4,26.4,17.6,0.35,pm25,27.93,67.0,3.38,1018.0,10000,16.0,Clear,clear sky,5,5,18,4,1,1,123.66666666666667,75.8,113.69999999999999,113.83333333333333,69.89999999999999,105.11666666666667,132.75,79.72500000000001,123.04166666666667,138.83333333333334,83.39999999999999,127.33333333333333,16.0,24.0,0.6527093542470497,0.6700507444149557,18.7131,268.71
2026-04-18 06:44:52.823962,123.0,70.6,102.3,28.9,26.0,19.8,0.48,pm25,27.09,62.0,2.46,1012.0,10000,97.0,Clear,clear sky,6,5,18,4,1,1,121.66666666666667,72.99999999999999,106.96666666666665,116.83333333333333,71.86666666666667,103.78333333333335,129.41666666666666,77.13333333333334,118.33333333333333,137.95833333333334,82.67916666666666,125.78333333333335,-6.0,-6.0,0.6901270704777412,0.8996539481088599,16.7958,173.676
2026-04-18 07:44:52.823962,161.0,98.8,156.1,24.9,25.0,14.2,0.62,pm25,28.98,67.0,4.19,1010.0,10000,92.0,Clear,clear sky,7,5,18,4,1,1,137.66666666666666,82.96666666666665,126.7333333333333,126.66666666666667,77.56666666666666,115.53333333333335,127.16666666666667,75.90833333333333,117.51666666666665,137.54166666666666,82.6125,125.87916666666666,38.0,48.0,0.6329276064514567,1.0040160239350995,19.416600000000003,413.97200000000004
2026-04-18 08:44:52.823962,175.0,99.4,135.2,17.7,14.9,9.7,0.22,pm25,30.89,59.0,0.92,1007.0,10000,88.0,Clear,clear sky,8,5,18,4,1,1,153.0,89.59999999999998,131.2,138.33333333333334,82.7,122.44999999999999,128.41666666666666,76.33333333333333,115.33333333333333,138.08333333333334,83.07916666666667,126.69583333333333,14.0,46.0,0.7352070951537938,0.8418078620447536,18.2251,91.44800000000001
2026-04-18 09:44:52.823962,183.0,107.5,166.6,30.3,37.4,12.8,0.55,pm25,32.18,63.0,3.8,1013.0,10000,43.0,Clear,clear sky,9,5,18,4,1,1,173.0,101.89999999999999,152.63333333333333,147.33333333333334,87.45,129.79999999999998,132.58333333333334,79.51666666666667,120.22499999999998,139.08333333333334,83.325,127.27916666666668,8.0,60.0,0.6452580993681987,1.2343233916064886,20.2734,408.5
2026-04-18 10:44:52.823962,134.0,77.7,117.8,52.8,32.3,17.7,0.44,pm25,30.79,62.0,3.19,1024.0,10000,12.0,Clear,clear sky,10,5,18,4,1,1,164.0,94.86666666666667,139.86666666666665,150.83333333333334,88.91666666666667,133.29999999999998,134.75,80.38333333333334,121.0,139.625,83.36666666666666,127.32083333333333,-49.0,-27.0,0.6595925241121179,0.6117424126563937,19.0898,247.863
2026-04-18 11:44:52.823962,148.0,87.5,123.9,27.9,19.9,17.7,0.45,pm25,32.53,64.0,1.91,1012.0,10000,77.0,Clear,clear sky,11,5,18,4,1,1,155.0,90.89999999999999,136.1,154.0,90.25,133.65,133.91666666666666,80.075,119.38333333333333,140.375,83.7625,127.50416666666666,14.0,-27.0,0.7062146835656603,0.713261623180587,20.819200000000002,167.125
2026-04-18 12:44:52.823962,137.0,71.8,123.1,43.7,26.9,26.0,0.69,pm25,31.48,55.0,5.31,1020.0,10000,65.0,Clear,clear sky,12,5,18,4,1,1,139.66666666666666,79.0,121.59999999999998,156.33333333333334,90.44999999999999,137.11666666666665,136.58333333333334,81.15833333333333,120.45,139.91666666666666,82.91666666666667,127.11666666666666,-11.0,-46.0,0.5832656329547877,0.6155606266462099,17.314,381.258
2026-04-18 13:44:52.823962,128.0,70.3,92.9,27.5,20.0,18.9,0.93,pm25,30.5,58.0,1.13,1012.0,10000,98.0,Clear,clear sky,13,5,18,4,1,1,137.66666666666666,76.53333333333333,113.29999999999997,150.83333333333334,85.7,126.58333333333331,138.75,81.63333333333334,121.05833333333332,138.625,81.85416666666667,124.75416666666666,-9.0,-6.0,0.7567276560093901,0.7272727008264472,17.69,79.439
2026-04-18 14:44:52.823962,115.0,71.3,89.0,23.5,26.7,4.7,0.87,pm25,28.9,67.0,0.31,1010.0,10000,86.0,Clear,clear sky,14,5,18,4,1,1,126.66666666666667,71.13333333333333,101.66666666666664,140.83333333333334,81.01666666666667,118.88333333333333,139.58333333333334,81.85833333333333,120.66666666666667,139.125,82.075,124.26249999999999,-13.0,-33.0,0.8011235865042293,1.1361701644182909,19.363,22.102999999999998
2026-04-18 15:44:52.823962,108.0,63.0,92.7,40.3,20.9,20.2,0.28,pm25,27.7,63.0,2.73,1018.0,10000,82.0,Clear,clear sky,15,5,18,4,1,1,117.0,68.19999999999999,91.5333333333333,128.33333333333334,73.6,106.56666666666666,137.83333333333334,80.52499999999999,118.18333333333334,137.25,80.925,122.55416666666667,-7.0,-29.0,0.6796116431541355,0.5186104089674837,17.451,171.99
2026-04-18 16:44:52.823962,121.0,68.5,96.3,30.4,14.4,16.8,0.32,pm25,28.38,61.0,2.04,1013.0,10000,58.0,Clear,clear sky,16,5,18,4,1,1,114.66666666666667,67.59999999999998,92.66666666666664,126.16666666666667,72.06666666666666,102.98333333333333,138.5,80.49166666666666,118.14166666666665,136.66666666666666,80.53333333333335,121.69583333333333,13.0,-7.0,0.711318788044457,0.47368419494459885,17.311799999999998,139.74
2026-04-18 17:44:52.823962,109.0,63.6,101.3,38.1,28.8,18.1,0.58,pm25,24.63,63.0,3.89,1017.0,10000,90.0,Clear,clear sky,17,5,18,4,1,1,112.66666666666667,65.03333333333333,96.76666666666665,119.66666666666667,68.08333333333333,99.21666666666665,136.83333333333334,79.16666666666667,116.43333333333332,134.79166666666666,79.44583333333334,119.73750000000001,-12.0,-6.0,0.6278380984418747,0.7559054919709846,15.516899999999998,247.40400000000002
2026-04-18 18:44:52.823962,162.0,99.3,170.0,31.3,28.0,9.2,0.48,pm25,28.32,67.0,6.14,1014.0,10000,17.0,Clear,clear sky,18,5,18,4,1,1,130.66666666666666,77.13333333333333,122.5333333333333,123.83333333333333,72.66666666666667,107.03333333333335,140.08333333333334,81.55833333333332,122.07499999999999,134.75,79.34583333333333,120.20416666666667,53.0,54.0,0.5841176436228374,0.8945686615153782,18.9744,609.702
2026-04-18 19:44:52.823962,144.0,86.0,136.7,38.5,23.0,11.5,0.69,pm25,23.76,65.0,4.15,1017.0,10000,94.0,Clear,clear sky,19,5,18,4,1,1,138.33333333333334,82.96666666666665,135.99999999999997,126.5,75.28333333333335,114.33333333333333,138.66666666666666,80.49166666666666,120.45833333333333,132.91666666666666,78.2,118.9875,-18.0,23.0,0.6291148454344196,0.5974025818856472,15.444,356.90000000000003
2026-04-18 20:44:52.823962,135.0,79.3,115.3,0.8,31.0,12.4,0.52,pm25,25.26,64.0,2.46,998.0,10000,20.0,Clear,clear sky,20,5,18,4,1,1,147.0,88.19999999999999,140.66666666666666,129.83333333333334,76.61666666666666,118.71666666666668,135.33333333333334,78.81666666666668,118.8,131.875,77.575,117.06666666666666,-9.0,26.0,0.6877710261251428,38.74995156256054,16.1664,195.078
2026-04-18 21:44:52.823962,123.0,75.0,104.0,31.0,14.1,14.4,0.4,pm25,24.08,66.0,1.72,1014.0,10000,47.0,Clear,clear sky,21,5,18,4,1,1,134.0,80.09999999999998,118.66666666666664,132.33333333333334,78.61666666666666,120.60000000000001,130.33333333333334,76.10833333333333,113.58333333333333,131.45833333333334,77.8125,116.90416666666668,-12.0,-39.0,0.7211538392196747,0.45483869500520335,15.8928,129.0
2026-04-18 22:44:52.823962,157.0,103.0,157.7,29.0,31.4,19.7,0.6,pm25,27.55,74.0,3.49,1012.0,10000,76.0,Clear,clear sky,22,5,18,4,1,1,138.33333333333334,85.76666666666665,125.66666666666664,138.33333333333334,84.36666666666666,130.83333333333334,132.25,78.21666666666667,116.90833333333332,133.5,79.3,118.95416666666667,34.0,13.0,0.6531388671329178,1.0827585833531521,20.387,359.47
2026-04-18 23:44:52.823962,134.0,75.0,107.2,29.5,16.7,16.8,0.53,pm25,25.25,59.0,2.2,1013.0,10000,62.0,Clear,clear sky,23,5,18,4,1,1,138.0,84.33333333333331,122.96666666666664,142.5,86.26666666666667,131.81666666666666,131.08333333333334,77.175,115.51666666666667,132.5,78.625,117.44999999999999,-23.0,-1.0,0.6996268591452718,0.5661016757253668,14.8975,165.0
2026-04-19 00:44:52.823962,123.0,75.3,110.9,34.2,31.1,9.6,0.71,pm25,27.21,66.0,2.69,1015.0,10000,24.0,Clear,clear sky,0,6,19,4,1,1,138.0,84.43333333333332,125.26666666666665,136.0,82.26666666666667,121.96666666666665,129.91666666666666,77.46666666666667,114.49999999999999,133.25,79.3125,117.47499999999998,-11.0,0.0,0.6789900750316494,0.9093566985568217,17.9586,202.557
2026-04-19 01:44:52.823962,85.0,57.7,66.8,32.5,24.2,19.5,0.49,pm25,22.35,72.0,0.03,1014.0,10000,1.0,Clear,clear sky,1,6,19,4,1,1,114.0,69.33333333333331,94.96666666666665,126.16666666666667,77.55,110.31666666666666,126.33333333333333,76.41666666666667,112.325,132.54166666666666,79.02499999999999,116.69166666666666,-38.0,-72.0,0.8637724421590953,0.7446153617041428,16.092,1.731
2026-04-19 02:44:52.823962,98.0,58.5,91.2,27.5,38.0,13.7,0.75,pm25,23.99,65.0,3.53,1012.0,10000,46.0,Clear,clear sky,2,6,19,4,1,1,102.0,63.833333333333314,89.63333333333333,120.0,74.08333333333333,106.3,124.91666666666667,75.35000000000001,112.50833333333333,132.25,78.60416666666667,116.58749999999999,13.0,-36.0,0.6414473613876386,1.3818181315702498,15.593499999999999,206.505
2026-04-19 03:44:52.823962,112.0,70.3,100.9,15.5,27.5,15.9,0.32,pm25,25.84,68.0,2.33,1006.0,10000,73.0,Clear,clear sky,3,6,19,4,1,1,98.33333333333333,62.16666666666666,86.29999999999997,118.16666666666667,73.3,105.78333333333332,125.25,75.95833333333333,113.19166666666666,131.54166666666666,78.24166666666667,115.6875,14.0,-11.0,0.6967294281790938,1.7741934339230043,17.571199999999997,163.799
2026-04-19 04:44:52.823962,101.0,56.8,101.4,27.9,22.7,2.1,0.66,pm25,24.38,61.0,5.44,1012.0,10000,41.0,Clear,clear sky,4,6,19,4,1,1,103.66666666666667,61.86666666666665,97.83333333333331,108.83333333333333,65.60000000000001,96.39999999999999,123.58333333333333,74.98333333333333,113.61666666666667,131.04166666666666,77.7375,115.87916666666666,-11.0,16.0,0.5601577854027832,0.8136200425225791,14.871799999999999,308.992
2026-04-19 05:44:52.823962,76.0,48.5,68.5,29.9,35.1,17.3,0.25,pm25,21.31,68.0,2.35,1013.0,10000,61.0,Clear,clear sky,5,6,19,4,1,1,96.33333333333333,58.533333333333324,90.26666666666665,99.16666666666667,61.18333333333334,89.95,120.83333333333333,73.725,110.88333333333334,128.83333333333334,76.44583333333334,113.65833333333335,-25.0,-22.0,0.7080291867440995,1.1739130042169565,14.4908,113.97500000000001
2026-04-19 06:44:52.823962,128.0,77.2,113.4,38.3,20.7,18.5,0.34,pm25,27.6,65.0,2.64,1017.0,10000,83.0,Clear,clear sky,6,6,19,4,1,1,101.66666666666667,60.83333333333332,94.43333333333332,100.0,61.5,90.36666666666667,118.0,71.88333333333334,106.16666666666667,129.04166666666666,76.72083333333335,114.12083333333334,52.0,16.0,0.6807760081060317,0.5404699597788523,17.94,203.80800000000002
2026-04-19 07:44:52.823962,155.0,93.8,121.6,51.6,18.8,11.5,0.5,pm25,28.51,66.0,0.14,1024.0,10000,25.0,Clear,clear sky,7,6,19,4,1,1,119.66666666666667,73.16666666666666,101.16666666666664,111.66666666666667,67.51666666666667,99.5,118.91666666666667,72.53333333333333,104.90833333333335,128.79166666666666,76.5125,112.68333333333334,27.0,54.0,0.7713815726037699,0.36434107821044426,18.8166,13.132000000000001
2026-04-19 08:44:52.823962,111.0,61.9,82.0,33.3,40.4,15.2,0.42,pm25,25.54,60.0,1.37,1015.0,10000,3.0,Clear,clear sky,8,6,19,4,1,1,131.33333333333334,77.63333333333333,105.66666666666664,113.83333333333333,68.08333333333333,97.96666666666665,116.91666666666667,71.08333333333333,102.13333333333334,126.125,74.95,110.46666666666665,-44.0,35.0,0.754878039574658,1.2132131767803853,15.323999999999998,84.80300000000001
2026-04-19 09:44:52.823962,164.0,94.7,138.1,40.6,27.3,11.4,0.43,pm25,30.57,61.0,2.41,1018.0,10000,10.0,Clear,clear sky,9,6,19,4,1,1,143.33333333333334,83.46666666666665,113.89999999999998,122.5,72.14999999999999,104.16666666666667,120.33333333333333,72.725,104.97500000000001,125.33333333333333,74.41666666666667,109.27916666666665,53.0,36.0,0.6857349696905506,0.6724137765415327,18.6477,228.22700000000003
2026-04-19 10:44:52.823962,148.0,95.3,143.9,27.2,30.3,18.4,0.47,pm25,32.22,71.0,3.13,1012.0,10000,79.0,Clear,clear sky,10,6,19,4,1,1,141.0,83.96666666666665,121.33333333333333,130.33333333333334,78.56666666666666,111.25,119.58333333333333,72.08333333333333,103.825,125.91666666666667,75.14999999999999,110.36666666666667,-16.0,-7.0,0.662265457524215,1.1139705472804946,22.876199999999997,298.289
2026-04-19 11:44:52.823962,132.0,78.3,115.3,23.9,33.6,2.6,0.27,pm25,30.93,64.0,2.68,1010.0,10000,99.0,Clear,clear sky,11,6,19,4,1,1,148.0,89.43333333333332,132.4333333333333,139.66666666666666,83.53333333333333,119.05000000000001,119.41666666666667,72.35833333333333,104.5,125.25,74.76666666666667,110.00833333333333,-16.0,21.0,0.679097999313981,1.405857681763277,19.7952,209.844
2026-04-19 12:44:52.823962,159.0,96.0,139.1,19.6,36.4,14.9,0.22,pm25,33.72,66.0,2.26,1008.0,10000,95.0,Clear,clear sky,12,6,19,4,1,1,146.33333333333334,89.86666666666666,132.76666666666665,144.83333333333334,86.66666666666667,123.33333333333333,122.41666666666667,74.08333333333333,106.85000000000001,126.16666666666667,75.77499999999999,110.67500000000001,27.0,-5.0,0.690150965563257,1.857142762390675,22.2552,216.95999999999998
2026-04-19 13:44:52.823962,137.0,76.9,87.1,31.2,21.3,20.5,0.8,pm25,31.45,59.0,1.23,1014.0,10000,82.0,Clear,clear sky,13,6,19,4,1,1,142.66666666666666,83.73333333333332,113.83333333333331,141.83333333333334,83.85000000000001,117.58333333333333,126.75,75.68333333333332,108.54166666666667,126.54166666666667,76.05,110.43333333333334,-22.0,-11.0,0.8828932160402617,0.6826922858111447,18.5555,94.587
2026-04-19 14:44:52.823962,145.0,92.3,150.7,35.7,25.8,12.4,0.48,pm25,31.96,70.0,4.85,1016.0,10000,4.0,Clear,clear sky,14,6,19,4,1,1,147.0,88.39999999999999,125.63333333333331,147.5,88.91666666666667,129.03333333333333,130.66666666666666,78.5,113.5,127.79166666666667,76.925,113.00416666666666,8.0,13.0,0.61247511206055,0.7226890553868612,22.372000000000003,447.655
2026-04-19 15:44:52.823962,115.0,69.6,115.8,25.7,31.1,8.8,0.48,pm25,28.4,66.0,4.71,1011.0,10000,25.0,Clear,clear sky,15,6,19,4,1,1,132.33333333333334,79.59999999999998,117.86666666666666,139.33333333333334,84.73333333333333,125.31666666666666,130.91666666666666,78.44166666666666,114.74166666666667,128.08333333333334,77.2,113.96666666666665,-30.0,-44.0,0.6010362642397559,1.2101166844312574,18.744,327.816
2026-04-19 16:44:52.823962,124.0,67.6,77.6,41.8,20.4,16.5,0.71,pm25,28.67,58.0,0.55,1019.0,10000,71.0,Clear,clear sky,16,6,19,4,1,1,128.0,76.49999999999999,114.69999999999999,135.33333333333334,80.11666666666666,114.26666666666667,132.83333333333334,79.34166666666667,112.75833333333333,128.20833333333334,77.1625,113.1875,9.0,-13.0,0.871134009392603,0.48803826583640514,16.628600000000002,37.18
2026-04-19 17:44:52.823962,168.0,101.6,158.3,38.2,41.8,11.7,0.16,pm25,29.62,66.0,3.89,1017.0,10000,46.0,Clear,clear sky,17,6,19,4,1,1,135.66666666666666,79.59999999999998,117.2333333333333,141.33333333333334,84.0,121.43333333333332,140.5,83.76666666666667,120.24166666666666,130.66666666666666,78.74583333333332,115.5625,44.0,23.0,0.6418193263308949,1.0942408090512876,19.5492,395.224
2026-04-19 18:44:52.823962,164.0,98.1,146.2,36.8,18.9,19.8,0.67,pm25,28.45,65.0,2.86,1016.0,10000,77.0,Clear,clear sky,18,6,19,4,1,1,152.0,89.09999999999998,127.36666666666663,142.16666666666666,84.35,122.61666666666667,143.5,85.50833333333333,122.97500000000001,130.75,78.69583333333334,114.57083333333333,-4.0,49.0,0.6709986274213501,0.5135869425655722,18.4925,280.566
2026-04-19 19:44:52.823962,201.0,117.1,159.8,31.6,16.7,12.9,0.11,pm25,28.55,62.0,0.61,1014.0,10000,36.0,Clear,clear sky,19,6,19,4,1,1,177.66666666666666,105.59999999999998,154.76666666666665,152.83333333333334,91.05,134.73333333333335,147.33333333333334,87.45,126.15833333333332,133.125,79.99166666666666,115.53333333333335,37.0,77.0,0.7327909841502441,0.5284809959341457,17.701,71.431
2026-04-19 20:44:52.823962,121.0,80.1,100.7,21.9,11.4,22.9,0.45,pm25,23.86,73.0,0.08,1009.0,10000,59.0,Clear,clear sky,20,6,19,4,1,1,162.0,98.43333333333332,135.56666666666666,148.83333333333334,89.01666666666667,126.39999999999999,148.16666666666666,88.96666666666665,127.71666666666665,132.54166666666666,80.025,114.925,-80.0,-47.0,0.7954319682678056,0.520547921436168,17.4178,6.4079999999999995
2026-04-19 21:44:52.823962,127.0,74.3,118.9,44.2,22.8,9.9,0.4,pm25,24.45,63.0,4.12,1020.0,10000,13.0,Clear,clear sky,21,6,19,4,1,1,149.66666666666666,90.49999999999999,126.46666666666665,150.83333333333334,89.8,126.91666666666667,145.08333333333334,87.26666666666667,126.11666666666667,132.70833333333334,79.99583333333334,115.54583333333333,6.0,-37.0,0.6248948643827177,0.5158370924018757,15.4035,306.116
2026-04-19 22:44:52.823962,166.0,96.2,135.0,32.1,27.9,14.7,0.5,pm25,28.45,61.0,1.6,1014.0,10000,41.0,Clear,clear sky,22,6,19,4,1,1,138.0,83.53333333333332,118.19999999999999,157.83333333333334,94.56666666666666,136.48333333333335,146.58333333333334,87.34166666666665,125.375,133.08333333333334,79.7125,114.60000000000001,39.0,-35.0,0.712592587314129,0.8691588514280731,17.3545,153.92000000000002
2026-04-19 23:44:52.823962,151.0,87.7,140.9,47.3,31.6,18.7,0.7,pm25,26.93,62.0,4.4,1022.0,10000,74.0,Clear,clear sky,23,6,19,4,1,1,148.0,86.06666666666665,131.6,155.0,92.25,133.58333333333334,148.16666666666666,88.125,127.50833333333333,133.79166666666666,80.24166666666666,116.00416666666668,-15.0,30.0,0.6224272489536746,0.6680760958123448,16.6966,385.88000000000005
2026-04-20 00:44:52.823962,95.0,51.3,73.0,30.1,20.0,12.6,0.41,pm25,23.7,59.0,2.4,1013.0,10000,24.0,Clear,clear sky,0,0,20,4,0,1,137.33333333333334,78.39999999999999,116.3,143.5,84.45,121.38333333333334,142.83333333333334,84.39999999999999,122.0,132.625,79.24166666666667,114.42500000000001,-56.0,-32.0,0.7027397164008258,0.6644518051677141,13.982999999999999,123.11999999999999
2026-04-20 01:44:52.823962,89.0,48.4,83.2,4.6,18.2,15.5,0.35,pm25,22.96,60.0,4.58,1000.0,10000,55.0,Clear,clear sky,1,0,20,4,0,1,111.66666666666667,62.46666666666666,99.03333333333332,124.83333333333333,73.0,108.61666666666666,138.83333333333334,82.02499999999999,121.675,132.79166666666666,78.85416666666667,115.10833333333333,-6.0,-77.0,0.5817307622388129,3.9565208790172,13.776000000000002,221.672
2026-04-20 02:44:52.823962,128.0,65.2,100.5,20.7,29.1,20.4,0.31,pm25,27.79,54.0,3.4,1008.0,10000,0.0,Clear,clear sky,2,0,20,4,0,1,104.0,54.96666666666666,85.56666666666665,126.0,70.51666666666667,108.58333333333333,137.41666666666666,79.76666666666667,117.49166666666667,134.04166666666666,79.13333333333334,115.49583333333334,39.0,-23.0,0.648756212450187,1.4057970335363752,15.006599999999999,221.68
2026-04-20 03:44:52.823962,121.0,71.5,119.6,26.5,41.3,14.3,0.16,pm25,26.89,64.0,4.85,1011.0,10000,49.0,Clear,clear sky,3,0,20,4,0,1,112.66666666666667,61.69999999999999,101.09999999999998,125.0,70.05,108.7,137.91666666666666,79.925,117.80833333333334,134.41666666666666,79.18333333333334,116.27499999999999,-7.0,26.0,0.5978260819579759,1.5584905072267732,17.209600000000002,346.775
2026-04-20 04:44:52.823962,141.0,83.0,128.3,13.5,17.9,23.5,0.31,pm25,29.5,63.0,3.59,1005.0,10000,68.0,Clear,clear sky,4,0,20,4,0,1,130.0,73.23333333333333,116.13333333333333,120.83333333333333,67.85000000000001,107.58333333333333,139.33333333333334,81.20833333333333,122.03333333333335,136.08333333333334,80.27499999999999,117.39583333333333,20.0,52.0,0.6469212732118372,1.3259258277091979,18.585,297.96999999999997
2026-04-20 05:44:52.823962,97.0,55.1,83.5,35.5,29.9,10.1,0.37,pm25,23.89,62.0,3.12,1016.0,10000,10.0,Clear,clear sky,5,0,20,4,0,1,119.66666666666667,69.86666666666666,110.46666666666665,111.83333333333333,62.416666666666664,98.01666666666665,133.41666666666666,77.33333333333333,115.80000000000001,136.95833333333334,80.55,118.02083333333333,-44.0,-31.0,0.6598802316182009,0.84225349740131,14.8118,171.912
2026-04-20 06:44:52.823962,99.0,62.6,100.7,23.1,28.2,6.2,0.21,pm25,24.69,68.0,4.0,1010.0,10000,0.0,Clear,clear sky,6,0,20,4,0,1,112.33333333333333,66.89999999999999,104.16666666666664,112.5,64.3,102.63333333333333,128.0,74.375,112.00833333333334,135.75,79.94166666666668,117.49166666666666,2.0,-22.0,0.6216484546013064,1.2207791679316375,16.7892,250.4
2026-04-20 07:44:52.823962,175.0,106.2,152.7,33.9,25.9,20.2,0.43,pm25,30.21,66.0,2.0,1015.0,10000,5.0,Clear,clear sky,7,0,20,4,0,1,123.66666666666667,74.63333333333333,112.29999999999997,126.83333333333333,73.93333333333334,114.21666666666665,125.83333333333333,73.46666666666667,111.41666666666667,136.58333333333334,80.45833333333333,118.78750000000001,76.0,34.0,0.6954813313982887,0.764011776872809,19.9386,212.4
2026-04-20 08:44:52.823962,110.0,71.6,107.3,27.2,32.9,17.0,0.55,pm25,25.43,71.0,2.98,1012.0,10000,98.0,Clear,clear sky,8,0,20,4,0,1,128.0,80.13333333333333,120.2333333333333,123.83333333333333,75.0,115.35000000000001,124.91666666666667,72.75833333333334,111.96666666666665,136.54166666666666,80.8625,119.84166666666665,-65.0,13.0,0.6672879714139052,1.209558779060339,18.0553,213.368
2026-04-20 09:44:52.823962,198.0,105.1,166.2,14.3,17.7,14.2,0.55,pm25,33.45,51.0,4.28,1005.0,10000,43.0,Clear,clear sky,9,0,20,4,0,1,161.0,94.3,142.06666666666663,136.66666666666666,80.60000000000001,123.11666666666667,130.83333333333334,75.325,115.90833333333332,137.95833333333334,81.29583333333333,121.0125,88.0,99.0,0.6323706339809227,1.237762151205444,17.0595,449.828
2026-04-20 10:44:52.823962,88.0,64.8,84.2,21.6,28.0,9.2,0.85,pm25,26.16,77.0,1.05,1009.0,10000,17.0,Clear,clear sky,10,0,20,4,0,1,132.0,80.49999999999999,119.2333333333333,127.83333333333333,77.56666666666666,115.76666666666667,124.33333333333333,72.70833333333333,111.675,135.45833333333334,80.025,118.52499999999999,-110.0,-87.0,0.7695961903848433,1.2962962362825816,20.1432,68.04
2026-04-20 11:44:52.823962,154.0,90.1,113.1,29.5,27.0,10.1,0.57,pm25,33.07,63.0,0.31,1013.0,10000,13.0,Clear,clear sky,11,0,20,4,0,1,146.66666666666666,86.66666666666667,121.16666666666664,137.33333333333334,83.39999999999999,120.69999999999999,124.58333333333333,72.90833333333333,109.35833333333333,136.375,80.51666666666667,118.43333333333334,66.0,44.0,0.7966401344240484,0.9152542062625693,20.8341,27.930999999999997
2026-04-20 12:44:52.823962,121.0,72.4,131.1,47.4,18.7,11.5,0.56,pm25,29.91,65.0,6.38,1022.0,10000,25.0,Clear,clear sky,12,0,20,4,0,1,121.0,75.76666666666667,109.46666666666664,141.0,85.03333333333333,125.76666666666665,126.75,74.66666666666667,114.2,134.79166666666666,79.53333333333335,118.09999999999998,-33.0,-77.0,0.552250186481692,0.39451475960939325,19.4415,461.91200000000003
2026-04-20 13:44:52.823962,150.0,87.0,130.9,23.9,26.9,14.5,0.31,pm25,32.67,62.0,3.07,1010.0,10000,32.0,Clear,clear sky,13,0,20,4,0,1,141.66666666666666,83.16666666666667,125.0333333333333,136.83333333333334,81.83333333333333,122.13333333333333,131.83333333333334,77.88333333333334,118.175,135.33333333333334,79.95416666666667,119.925,29.0,62.0,0.6646294830815166,1.1255229654592902,20.2554,267.09
2026-04-20 14:44:52.823962,115.0,62.9,101.2,41.3,25.2,14.2,0.24,pm25,28.85,59.0,4.03,1019.0,10000,1.0,Clear,clear sky,14,0,20,4,0,1,128.66666666666666,74.1,121.06666666666665,137.66666666666666,80.38333333333334,121.11666666666666,130.75,77.69166666666666,118.23333333333333,134.08333333333334,78.72916666666667,117.86250000000001,-35.0,-39.0,0.6215414958345702,0.6101694767513445,17.0215,253.48700000000002
2026-04-20 15:44:52.823962,119.0,73.0,106.0,37.5,24.9,19.5,0.23,pm25,28.83,66.0,2.47,1017.0,10000,91.0,Clear,clear sky,15,0,20,4,0,1,128.0,74.3,112.69999999999999,124.5,75.03333333333335,111.08333333333333,130.58333333333334,77.81666666666666,117.09999999999998,134.25,78.87083333333332,117.45416666666667,4.0,-2.0,0.688679238786045,0.6639999822933338,19.0278,180.31
2026-04-20 16:44:52.823962,132.0,75.8,119.9,28.8,25.8,19.8,0.74,pm25,29.5,62.0,3.93,1012.0,10000,83.0,Clear,clear sky,16,0,20,4,0,1,122.0,70.56666666666666,109.03333333333332,131.83333333333334,76.86666666666666,117.03333333333335,129.83333333333334,77.21666666666667,116.39999999999999,134.58333333333334,79.21249999999999,119.21666666666665,13.0,-18.0,0.6321934893061427,0.8958333022280103,18.29,297.894
2026-04-20 17:44:52.823962,122.0,75.5,119.3,36.8,24.8,9.2,0.37,pm25,25.69,67.0,3.91,1016.0,10000,14.0,Clear,clear sky,17,0,20,4,0,1,124.33333333333333,74.76666666666667,115.06666666666665,126.5,74.43333333333332,118.06666666666666,131.91666666666666,78.91666666666667,119.38333333333333,132.66666666666666,78.125,117.59166666666665,-10.0,7.0,0.6328583350137609,0.6739130251654071,17.2123,295.205
2026-04-20 18:44:52.823962,161.0,92.9,162.1,28.4,27.1,24.9,0.82,pm25,28.2,61.0,6.41,1012.0,10000,68.0,Clear,clear sky,18,0,20,4,0,1,138.33333333333334,81.39999999999999,133.76666666666665,133.16666666666666,77.85000000000001,123.23333333333333,137.08333333333334,81.44166666666666,124.49999999999999,132.54166666666666,77.90833333333333,118.25416666666666,39.0,42.0,0.5731030192899259,0.954225318513193,17.202,595.489
2026-04-20 19:44:52.823962,151.0,94.0,140.4,29.6,13.3,19.3,0.6,pm25,24.35,69.0,2.9,1013.0,10000,62.0,Clear,clear sky,19,0,20,4,0,1,144.66666666666666,87.46666666666665,140.6,133.33333333333334,79.01666666666667,124.81666666666666,135.08333333333334,80.425,123.47500000000001,130.45833333333334,76.94583333333334,117.44583333333333,-10.0,19.0,0.6695156647470394,0.449324309144449,16.8015,272.59999999999997
2026-04-20 20:44:52.823962,117.0,74.9,99.0,35.0,23.0,10.0,0.39,pm25,23.52,69.0,1.0,1015.0,10000,13.0,Clear,clear sky,20,0,20,4,0,1,143.0,87.26666666666667,133.83333333333334,133.66666666666666,81.01666666666667,124.45,135.66666666666666,80.7,122.78333333333335,130.29166666666666,76.72916666666667,117.375,-34.0,-5.0,0.7565656489235794,0.6571428383673475,16.2288,74.9
2026-04-20 21:44:52.823962,120.0,75.7,111.9,25.7,34.2,13.3,0.54,pm25,23.8,69.0,2.75,1011.0,10000,40.0,Clear,clear sky,21,0,20,4,0,1,129.33333333333334,81.53333333333335,117.09999999999998,133.83333333333334,81.46666666666668,125.43333333333334,129.16666666666666,78.25,118.25833333333334,130.0,76.7875,117.08333333333333,3.0,-41.0,0.6764968661617796,1.3307392478311577,16.422,208.175
2026-04-20 22:44:52.823962,116.0,65.9,100.8,39.7,23.1,13.8,0.7,pm25,23.36,61.0,3.29,1018.0,10000,15.0,Clear,clear sky,22,0,20,4,0,1,117.66666666666667,72.16666666666667,103.89999999999998,131.16666666666666,79.81666666666668,122.25,131.5,78.34166666666667,119.64166666666667,127.91666666666667,75.52499999999999,115.65833333333332,-4.0,-35.0,0.6537698347840295,0.5818639651923435,14.249600000000001,216.811
2026-04-20 23:44:52.823962,142.0,88.4,124.3,22.7,32.4,18.1,0.62,pm25,26.0,68.0,1.74,1009.0,10000,70.0,Clear,clear sky,23,0,20,4,0,1,126.0,76.66666666666667,112.33333333333331,134.5,81.96666666666668,123.08333333333333,130.5,78.2,120.575,127.54166666666667,75.55416666666667,114.96666666666665,26.0,25.0,0.7111826169655462,1.4273127124531844,17.68,153.816
2026-04-21 00:44:52.823962,114.0,68.5,78.4,38.2,22.1,16.4,0.78,pm25,26.03,65.0,0.64,1017.0,10000,79.0,Clear,clear sky,0,1,21,4,0,1,124.0,74.26666666666667,101.16666666666664,126.66666666666667,77.89999999999999,109.13333333333333,129.91666666666666,77.875,116.18333333333334,128.33333333333334,76.27083333333333,115.19166666666666,-28.0,-6.0,0.8737244786514734,0.578534016268743,16.9195,43.84
2026-04-21 01:44:52.823962,135.0,79.7,117.7,14.4,41.0,15.8,0.07,pm25,28.68,64.0,2.71,1005.0,10000,52.0,Clear,clear sky,1,1,21,4,0,1,130.33333333333334,78.86666666666667,106.79999999999997,124.0,75.51666666666667,105.35000000000001,128.66666666666666,77.26666666666667,115.08333333333333,130.25,77.575,116.62916666666666,21.0,19.0,0.6771452788687742,2.8472220244984707,18.3552,215.987
2026-04-21 02:44:52.823962,113.0,64.8,114.1,24.5,19.7,15.3,0.56,pm25,25.98,62.0,5.53,1010.0,10000,54.0,Clear,clear sky,2,1,21,4,0,1,120.66666666666667,71.0,103.39999999999998,123.33333333333333,73.83333333333333,107.86666666666667,128.5,77.425,116.15833333333335,129.625,77.55833333333334,117.19583333333333,-22.0,-29.0,0.5679228696939276,0.804081599833404,16.1076,358.344
2026-04-21 03:44:52.823962,117.0,64.3,95.9,38.0,2.0,19.4,0.72,pm25,26.4,59.0,2.92,1017.0,10000,52.0,Clear,clear sky,3,1,21,4,0,1,121.66666666666667,69.60000000000001,109.2333333333333,122.83333333333333,71.93333333333332,105.2,128.33333333333334,76.7,115.31666666666666,129.45833333333334,77.25833333333334,116.20833333333333,4.0,3.0,0.6704900868562034,0.05263157756232691,15.575999999999999,187.756
2026-04-21 04:44:52.823962,93.0,50.2,84.9,33.4,25.5,19.3,0.53,pm25,23.35,60.0,4.44,1015.0,10000,91.0,Clear,clear sky,4,1,21,4,0,1,107.66666666666667,59.76666666666667,98.3,119.0,69.31666666666666,102.55,125.08333333333333,74.56666666666666,112.39999999999999,127.45833333333333,75.89166666666667,114.39999999999999,-24.0,-42.0,0.5912838564041949,0.7634730310337416,14.01,222.88800000000003
2026-04-21 05:44:52.823962,102.0,52.8,71.8,55.2,22.7,6.8,0.31,pm25,24.51,57.0,1.89,1026.0,10000,89.0,Clear,clear sky,5,1,21,4,0,1,104.0,55.76666666666667,84.19999999999997,112.33333333333333,63.38333333333333,93.8,123.41666666666667,72.675,108.44166666666666,127.66666666666667,75.79583333333333,113.91250000000001,9.0,-11.0,0.7353760343262391,0.41123187660811816,13.9707,99.79199999999999
2026-04-21 06:44:52.823962,163.0,92.0,126.2,32.9,19.9,13.3,0.29,pm25,31.09,59.0,1.25,1014.0,10000,0.0,Clear,clear sky,6,1,21,4,0,1,119.33333333333333,65.0,94.29999999999997,120.5,67.3,101.76666666666667,123.58333333333333,72.60000000000001,105.45,130.33333333333334,77.02083333333333,114.97500000000001,61.0,46.0,0.7290015790094962,0.6048632034995987,18.3431,115.0
2026-04-21 07:44:52.823962,127.0,71.5,124.3,48.6,22.7,15.1,0.45,pm25,26.17,60.0,5.55,1022.0,10000,54.0,Clear,clear sky,7,1,21,4,0,1,130.66666666666666,72.10000000000001,107.43333333333332,119.16666666666667,65.93333333333332,102.86666666666667,121.58333333333333,70.72500000000001,104.10833333333333,128.33333333333334,75.575,113.79166666666667,-36.0,34.0,0.5752212343103682,0.4670781796897494,15.702,396.825
2026-04-21 08:44:52.823962,126.0,76.9,115.8,37.3,23.2,18.8,0.56,pm25,26.81,66.0,3.08,1017.0,10000,91.0,Clear,clear sky,8,1,21,4,0,1,138.66666666666666,80.13333333333334,122.09999999999998,121.33333333333333,67.95,103.14999999999999,122.33333333333333,70.89166666666667,105.50833333333333,129.0,75.79583333333333,114.14583333333333,-1.0,24.0,0.6640759873568568,0.6219838975339438,17.694599999999998,236.85200000000003
2026-04-21 09:44:52.823962,190.0,113.1,181.4,40.8,30.3,10.2,0.59,pm25,32.81,64.0,4.76,1018.0,10000,98.0,Clear,clear sky,9,1,21,4,0,1,147.66666666666666,87.16666666666667,140.49999999999997,133.5,76.08333333333333,117.40000000000002,128.16666666666666,74.00833333333334,111.3,128.66666666666666,76.12916666666668,114.77916666666665,64.0,27.0,0.6234840097933626,0.7426470406213962,20.9984,538.356
2026-04-21 10:44:52.823962,163.0,100.6,136.4,43.8,25.1,12.2,0.77,pm25,33.74,68.0,0.83,1020.0,10000,4.0,Clear,clear sky,10,1,21,4,0,1,159.66666666666666,96.86666666666667,144.5333333333333,145.16666666666666,84.48333333333333,125.98333333333333,132.08333333333334,76.89999999999999,114.26666666666667,131.79166666666666,77.62083333333332,116.95416666666667,-27.0,36.0,0.7375366514843353,0.5730593476470469,22.9432,83.49799999999999
2026-04-21 11:44:52.823962,138.0,81.4,128.1,48.2,32.7,14.2,0.52,pm25,31.53,63.0,3.91,1022.0,10000,44.0,Clear,clear sky,11,1,21,4,0,1,163.66666666666666,98.36666666666667,148.6333333333333,151.16666666666666,89.25,135.36666666666667,131.75,76.31666666666668,114.58333333333333,131.125,77.25833333333334,117.57916666666667,-25.0,12.0,0.6354410567100621,0.6784232224393523,19.8639,318.27400000000006
2026-04-21 12:44:52.823962,148.0,93.0,145.5,15.5,24.9,11.7,0.42,pm25,32.67,69.0,3.9,1006.0,10000,5.0,Clear,clear sky,12,1,21,4,0,1,149.66666666666666,91.66666666666667,136.66666666666666,148.66666666666666,89.41666666666667,138.58333333333334,134.58333333333334,78.35833333333333,120.175,132.25,78.11666666666666,118.17916666666667,10.0,-42.0,0.6391752533390017,1.6064515092611928,22.5423,362.7
2026-04-21 13:44:52.823962,121.0,72.2,110.7,43.3,35.7,13.1,0.45,pm25,29.83,64.0,3.35,1020.0,10000,41.0,Clear,clear sky,13,1,21,4,0,1,135.66666666666666,82.2,128.09999999999997,147.66666666666666,89.53333333333335,136.31666666666666,133.41666666666666,77.73333333333333,119.59166666666668,131.04166666666666,77.5,117.33749999999999,-27.0,-42.0,0.6522131829068367,0.8244803504738951,19.0912,241.87
2026-04-21 14:44:52.823962,94.0,50.7,79.6,6.5,35.0,11.3,0.42,pm25,26.78,59.0,3.53,1001.0,10000,35.0,Clear,clear sky,14,1,21,4,0,1,121.0,71.96666666666667,111.93333333333332,142.33333333333334,85.16666666666667,130.28333333333333,131.83333333333334,76.55833333333334,116.71666666666665,130.16666666666666,76.99166666666666,116.4375,-27.0,-44.0,0.6369346653651425,5.384614556213145,15.8002,178.971
2026-04-21 15:44:52.823962,111.0,70.8,92.6,25.9,19.2,16.9,0.53,pm25,27.97,69.0,0.96,1011.0,10000,69.0,Clear,clear sky,15,1,21,4,0,1,108.66666666666667,64.56666666666666,94.29999999999997,129.16666666666666,78.11666666666667,115.48333333333333,131.33333333333334,77.1,116.44166666666668,129.83333333333334,76.9,115.87916666666666,17.0,-37.0,0.7645788254365138,0.7413127126906288,19.2993,67.96799999999999
2026-04-21 16:44:52.823962,150.0,92.4,143.5,39.0,30.7,19.8,0.19,pm25,31.36,67.0,3.72,1017.0,10000,100.0,Clear,clear sky,16,1,21,4,0,1,118.33333333333333,71.3,105.2333333333333,127.0,76.75,116.66666666666667,136.08333333333334,80.61666666666667,121.325,130.58333333333334,77.59166666666667,116.86250000000001,39.0,29.0,0.6439024345372654,0.7871794669953983,21.0112,343.72800000000007
2026-04-21 17:44:52.823962,132.0,86.0,126.5,15.8,23.6,15.2,0.82,pm25,26.57,72.0,2.63,1006.0,10000,3.0,Clear,clear sky,17,1,21,4,0,1,131.0,83.06666666666666,120.86666666666663,126.0,77.51666666666667,116.40000000000002,138.58333333333334,83.38333333333333,125.88333333333333,131.0,78.02916666666667,117.16250000000001,-18.0,38.0,0.6798418918589574,1.4936707915398235,19.130399999999998,226.17999999999998
2026-04-21 18:44:52.823962,193.0,114.0,173.7,42.1,17.5,18.7,0.02,pm25,30.94,63.0,3.4,1019.0,10000,72.0,Clear,clear sky,18,1,21,4,0,1,158.33333333333334,97.46666666666665,147.89999999999998,133.5,81.01666666666667,121.10000000000001,141.08333333333334,85.21666666666665,129.84166666666667,132.33333333333334,78.90833333333333,117.64583333333333,61.0,82.0,0.6563039685877723,0.41567694974639074,19.4922,387.59999999999997
2026-04-21 19:44:52.823962,169.0,99.9,149.6,21.7,18.3,11.4,0.45,pm25,25.92,63.0,2.96,1009.0,10000,26.0,Clear,clear sky,19,1,21,4,0,1,164.66666666666666,99.96666666666665,149.9333333333333,141.5,85.63333333333333,127.58333333333333,144.58333333333334,87.58333333333333,131.95000000000002,133.08333333333334,79.15416666666667,118.02916666666665,-24.0,19.0,0.6677807441993266,0.8433179334876528,16.3296,295.704
2026-04-21 20:44:52.823962,115.0,63.3,70.9,47.0,31.4,10.9,0.74,pm25,23.26,59.0,0.62,1022.0,10000,24.0,Clear,clear sky,20,1,21,4,0,1,159.0,92.39999999999999,131.39999999999998,145.0,87.73333333333333,126.13333333333333,143.66666666666666,86.45,128.20833333333334,133.0,78.67083333333333,116.85833333333333,-54.0,-17.0,0.8928067575062516,0.6680850921684023,13.723400000000002,39.245999999999995
2026-04-21 21:44:52.823962,166.0,98.5,152.6,25.9,28.9,13.3,0.68,pm25,28.44,64.0,3.74,1011.0,10000,24.0,Clear,clear sky,21,1,21,4,0,1,150.0,87.23333333333333,124.36666666666663,154.16666666666666,92.35000000000001,136.13333333333333,141.66666666666666,85.23333333333333,125.80833333333334,134.91666666666666,79.62083333333334,118.55416666666666,51.0,-27.0,0.6454783706063016,1.1158300727478736,18.2016,368.39000000000004
2026-04-21 22:44:52.823962,117.0,66.0,100.9,28.6,31.7,21.7,0.53,pm25,23.46,61.0,3.27,1012.0,10000,73.0,Clear,clear sky,22,1,21,4,0,1,132.66666666666666,75.93333333333334,108.13333333333333,148.66666666666666,87.95,129.03333333333333,137.83333333333334,82.35000000000001,122.84999999999998,134.95833333333334,79.625,118.55833333333334,-49.0,-52.0,0.6541129766688506,1.1083915696366582,14.310599999999999,215.82
2026-04-21 23:44:52.823962,159.0,98.2,152.9,28.3,25.1,21.5,0.71,pm25,27.73,68.0,3.84,1012.0,10000,80.0,Clear,clear sky,23,1,21,4,0,1,147.33333333333334,87.56666666666666,135.46666666666667,153.16666666666666,89.98333333333333,133.43333333333334,139.58333333333334,83.75,124.91666666666667,135.66666666666666,80.03333333333333,119.75,42.0,44.0,0.6422498322939841,0.8869257637128706,18.8564,377.088
2026-04-22 00:44:52.823962,103.0,65.6,89.8,31.5,31.2,22.8,0.74,pm25,24.64,69.0,1.72,1014.0,10000,100.0,Clear,clear sky,0,2,22,4,0,1,126.33333333333333,76.6,114.53333333333332,138.16666666666666,81.91666666666667,119.45,135.83333333333334,81.46666666666665,120.27499999999999,135.20833333333334,79.9125,120.22500000000001,-56.0,-63.0,0.7305122413083269,0.9904761590325029,17.0016,112.832
2026-04-22 01:44:52.823962,102.0,58.1,87.0,20.9,36.3,22.4,0.52,pm25,24.52,62.0,2.97,1008.0,10000,63.0,Clear,clear sky,1,2,22,4,0,1,121.33333333333333,73.96666666666667,109.89999999999998,127.0,74.95,109.01666666666667,134.25,80.29166666666667,118.3,133.83333333333334,79.0125,118.94583333333334,-1.0,-15.0,0.6678160842779761,1.7368420221606686,15.2024,172.55700000000002
2026-04-22 02:44:52.823962,96.0,55.5,85.5,30.0,35.5,18.9,0.63,pm25,23.8,63.0,3.34,1013.0,10000,64.0,Clear,clear sky,2,2,22,4,0,1,100.33333333333333,59.73333333333333,87.43333333333332,123.83333333333333,73.65,111.45,134.41666666666666,80.69166666666666,118.79166666666667,133.125,78.625,117.75416666666668,-6.0,-63.0,0.6491227994254644,1.18333329388889,14.994000000000002,185.37
2026-04-22 03:44:52.823962,109.0,65.3,87.4,28.5,28.0,19.0,0.58,pm25,25.47,65.0,1.43,1012.0,10000,87.0,Clear,clear sky,3,2,22,4,0,1,102.33333333333333,59.63333333333333,86.63333333333331,114.33333333333333,68.11666666666667,100.58333333333333,134.25,80.23333333333333,118.35833333333333,132.79166666666666,78.66666666666667,117.39999999999999,13.0,6.0,0.7471395795521787,0.9824561058787331,16.5555,93.37899999999999
2026-04-22 04:44:52.823962,84.0,53.1,86.7,24.5,32.5,18.9,0.38,pm25,22.27,68.0,4.06,1010.0,10000,72.0,Clear,clear sky,4,2,22,4,0,1,96.33333333333333,57.96666666666667,86.5333333333333,108.83333333333333,65.96666666666667,98.21666666666665,128.75,76.95833333333334,113.625,132.41666666666666,78.7875,117.47500000000001,-25.0,-18.0,0.6124567403407527,1.3265305581007936,15.1436,215.58599999999998
2026-04-22 05:44:52.823962,120.0,72.5,113.8,30.0,33.3,21.5,0.69,pm25,26.86,65.0,3.74,1013.0,10000,70.0,Clear,clear sky,5,2,22,4,0,1,104.33333333333333,63.63333333333333,95.96666666666664,102.33333333333333,61.68333333333334,91.7,127.75,75.83333333333333,112.56666666666668,133.16666666666666,79.60833333333333,119.22499999999998,36.0,24.0,0.6370825954562163,1.109999963000001,17.459,271.15000000000003
2026-04-22 06:44:52.823962,103.0,53.8,87.2,40.2,21.6,16.2,0.26,pm25,25.12,57.0,3.97,1018.0,10000,91.0,Clear,clear sky,6,2,22,4,0,1,102.33333333333333,59.79999999999999,95.89999999999998,102.33333333333333,59.71666666666667,91.26666666666667,120.25,70.81666666666666,105.35833333333335,130.66666666666666,78.01666666666667,117.60000000000001,-17.0,-6.0,0.6169724699888478,0.5373134194698155,14.318400000000002,213.586
2026-04-22 07:44:52.823962,176.0,107.7,171.2,26.5,30.2,8.7,0.55,pm25,30.22,67.0,4.45,1011.0,10000,91.0,Clear,clear sky,7,2,22,4,0,1,133.0,78.0,124.06666666666665,114.66666666666667,67.98333333333333,105.3,120.83333333333333,71.46666666666665,107.15833333333332,132.70833333333334,79.52499999999999,119.55416666666666,73.0,92.0,0.6290887813721451,1.1396225985048076,20.2474,479.26500000000004
2026-04-22 08:44:52.823962,143.0,93.5,153.4,38.4,32.6,3.6,0.34,pm25,28.2,73.0,4.97,1017.0,10000,40.0,Clear,clear sky,8,2,22,4,0,1,140.66666666666666,85.0,137.26666666666665,122.5,74.31666666666666,116.61666666666667,123.16666666666667,73.98333333333333,114.03333333333335,133.41666666666666,80.21666666666667,121.12083333333334,-33.0,23.0,0.6095175970696376,0.8489583112250441,20.586,464.695
2026-04-22 09:44:52.823962,153.0,92.4,149.5,23.9,12.2,10.0,0.53,pm25,29.63,66.0,4.63,1010.0,10000,0.0,Clear,clear sky,9,2,22,4,0,1,157.33333333333334,97.86666666666667,158.0333333333333,129.83333333333334,78.83333333333333,126.96666666666668,122.08333333333333,73.47500000000001,113.77499999999999,131.875,79.35416666666667,119.79166666666667,10.0,50.0,0.6180601965347144,0.5104602296878564,19.555799999999998,427.812
2026-04-22 10:44:52.823962,120.0,77.2,108.4,18.2,19.8,8.4,0.69,pm25,29.37,70.0,1.89,1007.0,10000,24.0,Clear,clear sky,10,2,22,4,0,1,138.66666666666666,87.7,137.1,135.83333333333334,82.85000000000001,130.58333333333334,122.33333333333333,74.40833333333333,114.40000000000002,130.08333333333334,78.37916666666668,118.625,-33.0,-56.0,0.7121771152013181,1.0879120281367018,20.559,145.908
2026-04-22 11:44:52.823962,144.0,80.6,126.3,37.0,13.0,11.9,0.29,pm25,32.07,59.0,3.82,1016.0,10000,40.0,Clear,clear sky,11,2,22,4,0,1,139.0,83.39999999999999,128.06666666666666,139.83333333333334,84.2,132.66666666666666,121.08333333333333,72.94166666666666,112.18333333333334,130.33333333333334,78.34583333333333,118.55,24.0,1.0,0.6381630986685424,0.35135134185536915,18.921300000000002,307.89199999999994
2026-04-22 12:44:52.823962,104.0,66.8,98.5,27.1,41.6,17.8,0.3,pm25,28.21,69.0,2.75,1012.0,10000,54.0,Clear,clear sky,12,2,22,4,0,1,122.66666666666667,74.86666666666666,111.06666666666665,140.0,86.36666666666667,134.54999999999998,121.16666666666667,73.04166666666667,112.90833333333335,128.5,77.25416666666666,116.59166666666665,-40.0,-49.0,0.6781725819474864,1.5350552939093987,19.4649,183.7
2026-04-22 13:44:52.823962,134.0,86.5,117.5,25.6,25.8,16.5,0.18,pm25,31.13,71.0,1.16,1011.0,10000,96.0,Clear,clear sky,13,2,22,4,0,1,127.33333333333333,77.96666666666665,114.09999999999998,133.0,82.83333333333333,125.59999999999998,123.83333333333333,75.40833333333335,115.45,129.04166666666666,77.85,116.875,30.0,14.0,0.7361702065006791,1.0078124606323258,22.1023,100.33999999999999
2026-04-22 14:44:52.823962,114.0,67.3,97.6,39.5,25.0,11.9,0.65,pm25,28.81,64.0,2.51,1018.0,10000,9.0,Clear,clear sky,14,2,22,4,0,1,117.33333333333333,73.53333333333335,104.5333333333333,128.16666666666666,78.46666666666667,116.3,125.33333333333333,76.39166666666667,116.45833333333333,129.875,78.54166666666667,117.625,-20.0,-30.0,0.6895491732628158,0.6329113763819905,18.438399999999998,168.92299999999997
2026-04-22 15:44:52.823962,140.0,81.5,129.4,9.2,20.4,14.5,0.53,pm25,30.94,62.0,4.08,1003.0,10000,41.0,Clear,clear sky,15,2,22,4,0,1,129.33333333333334,78.43333333333334,114.83333333333331,126.0,76.64999999999999,112.95,127.91666666666667,77.74166666666666,119.95833333333333,131.08333333333334,78.9875,119.15833333333332,26.0,36.0,0.6298299796767389,2.2173910633270584,19.1828,332.52
2026-04-22 16:44:52.823962,112.0,67.0,98.7,25.2,33.3,17.4,0.59,pm25,27.51,65.0,2.73,1011.0,10000,65.0,Clear,clear sky,16,2,22,4,0,1,122.0,71.93333333333334,108.56666666666665,124.66666666666667,74.95,111.33333333333333,130.25,78.89999999999999,120.95833333333336,129.5,77.92916666666666,117.29166666666667,-28.0,-22.0,0.6788247145002562,1.3214285189909316,17.881500000000003,182.91
2026-04-22 17:44:52.823962,137.0,80.7,118.2,33.1,31.6,6.5,0.43,pm25,26.97,64.0,2.56,1015.0,10000,32.0,Clear,clear sky,17,2,22,4,0,1,129.66666666666666,76.39999999999999,115.43333333333332,123.5,74.96666666666667,109.98333333333335,131.66666666666666,79.58333333333333,121.32499999999999,129.70833333333334,77.70833333333333,116.94583333333333,25.0,23.0,0.6827411109751175,0.9546827506138142,17.2608,206.592
2026-04-22 18:44:52.823962,171.0,109.7,162.4,38.8,32.1,8.0,0.21,pm25,29.06,72.0,2.68,1017.0,10000,29.0,Clear,clear sky,18,2,22,4,0,1,140.0,85.8,126.43333333333332,134.66666666666666,82.11666666666666,120.63333333333334,137.33333333333334,84.24166666666666,127.59166666666665,128.79166666666666,77.52916666666667,116.47500000000001,34.0,31.0,0.6754926066780012,0.8273195663061969,20.923199999999998,293.99600000000004
2026-04-22 19:44:52.823962,144.0,88.1,127.5,23.3,48.5,12.1,0.55,pm25,23.76,67.0,2.29,1010.0,10000,94.0,Clear,clear sky,19,2,22,4,0,1,150.66666666666666,92.83333333333333,136.03333333333333,136.33333333333334,82.38333333333334,122.30000000000001,134.66666666666666,82.60833333333333,123.95,127.75,77.0375,115.55416666666667,-27.0,32.0,0.6909803867374087,2.081544975040988,15.9192,201.749
2026-04-22 20:44:52.823962,137.0,78.5,116.7,26.2,41.5,17.9,0.25,pm25,25.53,61.0,2.84,1011.0,10000,54.0,Clear,clear sky,20,2,22,4,0,1,150.66666666666666,92.10000000000001,135.53333333333333,140.16666666666666,84.25,125.48333333333335,134.16666666666666,81.35833333333333,120.89166666666667,128.66666666666666,77.67083333333333,117.46249999999999,-7.0,0.0,0.6726649471065557,1.5839694051920075,15.573300000000001,222.94
2026-04-22 21:44:52.823962,117.0,66.8,106.3,46.4,38.1,12.8,0.44,pm25,23.52,61.0,3.92,1021.0,10000,44.0,Clear,clear sky,21,2,22,4,0,1,132.66666666666666,77.8,116.83333333333331,136.33333333333334,81.8,121.63333333333333,131.16666666666666,79.225,117.29166666666667,126.625,76.35000000000001,115.53333333333335,-20.0,-54.0,0.6284101540130748,0.8211206719586063,14.3472,261.856
2026-04-22 22:44:52.823962,126.0,71.2,113.2,27.8,13.6,8.1,0.73,pm25,24.35,61.0,3.96,1012.0,10000,37.0,Clear,clear sky,22,2,22,4,0,1,126.66666666666667,72.16666666666667,112.06666666666665,138.66666666666666,82.5,124.05000000000001,131.66666666666666,78.72500000000001,117.69166666666666,127.0,76.56666666666666,116.04583333333333,9.0,-18.0,0.6289752594613494,0.4892086154960929,14.853500000000002,281.952
2026-04-22 23:44:52.823962,143.0,91.2,127.9,38.7,41.9,13.7,0.45,pm25,26.07,71.0,1.66,1017.0,10000,48.0,Clear,clear sky,23,2,22,4,0,1,128.66666666666666,76.4,115.8,139.66666666666666,84.25,125.66666666666667,131.58333333333334,79.60833333333333,117.82499999999999,126.33333333333333,76.27499999999999,115.00416666666666,17.0,6.0,0.7130570702653865,1.0826873105248755,18.5097,151.392
2026-04-23 00:44:52.823962,115.0,64.3,86.9,35.3,30.8,22.4,0.74,pm25,26.14,61.0,1.57,1016.0,10000,73.0,Clear,clear sky,0,3,23,4,0,1,128.0,75.56666666666666,109.33333333333331,130.33333333333334,76.68333333333334,113.08333333333333,132.5,79.4,116.85833333333333,126.83333333333333,76.22083333333333,114.88333333333333,-28.0,-2.0,0.739930946606088,0.8725212217416086,15.9454,100.951
2026-04-23 01:44:52.823962,126.0,78.4,114.3,36.5,3.9,13.1,0.27,pm25,27.53,68.0,2.5,1016.0,10000,49.0,Clear,clear sky,1,3,23,4,0,1,128.0,77.96666666666668,109.69999999999999,127.33333333333333,75.06666666666666,110.88333333333333,131.83333333333334,78.725,116.59166666666665,127.83333333333333,77.06666666666666,116.02083333333333,11.0,0.0,0.6859142547164108,0.10684931214111475,18.720399999999998,196.0
2026-04-23 02:44:52.823962,101.0,47.6,64.5,35.3,38.9,16.1,0.73,pm25,24.43,52.0,1.96,1016.0,10000,53.0,Clear,clear sky,2,3,23,4,0,1,114.0,63.43333333333334,88.56666666666665,121.33333333333333,69.91666666666667,102.18333333333332,130.75,77.08333333333333,113.83333333333333,128.04166666666666,76.7375,115.14583333333333,-25.0,-42.0,0.7379844846824112,1.1019829716152134,12.7036,93.296
2026-04-23 03:44:52.823962,93.0,64.3,91.7,22.5,25.4,10.1,0.34,pm25,23.36,74.0,2.27,1009.0,10000,11.0,Clear,clear sky,3,3,23,4,0,1,106.66666666666667,63.43333333333334,90.16666666666664,117.33333333333333,69.5,99.75,126.83333333333333,75.64999999999999,110.69166666666666,127.375,76.69583333333334,115.325,-8.0,-22.0,0.7011995561483145,1.1288888387160514,17.2864,145.96099999999998
2026-04-23 04:44:52.823962,129.0,71.5,99.0,8.9,22.2,13.7,0.51,pm25,27.96,59.0,1.76,1002.0,10000,22.0,Clear,clear sky,4,3,23,4,0,1,107.66666666666667,61.133333333333326,85.06666666666665,117.83333333333333,69.55,97.38333333333334,128.25,76.02499999999999,110.71666666666665,129.25,77.4625,115.83749999999999,36.0,3.0,0.7222222149270483,2.4943817422042986,16.4964,125.84
2026-04-23 05:44:52.823962,120.0,73.0,98.4,44.4,33.9,12.8,0.35,pm25,26.86,66.0,1.34,1020.0,10000,37.0,Clear,clear sky,5,3,23,4,0,1,114.0,69.60000000000001,96.36666666666666,114.0,66.51666666666667,92.46666666666665,126.83333333333333,75.38333333333333,109.06666666666668,129.25,77.48333333333333,115.19583333333334,-9.0,19.0,0.7418699111598586,0.7635134963172636,17.7276,97.82000000000001
2026-04-23 06:44:52.823962,134.0,84.2,143.4,24.5,30.1,10.1,0.05,pm25,28.21,69.0,5.57,1010.0,10000,20.0,Clear,clear sky,6,3,23,4,0,1,127.66666666666667,76.23333333333333,113.59999999999998,117.16666666666667,69.83333333333333,101.88333333333333,123.75,73.25833333333334,107.48333333333333,130.54166666666666,78.75,117.53750000000001,14.0,41.0,0.5871687546222542,1.228571378425658,19.4649,468.994
2026-04-23 07:44:52.823962,143.0,88.0,124.5,22.4,26.2,20.2,0.69,pm25,27.47,67.0,1.88,1009.0,10000,88.0,Clear,clear sky,7,3,23,4,0,1,132.33333333333334,81.73333333333333,122.09999999999998,120.0,71.43333333333334,103.58333333333333,123.66666666666667,73.25,107.23333333333333,129.16666666666666,77.92916666666666,115.59166666666668,9.0,14.0,0.7068273035596201,1.1696428049266605,18.4049,165.44
2026-04-23 08:44:52.823962,152.0,90.5,131.4,24.7,22.3,14.3,0.24,pm25,28.98,64.0,2.35,1010.0,10000,32.0,Clear,clear sky,8,3,23,4,0,1,143.0,87.56666666666666,133.1,128.5,78.58333333333333,114.73333333333333,124.91666666666667,74.25,108.45833333333333,129.54166666666666,77.80416666666666,114.675,9.0,32.0,0.6887366766458396,0.9028339715451833,18.5472,212.675
2026-04-23 09:44:52.823962,193.0,118.3,165.0,43.0,35.5,15.2,0.38,pm25,33.05,67.0,1.13,1019.0,10000,51.0,Clear,clear sky,9,3,23,4,0,1,162.66666666666666,98.93333333333334,140.29999999999998,145.16666666666666,87.58333333333333,126.94999999999999,131.25,78.54166666666667,113.35000000000001,131.20833333333334,78.88333333333334,115.32083333333333,41.0,59.0,0.7169696926244261,0.8255813761492704,22.1435,133.67899999999997
2026-04-23 10:44:52.823962,140.0,79.0,118.0,45.0,24.0,14.9,0.65,pm25,31.38,60.0,2.91,1020.0,10000,45.0,Clear,clear sky,10,3,23,4,0,1,161.66666666666666,95.93333333333334,138.13333333333333,147.0,88.83333333333333,130.11666666666665,132.41666666666666,79.19166666666666,113.75,132.04166666666666,78.95833333333333,115.72083333333332,-53.0,-3.0,0.6694915197500719,0.5333333214814818,18.828,229.89000000000001
2026-04-23 11:44:52.823962,153.0,96.0,170.2,21.6,22.4,15.4,0.5,pm25,33.03,69.0,6.94,1009.0,10000,63.0,Clear,clear sky,11,3,23,4,0,1,162.0,97.76666666666667,151.06666666666663,152.5,92.66666666666667,142.08333333333334,133.25,79.59166666666665,117.27500000000002,132.41666666666666,79.60000000000001,117.55000000000001,13.0,1.0,0.564042299858741,1.0370369890260651,22.7907,666.24
2026-04-23 12:44:52.823962,150.0,90.2,134.7,28.1,21.2,13.0,0.42,pm25,32.84,65.0,2.91,1012.0,10000,21.0,Clear,clear sky,12,3,23,4,0,1,147.66666666666666,88.39999999999999,140.96666666666667,155.16666666666666,93.66666666666667,140.63333333333333,136.16666666666666,81.75,121.25833333333333,134.33333333333334,80.575,119.05833333333334,-3.0,-43.0,0.6696362236849576,0.7544483717278159,21.346000000000004,262.482
2026-04-23 13:44:52.823962,123.0,79.6,115.3,25.1,11.2,22.3,0.67,pm25,29.96,71.0,2.38,1011.0,10000,59.0,Clear,clear sky,13,3,23,4,0,1,142.0,88.59999999999998,140.06666666666663,151.83333333333334,92.26666666666667,139.1,135.91666666666666,81.85000000000001,121.34166666666668,133.875,80.28750000000001,118.96666666666668,-27.0,-17.0,0.6903729341684914,0.4462151216647361,21.2716,189.44799999999998
2026-04-23 14:44:52.823962,92.0,53.0,89.9,27.6,15.3,4.0,0.25,pm25,26.55,63.0,4.56,1012.0,10000,41.0,Clear,clear sky,14,3,23,4,0,1,121.66666666666667,74.26666666666667,113.29999999999997,141.83333333333334,86.01666666666667,132.18333333333334,135.16666666666666,82.3,123.45833333333333,132.95833333333334,79.69166666666668,118.64583333333333,-31.0,-61.0,0.5895439311507905,0.554347806001891,16.7265,241.67999999999998
2026-04-23 15:44:52.823962,120.0,75.3,110.9,24.4,27.1,13.1,1.09,pm25,28.89,68.0,2.69,1010.0,10000,11.0,Clear,clear sky,15,3,23,4,0,1,111.66666666666667,69.3,105.36666666666666,129.66666666666666,78.85000000000001,123.16666666666667,137.41666666666666,83.21666666666667,125.05833333333334,132.125,79.43333333333334,117.875,28.0,-30.0,0.6789900750316494,1.1106556921862423,19.6452,202.557
2026-04-23 16:44:52.823962,135.0,83.2,116.2,36.3,35.6,10.4,0.46,pm25,29.85,67.0,1.72,1016.0,10000,35.0,Clear,clear sky,16,3,23,4,0,1,115.66666666666667,70.5,105.66666666666664,128.83333333333334,79.55,122.86666666666667,137.91666666666666,84.19166666666668,126.49166666666667,133.08333333333334,80.10833333333333,118.60416666666667,15.0,12.0,0.7160068785197343,0.9807162264265504,19.9995,143.104
2026-04-23 17:44:52.823962,153.0,89.9,172.0,21.8,21.7,14.6,0.52,pm25,28.33,63.0,8.58,1009.0,10000,42.0,Clear,clear sky,17,3,23,4,0,1,136.0,82.8,133.03333333333333,128.83333333333334,78.53333333333333,123.16666666666667,140.66666666666666,85.60000000000001,132.625,133.75,80.49166666666666,120.84583333333335,18.0,61.0,0.5226744155658465,0.9954127983755596,17.8479,771.3420000000001
2026-04-23 18:44:52.823962,158.0,101.9,140.6,42.5,21.2,11.7,0.69,pm25,28.0,72.0,1.16,1019.0,10000,16.0,Clear,clear sky,18,3,23,4,0,1,148.66666666666666,91.66666666666667,142.9333333333333,130.16666666666666,80.48333333333333,124.15000000000002,142.66666666666666,87.075,132.39166666666668,133.20833333333334,80.16666666666667,119.9375,5.0,38.0,0.7247510617016284,0.49882351767474076,20.16,118.204
2026-04-23 19:44:52.823962,154.0,86.0,122.2,37.4,29.8,21.6,0.5,pm25,24.65,58.0,1.98,1017.0,10000,5.0,Clear,clear sky,19,3,23,4,0,1,155.0,92.60000000000001,144.9333333333333,135.33333333333334,81.55,125.3,143.58333333333334,86.90833333333335,132.20000000000002,133.625,80.07916666666667,119.71666666666665,-4.0,19.0,0.7037643150264786,0.796791422545684,14.296999999999999,170.28
2026-04-23 20:44:52.823962,120.0,70.0,101.0,30.8,27.3,6.9,0.71,pm25,23.76,63.0,2.39,1013.0,10000,25.0,Clear,clear sky,20,3,23,4,0,1,144.0,85.96666666666665,121.26666666666665,140.0,84.38333333333334,127.14999999999999,140.91666666666666,85.2,129.66666666666666,132.91666666666666,79.72500000000001,119.0625,-34.0,-33.0,0.6930693000686208,0.8863636075855972,14.968800000000002,167.3
2026-04-23 21:44:52.823962,116.0,73.3,96.0,41.4,20.2,24.4,0.33,pm25,23.38,69.0,0.92,1019.0,10000,68.0,Clear,clear sky,21,3,23,4,0,1,130.0,76.43333333333334,106.39999999999998,139.33333333333334,84.05,124.66666666666667,134.5,81.45,123.91666666666667,132.875,79.99583333333332,118.63333333333333,-4.0,-42.0,0.7635416587131078,0.48792269352843737,16.1322,67.436
2026-04-23 22:44:52.823962,132.0,74.7,101.5,7.1,30.0,9.1,0.5,pm25,25.03,60.0,1.42,1002.0,10000,22.0,Clear,clear sky,22,3,23,4,0,1,122.66666666666667,72.66666666666667,99.49999999999999,138.83333333333334,82.63333333333334,122.21666666666665,133.83333333333334,81.09166666666667,122.54166666666667,133.125,80.14166666666667,118.14583333333333,16.0,-22.0,0.7359605838821618,4.225351517556124,15.018000000000002,106.074
2026-04-23 23:44:52.823962,92.0,54.6,84.2,20.0,11.7,23.0,0.48,pm25,20.99,64.0,3.35,1008.0,10000,18.0,Clear,clear sky,23,3,23,4,0,1,113.33333333333333,67.53333333333333,93.89999999999998,128.66666666666666,76.75,107.58333333333333,128.75,77.64166666666667,115.375,131.0,78.61666666666666,116.325,-40.0,-28.0,0.6484560493057476,0.5849999707500014,13.433599999999998,182.91
2026-04-24 00:44:52.823962,107.0,63.5,94.3,40.5,26.0,16.5,0.39,pm25,25.18,64.0,2.84,1018.0,10000,95.0,Clear,clear sky,0,4,24,4,0,1,110.33333333333333,64.26666666666667,93.33333333333331,120.16666666666667,70.35000000000001,99.86666666666667,125.16666666666667,75.41666666666667,112.00833333333334,130.66666666666666,78.58333333333333,116.63333333333333,15.0,-9.0,0.6733828136438726,0.6419752927907335,16.1152,180.34
2026-04-24 01:44:52.823962,119.0,74.6,119.2,28.6,28.9,20.7,0.59,pm25,26.64,68.0,4.1,1012.0,10000,81.0,Clear,clear sky,1,4,24,4,0,1,106.0,64.23333333333333,99.2333333333333,114.33333333333333,68.45,99.36666666666667,124.83333333333333,75.0,112.33333333333333,130.375,78.425,116.83749999999999,12.0,-13.0,0.62583892092417,1.0104894751577105,18.1152,305.85999999999996
2026-04-24 02:44:52.823962,92.0,57.0,82.4,24.8,16.7,12.3,0.62,pm25,23.33,67.0,2.53,1010.0,10000,89.0,Clear,clear sky,2,4,24,4,0,1,106.0,65.03333333333332,98.63333333333333,109.66666666666667,66.28333333333335,96.26666666666667,124.83333333333333,75.33333333333333,111.70833333333333,130.0,78.81666666666668,117.58333333333333,-27.0,0.0,0.6917475644205392,0.6733870696214891,15.631099999999998,144.20999999999998
2026-04-24 03:44:52.823962,102.0,64.0,107.2,33.3,35.0,13.3,0.58,pm25,24.56,68.0,4.68,1015.0,10000,42.0,Clear,clear sky,3,4,24,4,0,1,104.33333333333333,65.19999999999999,102.93333333333332,107.33333333333333,64.73333333333333,98.13333333333334,123.33333333333333,74.39166666666667,111.39999999999999,130.375,78.80416666666666,118.22916666666667,10.0,-5.0,0.5970149198039653,1.0510510194879576,16.7008,299.52
2026-04-24 04:44:52.823962,97.0,53.1,77.3,19.9,22.3,15.1,0.9,pm25,23.9,60.0,2.64,1008.0,10000,76.0,Clear,clear sky,4,4,24,4,0,1,97.0,58.03333333333333,88.96666666666665,101.5,61.13333333333333,94.10000000000001,120.16666666666667,71.88333333333334,108.15833333333332,129.04166666666666,78.0375,117.325,-5.0,-22.0,0.6869340143993014,1.1206029587636706,14.34,140.184
2026-04-24 05:44:52.823962,122.0,76.1,131.5,53.4,31.0,17.5,0.37,pm25,27.09,68.0,5.59,1025.0,10000,73.0,Clear,clear sky,5,4,24,4,0,1,107.0,64.39999999999999,105.33333333333331,106.5,64.71666666666665,101.98333333333333,117.58333333333333,70.73333333333333,104.78333333333332,129.125,78.16666666666667,118.70416666666667,25.0,30.0,0.5787072199337854,0.5805243336980462,18.4212,425.39899999999994
2026-04-24 06:44:52.823962,118.0,67.9,101.0,38.6,27.4,14.9,0.85,pm25,26.62,62.0,2.88,1017.0,10000,46.0,Clear,clear sky,6,4,24,4,0,1,112.33333333333333,65.7,103.26666666666665,108.33333333333333,65.45,103.10000000000001,114.25,67.89999999999999,101.48333333333333,128.45833333333334,77.4875,116.9375,-4.0,16.0,0.6722772210665623,0.7098445411957373,16.5044,195.55200000000002
2026-04-24 07:44:52.823962,188.0,111.0,166.7,17.1,33.7,12.8,0.64,pm25,31.25,63.0,3.04,1007.0,10000,37.0,Clear,clear sky,7,4,24,4,0,1,142.66666666666666,85.0,133.06666666666663,119.83333333333333,71.51666666666667,111.01666666666665,117.08333333333333,69.98333333333333,105.19166666666666,130.33333333333334,78.44583333333334,118.69583333333333,70.0,91.0,0.6658668226402711,1.9707601186689987,19.6875,337.44
2026-04-24 08:44:52.823962,148.0,85.5,120.6,34.3,14.3,13.5,0.61,pm25,28.6,62.0,1.86,1015.0,10000,24.0,Clear,clear sky,8,4,24,4,0,1,151.33333333333334,88.13333333333333,129.4333333333333,129.16666666666666,76.26666666666667,117.38333333333333,119.41666666666667,71.27499999999999,106.82499999999999,130.16666666666666,78.2375,118.24583333333334,-40.0,26.0,0.7089552180020298,0.4169096088364546,17.732,159.03
2026-04-24 09:44:52.823962,195.0,117.2,177.1,20.8,40.0,16.6,0.06,pm25,33.18,65.0,3.2,1008.0,10000,53.0,Clear,clear sky,9,4,24,4,0,1,177.0,104.56666666666666,154.79999999999998,144.66666666666666,85.13333333333334,129.03333333333333,126.0,74.93333333333334,113.58333333333333,130.25,78.19166666666666,118.75,47.0,77.0,0.6617730058623772,1.923076830621306,21.566999999999997,375.04
2026-04-24 10:44:52.823962,147.0,91.6,143.5,19.5,31.3,2.8,0.66,pm25,32.07,69.0,3.91,1008.0,10000,41.0,Clear,clear sky,10,4,24,4,0,1,163.33333333333334,98.10000000000001,147.06666666666663,153.0,91.55,140.06666666666666,127.25,76.34166666666667,117.08333333333333,130.54166666666666,78.71666666666665,119.8125,-48.0,-41.0,0.6383275216841288,1.6051281228139425,22.1283,358.156
2026-04-24 11:44:52.823962,141.0,88.8,136.0,35.9,28.3,11.8,0.52,pm25,31.83,69.0,3.43,1016.0,10000,14.0,Clear,clear sky,11,4,24,4,0,1,161.0,99.2,152.19999999999996,156.16666666666666,93.66666666666667,140.81666666666666,131.33333333333334,79.19166666666666,121.39999999999999,130.04166666666666,78.41666666666667,118.38749999999999,-6.0,-7.0,0.6529411716695502,0.7883008136963563,21.962699999999998,304.584
2026-04-24 12:44:52.823962,139.0,86.6,138.8,32.9,29.0,13.3,0.42,pm25,31.66,69.0,4.32,1014.0,10000,25.0,Clear,clear sky,12,4,24,4,0,1,142.33333333333334,89.0,139.4333333333333,159.66666666666666,96.78333333333335,147.11666666666667,134.0,81.11666666666666,125.10833333333333,129.58333333333334,78.26666666666667,118.55833333333334,-2.0,-56.0,0.6239193038622528,0.8814589397732846,21.845399999999998,374.112
2026-04-24 13:44:52.823962,110.0,65.5,103.2,25.2,24.1,5.1,0.67,pm25,28.64,65.0,3.75,1011.0,10000,31.0,Clear,clear sky,13,4,24,4,0,1,130.0,80.3,125.99999999999999,146.66666666666666,89.2,136.53333333333333,133.25,80.35833333333333,123.77499999999999,129.04166666666666,77.67916666666666,118.05416666666666,-29.0,-37.0,0.6346899163305241,0.9563491683988425,18.616,245.625
2026-04-24 14:44:52.823962,108.0,74.8,120.2,35.2,33.4,14.0,0.24,pm25,28.15,75.0,4.21,1016.0,10000,43.0,Clear,clear sky,14,4,24,4,0,1,119.0,75.63333333333333,120.7333333333333,140.0,87.41666666666667,136.46666666666667,134.58333333333334,81.84166666666665,126.92500000000001,129.70833333333334,78.58749999999999,119.31666666666666,-2.0,-33.0,0.6222961678677523,0.9488636094072838,21.1125,314.90799999999996
2026-04-24 15:44:52.823962,147.0,84.4,128.2,14.0,12.6,17.1,0.32,pm25,31.67,61.0,3.23,1005.0,10000,2.0,Clear,clear sky,15,4,24,4,0,1,121.66666666666667,74.89999999999999,117.19999999999997,132.0,81.95,128.31666666666666,138.33333333333334,83.54166666666667,128.67499999999998,130.83333333333334,78.96666666666667,120.03750000000001,39.0,8.0,0.6583463287180474,0.8999999357142904,19.3187,272.612
2026-04-24 16:44:52.823962,153.0,92.2,141.4,0.7,35.3,15.8,0.41,pm25,31.58,66.0,3.45,998.0,10000,54.0,Clear,clear sky,16,4,24,4,0,1,136.0,83.8,129.9333333333333,133.0,82.05,127.96666666666665,143.0,86.8,134.01666666666668,131.58333333333334,79.34166666666667,121.08749999999999,6.0,43.0,0.6520509147662594,50.42849938785801,20.842799999999997,318.09000000000003
2026-04-24 17:44:52.823962,184.0,111.5,161.4,13.0,16.8,8.3,0.48,pm25,30.9,66.0,2.12,1004.0,10000,7.0,Clear,clear sky,17,4,24,4,0,1,161.33333333333334,96.03333333333335,143.66666666666663,140.16666666666666,85.83333333333333,132.20000000000002,148.16666666666666,89.75,136.50833333333335,132.875,80.24166666666667,120.64583333333333,31.0,76.0,0.690830231159664,1.292307592899416,20.394,236.38000000000002
2026-04-24 18:44:52.823962,177.0,104.0,161.8,16.4,10.9,16.0,0.21,pm25,29.59,63.0,3.87,1006.0,10000,53.0,Clear,clear sky,18,4,24,4,0,1,171.33333333333334,102.56666666666666,154.86666666666667,146.5,88.73333333333333,136.03333333333333,153.08333333333334,92.75833333333333,141.57500000000002,133.66666666666666,80.32916666666667,121.52916666666665,-7.0,30.0,0.6427688464600194,0.6646341058149936,18.6417,402.48
2026-04-24 19:44:52.823962,195.0,115.7,189.4,28.7,22.8,24.0,0.76,pm25,28.06,64.0,5.37,1012.0,10000,71.0,Clear,clear sky,19,4,24,4,0,1,185.33333333333334,110.39999999999999,170.86666666666665,160.66666666666666,97.10000000000001,150.4,153.66666666666666,93.14999999999999,143.46666666666667,135.375,81.56666666666666,124.32916666666667,18.0,42.0,0.610876448728213,0.7944250594276983,17.958399999999997,621.3090000000001
2026-04-24 20:44:52.823962,148.0,87.4,142.1,12.4,18.5,11.6,0.72,pm25,26.63,64.0,4.64,1004.0,10000,97.0,Clear,clear sky,20,4,24,4,0,1,173.33333333333334,102.36666666666667,164.4333333333333,167.33333333333334,99.2,154.04999999999998,153.66666666666666,93.30833333333334,145.25833333333335,136.54166666666666,82.29166666666667,126.04166666666667,-47.0,-36.0,0.6150598127019015,1.4919353635535997,17.0432,405.536
2026-04-24 21:44:52.823962,118.0,69.2,108.9,41.3,22.8,15.1,0.57,pm25,23.58,63.0,3.78,1019.0,10000,52.0,Clear,clear sky,21,4,24,4,0,1,153.66666666666666,90.76666666666667,146.79999999999998,162.5,96.66666666666667,150.83333333333334,147.25,89.30833333333334,139.57500000000002,136.625,82.12083333333334,126.57916666666667,-30.0,-59.0,0.6354453568829628,0.5520580980131212,14.8554,261.576
2026-04-24 22:44:52.823962,123.0,79.6,122.4,25.5,23.6,7.2,0.56,pm25,24.14,71.0,3.45,1011.0,10000,23.0,Clear,clear sky,22,4,24,4,0,1,129.66666666666666,78.73333333333333,124.46666666666665,157.5,94.56666666666666,147.66666666666666,145.25,88.30833333333334,137.81666666666666,136.25,82.325,127.45,5.0,-72.0,0.6503267920724934,0.9254901597846996,17.139400000000002,274.62
2026-04-24 23:44:52.823962,142.0,81.5,119.7,34.7,27.7,17.0,0.67,pm25,26.05,61.0,2.62,1015.0,10000,85.0,Clear,clear sky,23,4,24,4,0,1,127.66666666666667,76.76666666666667,116.99999999999999,150.5,89.56666666666666,140.71666666666667,145.33333333333334,87.7,136.45833333333334,138.33333333333334,83.44583333333334,128.92916666666665,19.0,-6.0,0.6808688330754483,0.7982708703668336,15.8905,213.53
2026-04-25 00:44:52.823962,90.0,50.7,69.3,13.4,19.4,10.7,0.48,pm25,23.07,62.0,1.97,1005.0,10000,21.0,Clear,clear sky,0,5,25,4,1,1,118.33333333333333,70.60000000000001,103.8,136.0,80.68333333333332,125.30000000000001,141.25,84.70833333333333,130.66666666666666,137.625,82.91250000000001,127.8875,-52.0,-28.0,0.7316017210447083,1.4477610859879786,14.3034,99.879
2026-04-25 01:44:52.823962,99.0,59.2,82.3,24.0,17.0,9.7,0.84,pm25,24.2,65.0,2.02,1010.0,10000,29.0,Clear,clear sky,1,5,25,4,1,1,110.33333333333333,63.800000000000004,90.43333333333332,120.0,71.26666666666667,107.45,140.33333333333334,84.18333333333334,128.92499999999998,136.79166666666666,82.27083333333333,126.35000000000001,9.0,-24.0,0.7193195538357284,0.7083333038194456,15.73,119.584
2026-04-25 02:44:52.823962,108.0,61.3,94.5,40.6,29.2,13.8,0.27,pm25,25.27,62.0,3.38,1018.0,10000,31.0,Clear,clear sky,2,5,25,4,1,1,99.0,57.06666666666666,82.03333333333332,113.33333333333333,66.91666666666667,99.51666666666667,140.33333333333334,83.05833333333334,126.78333333333332,137.45833333333334,82.45,126.85416666666667,9.0,-34.0,0.6486772418129392,0.7192118049455221,15.6674,207.194
2026-04-25 03:44:52.823962,93.0,54.2,89.2,32.2,20.9,20.7,0.41,pm25,23.35,64.0,4.18,1014.0,10000,81.0,Clear,clear sky,3,5,25,4,1,1,100.0,58.23333333333333,88.66666666666664,109.16666666666667,64.41666666666667,96.23333333333333,135.83333333333334,80.54166666666667,123.53333333333335,137.08333333333334,82.04166666666667,126.10416666666667,-15.0,3.0,0.6076233115737297,0.6490683028239657,14.944,226.55599999999998
2026-04-25 04:44:52.823962,102.0,59.9,94.0,24.9,7.3,15.6,0.58,pm25,24.58,64.0,3.62,1010.0,10000,5.0,Clear,clear sky,4,5,25,4,1,1,101.0,58.46666666666667,92.56666666666665,105.66666666666667,61.13333333333333,91.5,131.58333333333334,77.85000000000001,119.58333333333333,137.29166666666666,82.325,126.8,9.0,3.0,0.637234035774106,0.29317267898904903,15.7312,216.838
2026-04-25 05:44:52.823962,89.0,52.3,74.3,29.8,14.0,22.7,0.74,pm25,22.87,64.0,2.37,1013.0,10000,63.0,Clear,clear sky,5,5,25,4,1,1,94.66666666666667,55.46666666666667,85.83333333333331,96.83333333333333,56.26666666666667,83.93333333333332,123.66666666666667,72.91666666666667,112.32499999999999,135.91666666666666,81.33333333333333,124.41666666666667,-13.0,-19.0,0.7039030860847498,0.4697986419530657,14.636800000000001,123.951
2026-04-25 06:44:52.823962,123.0,76.5,109.7,27.5,38.7,11.5,0.51,pm25,27.06,68.0,2.24,1012.0,10000,42.0,Clear,clear sky,6,5,25,4,1,1,104.66666666666667,62.9,92.66666666666664,102.33333333333333,60.56666666666666,90.66666666666667,119.16666666666667,70.625,107.98333333333333,136.125,81.69166666666668,124.77916666666665,34.0,30.0,0.6973564202611083,1.4072726760991754,18.4008,171.36
2026-04-25 07:44:52.823962,156.0,86.0,151.2,37.4,18.2,18.9,0.48,pm25,28.6,57.0,6.34,1017.0,10000,74.0,Clear,clear sky,7,5,25,4,1,1,122.66666666666667,71.60000000000001,111.7333333333333,111.83333333333333,65.03333333333332,102.14999999999999,115.91666666666667,68.14999999999999,104.80000000000001,134.79166666666666,80.65,124.13333333333333,33.0,54.0,0.5687830650212761,0.4866310030312566,16.302,545.24
2026-04-25 08:44:52.823962,135.0,74.5,112.5,31.4,21.1,16.9,0.48,pm25,27.49,59.0,3.11,1014.0,10000,78.0,Clear,clear sky,8,5,25,4,1,1,138.0,79.0,124.46666666666664,116.33333333333333,67.23333333333333,105.14999999999999,114.83333333333333,67.075,102.33333333333333,134.25,80.19166666666668,123.79583333333333,-21.0,46.0,0.6622222163358026,0.6719745008925319,16.219099999999997,231.695
2026-04-25 09:44:52.823962,152.0,85.8,121.8,27.5,16.8,20.6,0.76,pm25,29.6,60.0,1.97,1012.0,10000,68.0,Clear,clear sky,9,5,25,4,1,1,147.66666666666666,82.10000000000001,128.49999999999997,126.16666666666667,72.49999999999999,110.58333333333333,117.66666666666667,68.45833333333333,103.40833333333332,132.45833333333334,78.88333333333334,121.49166666666667,17.0,29.0,0.7044334917534196,0.6109090686942157,17.76,169.02599999999998
2026-04-25 10:44:52.823962,135.0,79.4,117.9,18.2,19.3,12.7,0.21,pm25,30.88,63.0,2.82,1007.0,10000,96.0,Clear,clear sky,10,5,25,4,1,1,140.66666666666666,79.9,117.39999999999998,131.66666666666666,75.75,114.56666666666666,118.66666666666667,68.44166666666668,103.03333333333335,131.95833333333334,78.375,120.42500000000001,-17.0,-21.0,0.673452072320169,1.0604395021736537,19.4544,223.90800000000002
2026-04-25 11:44:52.823962,108.0,76.0,104.5,28.8,31.2,17.5,0.6,pm25,28.44,76.0,1.58,1012.0,10000,72.0,Clear,clear sky,11,5,25,4,1,1,131.66666666666666,80.4,114.7333333333333,134.83333333333334,79.7,119.60000000000001,115.83333333333333,67.98333333333333,101.76666666666667,130.58333333333334,77.84166666666665,119.11250000000001,-27.0,-27.0,0.7272727203131797,1.0833332957175938,21.6144,120.08000000000001
2026-04-25 12:44:52.823962,137.0,85.8,124.7,25.4,28.7,10.1,0.52,pm25,31.5,69.0,2.39,1011.0,10000,16.0,Clear,clear sky,12,5,25,4,1,1,126.66666666666667,80.40000000000002,115.69999999999997,137.16666666666666,81.25,122.09999999999998,119.75,70.90833333333333,106.38333333333333,130.5,77.80833333333334,118.52499999999999,29.0,-15.0,0.6880513176579686,1.1299212153574325,21.735,205.062
2026-04-25 13:44:52.823962,157.0,104.8,159.0,21.5,20.7,19.4,0.17,pm25,33.46,75.0,3.28,1009.0,10000,83.0,Clear,clear sky,13,5,25,4,1,1,134.0,88.86666666666667,129.39999999999998,137.33333333333334,84.38333333333334,123.40000000000002,124.58333333333333,74.70833333333333,112.77500000000002,132.45833333333334,79.44583333333334,120.85000000000001,20.0,22.0,0.6591194927099403,0.9627906528934579,25.095,343.74399999999997
2026-04-25 14:44:52.823962,173.0,103.6,156.7,2.5,25.3,5.3,0.5,pm25,34.74,65.0,3.2,999.0,10000,31.0,Clear,clear sky,14,5,25,4,1,1,155.66666666666666,98.06666666666666,146.79999999999998,143.66666666666666,89.23333333333333,130.76666666666668,130.0,78.23333333333333,117.95833333333333,135.16666666666666,80.64583333333333,122.37083333333334,16.0,65.0,0.6611359243067267,10.119995952001618,22.581,331.52
2026-04-25 15:44:52.823962,115.0,65.9,98.1,44.3,24.7,23.2,0.37,pm25,28.39,62.0,2.9,1020.0,10000,75.0,Clear,clear sky,15,5,25,4,1,1,148.33333333333334,91.43333333333334,137.9333333333333,137.5,85.91666666666667,126.81666666666666,131.83333333333334,79.20833333333333,118.7,133.83333333333334,79.875,121.11666666666667,-58.0,-22.0,0.67176349977815,0.5575620641633846,17.6018,191.11
2026-04-25 16:44:52.823962,152.0,80.2,115.4,36.2,34.5,13.4,0.37,pm25,31.54,54.0,2.27,1016.0,10000,41.0,Clear,clear sky,16,5,25,4,1,1,146.66666666666666,83.23333333333333,123.39999999999998,140.33333333333334,86.05,126.39999999999999,136.0,80.89999999999999,120.48333333333333,133.79166666666666,79.375,120.03333333333335,37.0,-5.0,0.6949739974438995,0.9530386477061147,17.031599999999997,182.054
2026-04-25 17:44:52.823962,166.0,101.7,146.4,28.9,24.7,23.4,0.26,pm25,29.45,67.0,2.08,1012.0,10000,29.0,Clear,clear sky,17,5,25,4,1,1,144.33333333333334,82.60000000000001,119.96666666666665,150.0,90.33333333333333,133.38333333333333,142.41666666666666,85.01666666666667,126.49166666666667,133.04166666666666,78.96666666666665,119.40833333333332,14.0,-7.0,0.6946721264025129,0.8546712507034169,19.731499999999997,211.536
2026-04-25 18:44:52.823962,143.0,88.3,146.6,35.7,15.5,11.6,0.75,pm25,26.67,68.0,5.12,1016.0,10000,34.0,Clear,clear sky,18,5,25,4,1,1,153.66666666666666,90.06666666666668,136.1333333333333,151.0,90.75,137.03333333333333,144.08333333333334,86.0,129.56666666666666,131.625,78.3125,118.77500000000002,-23.0,28.0,0.6023192319077815,0.43417365730606,18.1356,452.096
2026-04-25 19:44:52.823962,177.0,106.8,154.3,37.6,29.5,14.5,0.4,pm25,26.57,66.0,2.13,1017.0,10000,42.0,Clear,clear sky,19,5,25,4,1,1,162.0,98.93333333333334,149.1,154.33333333333334,91.08333333333333,136.25,145.83333333333334,87.73333333333333,129.82500000000002,130.875,77.94166666666668,117.3125,34.0,25.0,0.692158129020362,0.7845744472187647,17.5362,227.48399999999998
2026-04-25 20:44:52.823962,121.0,73.4,112.1,54.9,36.8,12.3,0.55,pm25,23.92,66.0,3.31,1025.0,10000,41.0,Clear,clear sky,20,5,25,4,1,1,147.0,89.5,137.66666666666666,145.66666666666666,86.05,128.81666666666666,144.66666666666666,87.64166666666667,129.79166666666666,129.75,77.35833333333333,116.0625,-56.0,-45.0,0.6547725186907002,0.6703096417065639,15.7872,242.95400000000004
2026-04-25 21:44:52.823962,105.0,55.1,66.9,29.4,21.3,16.7,0.41,pm25,22.32,57.0,0.64,1013.0,10000,22.0,Clear,clear sky,21,5,25,4,1,1,134.33333333333334,78.43333333333334,111.09999999999998,144.0,84.25,123.61666666666667,140.75,85.08333333333333,125.21666666666665,129.20833333333334,76.77083333333333,114.3125,-16.0,-38.0,0.8236173270012358,0.7244897712758581,12.7224,35.264
2026-04-25 22:44:52.823962,131.0,74.9,102.5,34.5,26.7,18.7,0.48,pm25,24.91,61.0,1.52,1015.0,10000,91.0,Clear,clear sky,22,5,25,4,1,1,119.0,67.8,93.83333333333331,140.5,83.36666666666666,121.46666666666665,140.41666666666666,84.70833333333333,123.93333333333332,129.54166666666666,76.575,113.48333333333333,26.0,-46.0,0.7307317001879835,0.7739130210459995,15.1951,113.84800000000001
2026-04-25 23:44:52.823962,121.0,77.4,121.9,40.5,34.3,10.5,0.79,pm25,23.93,70.0,3.87,1018.0,10000,82.0,Clear,clear sky,23,5,25,4,1,1,119.0,69.13333333333334,97.09999999999998,133.0,79.31666666666666,117.38333333333334,141.5,84.825,125.38333333333333,128.66666666666666,76.40416666666667,113.575,-10.0,0.0,0.6349466723958436,0.8469135593354676,16.750999999999998,299.538
2026-04-26 00:44:52.823962,126.0,70.9,108.5,31.8,39.0,17.9,0.53,pm25,27.53,61.0,3.31,1014.0,10000,8.0,Clear,clear sky,0,6,26,4,1,1,126.0,74.4,110.96666666666665,130.16666666666666,76.41666666666667,111.03333333333335,140.58333333333334,83.58333333333333,124.03333333333335,130.16666666666666,77.24583333333334,115.20833333333333,5.0,21.0,0.6534562151755188,1.2264150557731115,16.793300000000002,234.67900000000003
2026-04-26 01:44:52.823962,111.0,75.5,115.5,26.9,16.2,11.6,0.38,pm25,25.64,74.0,3.35,1011.0,10000,33.0,Clear,clear sky,1,6,26,4,1,1,119.33333333333333,74.60000000000001,115.3,119.16666666666667,71.2,104.56666666666666,136.75,81.14166666666667,120.40833333333335,130.66666666666666,77.925,116.59166666666665,-15.0,-20.0,0.6536796480200896,0.602230460883626,18.9736,252.925
2026-04-26 02:44:52.823962,109.0,67.4,110.4,43.7,27.8,21.2,0.52,pm25,25.39,67.0,4.4,1020.0,10000,75.0,Clear,clear sky,2,6,26,4,1,1,115.33333333333333,71.26666666666667,111.46666666666665,117.16666666666667,70.2,104.28333333333335,131.41666666666666,78.12500000000001,116.55000000000001,130.70833333333334,78.17916666666666,117.25416666666666,-2.0,-12.0,0.6105072408468547,0.6361555918499865,17.011300000000002,296.56000000000006
2026-04-26 03:44:52.823962,116.0,59.6,91.2,39.4,39.7,11.0,0.7,pm25,26.35,55.0,3.27,1018.0,10000,99.0,Clear,clear sky,3,6,26,4,1,1,112.0,67.5,105.69999999999999,119.0,70.95,108.33333333333333,131.5,77.60000000000001,115.97500000000001,131.66666666666666,78.40416666666667,117.33749999999999,7.0,-10.0,0.6535087647641583,1.0076141876240055,14.4925,194.892
2026-04-26 04:44:52.823962,120.0,74.0,120.6,26.7,22.5,14.0,0.6,pm25,26.83,67.0,4.44,1011.0,10000,24.0,Clear,clear sky,4,6,26,4,1,1,115.0,67.0,107.39999999999998,117.16666666666667,70.8,111.35000000000001,128.83333333333334,77.08333333333333,116.40833333333335,132.41666666666666,78.99166666666667,118.44583333333333,4.0,9.0,0.613598668212283,0.8426965976518128,17.9761,328.56
2026-04-26 05:44:52.823962,99.0,54.9,88.1,31.1,32.4,22.9,0.21,pm25,24.2,60.0,3.86,1014.0,10000,69.0,Clear,clear sky,5,6,26,4,1,1,111.66666666666667,62.833333333333336,99.96666666666664,113.5,67.05,105.71666666666668,123.25,73.18333333333334,111.55,132.83333333333334,79.1,119.02083333333333,-21.0,-10.0,0.6231554980345574,1.0418006095884047,14.52,211.914
2026-04-26 06:44:52.823962,127.0,71.8,104.6,30.2,24.5,11.5,0.63,pm25,27.53,60.0,2.52,1013.0,10000,6.0,Clear,clear sky,6,6,26,4,1,1,115.33333333333333,66.89999999999999,104.43333333333332,113.66666666666667,67.2,105.06666666666666,121.91666666666667,71.80833333333334,108.05000000000001,133.0,78.90416666666665,118.80833333333334,28.0,11.0,0.6864244676250051,0.8112582512828393,16.518,180.936
2026-04-26 07:44:52.823962,153.0,85.8,140.0,31.6,20.0,17.9,0.44,pm25,28.31,59.0,4.69,1014.0,10000,78.0,Clear,clear sky,7,6,26,4,1,1,126.33333333333333,70.83333333333333,110.89999999999998,120.66666666666667,68.91666666666667,109.15000000000002,119.91666666666667,70.05833333333332,106.85833333333335,132.875,78.89583333333333,118.34166666666668,26.0,33.0,0.6128571384795919,0.6329113723762223,16.7029,402.40200000000004
2026-04-26 08:44:52.823962,155.0,92.5,135.8,27.9,9.4,10.2,0.65,pm25,29.24,64.0,2.56,1012.0,10000,43.0,Clear,clear sky,8,6,26,4,1,1,145.0,83.36666666666666,126.8,128.33333333333334,73.10000000000001,113.38333333333333,122.75,71.64999999999999,108.83333333333333,133.70833333333334,79.64583333333333,119.3125,2.0,56.0,0.6811487431432346,0.33691755064811646,18.7136,236.8
2026-04-26 09:44:52.823962,168.0,109.2,165.3,30.8,35.6,16.7,0.59,pm25,30.96,73.0,3.22,1013.0,10000,58.0,Clear,clear sky,9,6,26,4,1,1,158.66666666666666,95.83333333333333,147.03333333333333,137.0,81.36666666666666,125.73333333333335,128.0,76.15833333333333,117.03333333333332,134.375,80.62083333333334,121.125,13.0,41.0,0.6606170558946336,1.1558441183167494,22.6008,351.624
2026-04-26 10:44:52.823962,125.0,80.9,123.9,13.9,28.1,8.3,0.59,pm25,29.89,71.0,3.39,1005.0,10000,21.0,Clear,clear sky,10,6,26,4,1,1,149.33333333333334,94.2,141.66666666666666,137.83333333333334,82.51666666666667,126.28333333333335,127.5,76.65833333333333,118.81666666666668,133.95833333333334,80.68333333333334,121.375,-43.0,-28.0,0.652945918862422,2.0215825883753533,21.2219,274.25100000000003
2026-04-26 11:44:52.823962,160.0,93.9,138.0,34.2,32.1,18.4,0.42,pm25,33.69,63.0,2.58,1015.0,10000,72.0,Clear,clear sky,11,6,26,4,1,1,151.0,94.66666666666667,142.39999999999998,148.0,89.01666666666667,134.6,130.75,78.03333333333335,120.15833333333335,136.125,81.42916666666667,122.77083333333333,35.0,5.0,0.6804347776780089,0.9385964637837292,21.2247,242.26200000000003
2026-04-26 12:44:52.823962,142.0,85.0,129.2,24.8,30.8,17.3,0.17,pm25,32.01,65.0,3.26,1010.0,10000,72.0,Clear,clear sky,12,6,26,4,1,1,142.33333333333334,86.60000000000001,130.36666666666665,150.5,91.21666666666665,138.70000000000002,132.08333333333334,79.20833333333333,121.88333333333334,136.33333333333334,81.39583333333333,122.95833333333333,-18.0,-26.0,0.6578947317500409,1.241935433792926,20.8065,277.09999999999997
2026-04-26 13:44:52.823962,125.0,71.2,91.4,25.4,19.6,13.5,0.16,pm25,30.21,61.0,0.68,1011.0,10000,32.0,Clear,clear sky,13,6,26,4,1,1,142.33333333333334,83.36666666666667,119.53333333333332,145.83333333333334,88.78333333333335,130.60000000000002,133.25,78.85,119.875,135.0,79.99583333333334,120.14166666666667,-17.0,0.0,0.7789934269256736,0.7716535129270271,18.4281,48.416000000000004
2026-04-26 14:44:52.823962,131.0,80.0,122.6,42.6,30.1,5.0,0.56,pm25,30.46,67.0,3.39,1019.0,10000,34.0,Clear,clear sky,14,6,26,4,1,1,132.66666666666666,78.73333333333333,114.39999999999998,141.83333333333334,86.7,128.4,135.08333333333334,79.89999999999999,120.89166666666667,133.25,79.0125,118.72083333333332,6.0,-29.0,0.6525285428015617,0.7065727533668368,20.4082,271.2
2026-04-26 15:44:52.823962,146.0,84.7,122.7,39.4,38.6,16.9,0.44,pm25,31.49,62.0,2.35,1018.0,10000,55.0,Clear,clear sky,15,6,26,4,1,1,134.0,78.63333333333334,112.2333333333333,138.16666666666666,82.61666666666667,121.3,137.58333333333334,81.99166666666666,123.51666666666665,134.54166666666666,79.79583333333333,119.74583333333334,15.0,4.0,0.6903015428663282,0.9796954066067157,19.523799999999998,199.04500000000002
2026-04-26 16:44:52.823962,140.0,86.3,133.7,36.5,15.6,18.8,0.59,pm25,30.3,67.0,3.64,1016.0,10000,67.0,Clear,clear sky,16,6,26,4,1,1,139.0,83.66666666666667,126.3333333333333,140.66666666666666,83.51666666666667,122.93333333333332,139.25,83.01666666666667,124.60833333333333,134.04166666666666,80.05,120.50833333333333,-6.0,15.0,0.6454749390764777,0.427397248564459,20.301000000000002,314.132
2026-04-26 17:44:52.823962,197.0,115.0,164.8,46.1,21.1,8.5,0.57,pm25,32.02,62.0,1.84,1021.0,10000,21.0,Clear,clear sky,17,6,26,4,1,1,161.0,95.33333333333333,140.39999999999998,146.83333333333334,87.03333333333335,127.39999999999999,147.41666666666666,88.02499999999999,131.0,135.33333333333334,80.60416666666667,121.27500000000002,57.0,66.0,0.6978155297462649,0.45770064083078876,19.852400000000003,211.60000000000002
2026-04-26 18:44:52.823962,154.0,98.5,155.8,28.5,19.6,11.1,0.57,pm25,27.63,71.0,4.21,1012.0,10000,21.0,Clear,clear sky,18,6,26,4,1,1,163.66666666666666,99.93333333333334,151.4333333333333,148.83333333333334,89.28333333333335,131.83333333333334,149.66666666666666,90.25,135.26666666666668,135.79166666666666,81.02916666666667,121.65833333333332,-43.0,8.0,0.6322207918342696,0.6877192741151132,19.6173,414.685
2026-04-26 19:44:52.823962,172.0,106.1,158.8,30.6,21.2,14.4,0.76,pm25,26.12,68.0,2.94,1013.0,10000,39.0,Clear,clear sky,19,6,26,4,1,1,174.33333333333334,106.53333333333332,159.79999999999998,156.66666666666666,95.10000000000001,143.06666666666666,151.25,91.94166666666666,136.83333333333334,135.58333333333334,81.0,121.84583333333335,18.0,32.0,0.6681360159437277,0.6928104348754759,17.7616,311.93399999999997
2026-04-26 20:44:52.823962,110.0,65.2,102.2,26.9,27.6,21.1,0.96,pm25,22.74,64.0,3.65,1011.0,10000,82.0,Clear,clear sky,20,6,26,4,1,1,145.33333333333334,89.93333333333332,138.9333333333333,153.16666666666666,92.63333333333333,139.66666666666669,147.5,89.66666666666667,134.03333333333333,135.125,80.65833333333335,121.43333333333334,-62.0,-87.0,0.6379647687087596,1.026022266690622,14.5536,237.98000000000002
2026-04-26 21:44:52.823962,126.0,76.0,117.3,31.8,39.8,17.6,0.34,pm25,24.4,65.0,3.5,1014.0,10000,55.0,Clear,clear sky,21,6,26,4,1,1,136.0,82.43333333333332,126.09999999999998,149.83333333333334,91.18333333333332,138.76666666666668,144.0,86.89999999999999,130.03333333333333,136.0,81.52916666666667,123.53333333333335,16.0,-28.0,0.6479113329248821,1.251572287686406,15.86,266.0
2026-04-26 22:44:52.823962,130.0,78.0,114.1,29.2,17.2,25.5,0.03,pm25,24.79,65.0,2.56,1013.0,10000,62.0,Clear,clear sky,22,6,26,4,1,1,122.0,73.06666666666666,111.19999999999997,148.16666666666666,89.8,135.50000000000003,144.41666666666666,86.65833333333335,129.21666666666667,135.95833333333334,81.65833333333335,124.01666666666667,4.0,-42.0,0.6836108616686165,0.5890410757177713,16.1135,199.68
2026-04-26 23:44:52.823962,110.0,64.6,81.4,29.4,19.1,16.0,0.47,pm25,22.73,64.0,0.68,1013.0,10000,61.0,Clear,clear sky,23,6,26,4,1,1,122.0,72.86666666666666,104.26666666666665,133.66666666666666,81.39999999999999,121.60000000000001,140.25,84.21666666666665,124.5,135.5,81.125,122.32916666666667,-20.0,0.0,0.7936117838622629,0.6496598418483047,14.5472,43.928
2026-04-27 00:44:52.823962,122.0,76.4,122.4,21.7,28.1,1.2,0.1,pm25,27.12,68.0,4.19,1009.0,10000,43.0,Clear,clear sky,0,0,27,4,0,1,120.66666666666667,73.0,105.96666666666664,128.33333333333334,77.71666666666667,116.03333333333332,138.58333333333334,83.5,123.93333333333334,135.33333333333334,81.35416666666667,122.90833333333335,12.0,-4.0,0.6241830014364134,1.2949308159018058,18.4416,320.11600000000004
2026-04-27 01:44:52.823962,106.0,68.0,102.9,26.7,19.2,13.9,0.7,pm25,25.0,70.0,3.15,1011.0,10000,32.0,Clear,clear sky,1,0,27,4,0,1,112.66666666666667,69.66666666666667,102.2333333333333,117.33333333333333,71.36666666666666,106.71666666666665,137.0,83.23333333333333,124.89166666666667,135.125,81.04166666666667,122.38333333333334,-16.0,-24.0,0.660835756454463,0.7191010966628802,17.5,214.2
2026-04-27 02:44:52.823962,92.0,53.5,79.9,19.5,26.6,11.3,0.62,pm25,23.28,63.0,2.93,1008.0,10000,8.0,Clear,clear sky,2,0,27,4,0,1,106.66666666666667,65.96666666666667,101.7333333333333,114.33333333333333,69.41666666666667,103.0,133.75,81.02499999999999,121.33333333333333,134.41666666666666,80.4625,121.1125,-14.0,-18.0,0.6695869753493495,1.36410249414859,14.666400000000001,156.755
2026-04-27 03:44:52.823962,89.0,49.2,82.7,42.2,12.3,21.2,0.38,pm25,22.88,61.0,4.33,1019.0,10000,99.0,Clear,clear sky,3,0,27,4,0,1,95.66666666666667,56.9,88.49999999999999,108.16666666666667,64.95,97.23333333333333,129.0,78.06666666666666,118.00000000000001,133.29166666666666,80.02916666666667,120.75833333333334,-3.0,-33.0,0.5949213954664886,0.29146918740594346,13.956799999999998,213.03600000000003
2026-04-27 04:44:52.823962,89.0,57.7,84.3,15.4,14.2,11.4,0.59,pm25,22.9,69.0,2.67,1006.0,10000,37.0,Clear,clear sky,4,0,27,4,0,1,90.0,53.46666666666667,82.29999999999997,101.33333333333333,61.56666666666666,92.26666666666667,124.75,75.68333333333334,113.88333333333334,132.0,79.35,119.24583333333334,0.0,-17.0,0.6844602528533779,0.9220778622027362,15.800999999999998,154.059
2026-04-27 05:44:52.823962,97.0,63.6,88.2,19.1,13.3,16.8,0.3,pm25,23.96,70.0,1.92,1008.0,10000,57.0,Clear,clear sky,5,0,27,4,0,1,91.66666666666667,56.833333333333336,85.06666666666665,99.16666666666667,61.4,93.39999999999999,116.41666666666667,71.4,107.50000000000001,131.91666666666666,79.7125,119.25,8.0,5.0,0.7210884271985439,0.6963350420766993,16.772000000000002,122.112
2026-04-27 06:44:52.823962,112.0,64.1,101.6,31.4,28.5,6.1,0.71,pm25,25.99,62.0,3.81,1014.0,10000,29.0,Clear,clear sky,6,0,27,4,0,1,99.33333333333333,61.79999999999999,91.36666666666663,97.5,59.35,89.93333333333334,112.91666666666667,68.53333333333333,102.98333333333333,131.29166666666666,79.39166666666667,119.125,15.0,23.0,0.6309055056013237,0.9076432831960738,16.113799999999998,244.22099999999998
2026-04-27 07:44:52.823962,171.0,106.2,143.0,40.1,11.3,21.7,0.73,pm25,29.87,68.0,0.56,1018.0,10000,59.0,Clear,clear sky,7,0,27,4,0,1,126.66666666666667,77.96666666666665,110.9333333333333,108.33333333333333,65.71666666666667,96.61666666666667,112.83333333333333,68.54166666666667,101.66666666666667,132.04166666666666,80.24166666666666,119.25,59.0,82.0,0.7426573374639347,0.28179550419462585,20.311600000000002,59.47200000000001
2026-04-27 08:44:52.823962,145.0,91.0,130.0,27.8,21.6,9.9,0.54,pm25,28.36,69.0,2.03,1012.0,10000,16.0,Clear,clear sky,8,0,27,4,0,1,142.66666666666666,87.10000000000001,124.86666666666663,117.16666666666667,71.96666666666667,104.96666666666665,115.75,70.69166666666666,103.98333333333333,131.625,80.17916666666666,119.00833333333333,-26.0,48.0,0.6999999946153846,0.7769783893173241,19.5684,184.73
2026-04-27 09:44:52.823962,177.0,110.2,169.4,23.6,25.1,16.1,0.68,pm25,31.66,69.0,3.62,1010.0,10000,99.0,Clear,clear sky,9,0,27,4,0,1,164.33333333333334,102.46666666666665,147.4666666666666,131.83333333333334,82.13333333333334,119.41666666666667,120.0,73.54166666666667,108.325,132.0,80.22083333333333,119.17916666666667,32.0,65.0,0.650531283054715,1.0635592769678273,21.845399999999998,398.92400000000004
2026-04-27 10:44:52.823962,137.0,87.9,127.7,22.1,27.3,17.9,0.7,pm25,31.15,70.0,2.37,1009.0,10000,90.0,Clear,clear sky,10,0,27,4,0,1,153.0,96.36666666666667,142.36666666666665,139.83333333333334,87.16666666666667,126.64999999999999,120.58333333333333,74.36666666666666,109.45833333333333,132.5,80.5125,119.33749999999999,-40.0,-34.0,0.6883320228008456,1.2352940617513999,21.805,208.32300000000004
2026-04-27 11:44:52.823962,105.0,60.6,88.1,17.1,4.1,17.9,0.39,pm25,28.16,63.0,2.58,1007.0,10000,52.0,Clear,clear sky,11,0,27,4,0,1,139.66666666666666,86.23333333333335,128.39999999999995,141.16666666666666,86.66666666666667,126.63333333333333,120.16666666666667,74.03333333333335,110.01666666666667,130.20833333333334,79.125,117.25833333333333,-32.0,-40.0,0.6878547027485279,0.2397660678499375,17.7408,156.348
2026-04-27 12:44:52.823962,123.0,71.3,119.6,18.7,33.0,14.6,0.21,pm25,30.13,62.0,4.9,1007.0,10000,2.0,Clear,clear sky,12,0,27,4,0,1,121.66666666666667,73.26666666666667,111.79999999999995,143.0,87.86666666666667,129.63333333333333,120.25,73.60833333333333,109.78333333333332,129.41666666666666,78.55416666666666,116.85833333333335,18.0,-54.0,0.5961538411692823,1.7647057879836476,18.6806,349.37
2026-04-27 13:44:52.823962,103.0,66.2,96.2,36.7,16.1,27.6,0.76,pm25,27.97,69.0,2.54,1016.0,10000,57.0,Clear,clear sky,13,0,27,4,0,1,110.33333333333333,66.03333333333335,101.29999999999995,131.66666666666666,81.2,121.83333333333333,120.0,73.45833333333333,109.22500000000001,128.5,78.34583333333333,117.05833333333334,-20.0,-34.0,0.6881496809963651,0.43869208613918026,19.2993,168.148
2026-04-27 14:44:52.823962,153.0,90.0,132.2,42.1,37.8,22.1,0.6,pm25,32.73,63.0,2.59,1019.0,10000,61.0,Clear,clear sky,14,0,27,4,0,1,126.33333333333333,75.83333333333333,115.99999999999996,133.0,81.03333333333333,122.19999999999999,125.08333333333333,76.5,113.58333333333333,129.41666666666666,78.7625,117.45833333333333,50.0,48.0,0.6807866816884518,0.8978622114522039,20.619899999999998,233.1
2026-04-27 15:44:52.823962,122.0,75.1,101.1,39.3,17.4,4.2,0.55,pm25,29.08,67.0,1.27,1018.0,10000,39.0,Clear,clear sky,15,0,27,4,0,1,126.0,77.10000000000001,109.8333333333333,123.83333333333333,75.18333333333334,110.81666666666666,127.83333333333333,78.65833333333333,115.11666666666666,128.41666666666666,78.3625,116.55833333333334,-31.0,-1.0,0.7428288749472911,0.442748080337199,19.4836,95.377
2026-04-27 16:44:52.823962,133.0,77.7,119.0,28.3,16.0,19.2,0.47,pm25,29.63,63.0,3.36,1012.0,10000,5.0,Clear,clear sky,16,0,27,4,0,1,136.0,80.93333333333334,117.43333333333328,123.16666666666667,73.48333333333333,109.36666666666667,131.5,80.325,118.00833333333333,128.125,78.00416666666666,115.94583333333334,11.0,30.0,0.6529411709836876,0.5653710047572083,18.6669,261.072
2026-04-27 17:44:52.823962,160.0,95.7,144.4,34.5,0.3,6.8,0.42,pm25,28.92,65.0,3.13,1015.0,10000,49.0,Clear,clear sky,17,0,27,4,0,1,138.33333333333334,82.83333333333333,121.49999999999996,132.33333333333334,79.33333333333333,118.75,136.75,83.0,122.69166666666666,126.58333333333333,77.2,115.09583333333332,27.0,7.0,0.6627423776818395,0.008695651921865163,18.798000000000002,299.541
2026-04-27 18:44:52.823962,171.0,109.2,183.9,32.0,15.2,15.1,0.68,pm25,29.04,72.0,6.01,1014.0,10000,50.0,Clear,clear sky,18,0,27,4,0,1,154.66666666666666,94.2,149.09999999999994,140.33333333333334,85.64999999999999,129.46666666666667,141.66666666666666,86.75833333333334,129.54999999999998,127.29166666666667,77.64583333333333,116.26666666666667,11.0,49.0,0.5938009755638881,0.47499998515625047,20.9088,656.292
2026-04-27 19:44:52.823962,117.0,80.3,115.4,32.0,19.5,23.8,0.51,pm25,21.53,75.0,2.23,1014.0,10000,69.0,Clear,clear sky,19,0,27,4,0,1,149.33333333333334,95.06666666666666,147.89999999999995,142.66666666666666,88.0,132.66666666666666,137.16666666666666,84.60000000000001,127.25,125.0,76.57083333333334,114.45833333333333,-54.0,-16.0,0.6958405485629068,0.6093749809570319,16.1475,179.069
2026-04-27 20:44:52.823962,124.0,84.6,116.9,33.6,31.6,16.4,0.11,pm25,24.23,75.0,1.51,1015.0,10000,81.0,Clear,clear sky,20,0,27,4,0,1,137.33333333333334,91.36666666666667,138.73333333333332,137.83333333333334,87.10000000000001,130.11666666666667,135.41666666666666,84.06666666666666,126.15833333333335,125.58333333333333,77.37916666666666,115.07083333333334,7.0,-36.0,0.7236954600197137,0.9404761624858285,18.1725,127.746
2026-04-27 21:44:52.823962,167.0,100.6,153.2,15.5,23.4,19.9,0.65,pm25,28.49,66.0,3.35,1006.0,10000,88.0,Clear,clear sky,21,0,27,4,0,1,136.0,88.5,128.49999999999997,145.33333333333334,91.35000000000001,138.79999999999998,134.58333333333334,83.26666666666667,124.80833333333332,127.29166666666667,78.40416666666667,116.56666666666666,43.0,-4.0,0.6566579591601961,1.5096773219563018,18.8034,337.01
2026-04-27 22:44:52.823962,151.0,85.1,135.3,16.5,29.3,14.5,0.05,pm25,26.92,59.0,4.15,1006.0,10000,41.0,Clear,clear sky,22,0,27,4,0,1,147.33333333333334,90.09999999999998,135.1333333333333,148.33333333333334,92.58333333333333,141.51666666666668,135.75,83.03333333333333,125.44166666666668,128.16666666666666,78.7,117.45,-16.0,34.0,0.628972648714171,1.775757468135911,15.882800000000001,353.165
2026-04-27 23:44:52.823962,136.0,75.2,86.5,18.9,30.0,21.0,0.61,pm25,25.4,59.0,0.93,1007.0,10000,78.0,Clear,clear sky,23,0,27,4,0,1,151.33333333333334,86.96666666666665,124.99999999999996,144.33333333333334,89.16666666666667,131.86666666666667,138.33333333333334,84.25,125.30833333333334,129.25,79.14166666666667,117.66250000000001,-15.0,12.0,0.8693641517992584,1.5873015033173807,14.985999999999999,69.936
2026-04-28 00:44:52.823962,103.0,58.1,82.0,32.1,34.1,11.1,0.76,pm25,24.66,61.0,2.22,1014.0,10000,33.0,Clear,clear sky,0,1,28,4,0,1,130.0,72.8,101.26666666666664,133.0,80.64999999999999,114.88333333333334,136.66666666666666,83.14999999999999,122.17500000000001,128.45833333333334,78.37916666666666,115.97916666666667,-33.0,-64.0,0.7085365767251638,1.062305262856534,15.0426,128.98200000000003
2026-04-28 01:44:52.823962,111.0,67.0,111.7,33.9,31.7,19.6,0.25,pm25,25.67,65.0,4.68,1015.0,10000,75.0,Clear,clear sky,1,1,28,4,0,1,116.66666666666667,66.76666666666667,93.39999999999996,132.0,78.43333333333334,114.26666666666667,137.33333333333334,83.21666666666665,123.46666666666665,128.66666666666666,78.33749999999999,116.34583333333332,8.0,-40.0,0.5998209436005287,0.9351032172535925,16.6855,313.56
2026-04-28 02:44:52.823962,89.0,45.2,72.2,30.7,19.1,10.5,0.5,pm25,22.95,57.0,3.67,1013.0,10000,20.0,Clear,clear sky,2,1,28,4,0,1,101.0,56.76666666666667,88.63333333333328,126.16666666666667,71.86666666666666,106.81666666666666,132.0,79.48333333333333,118.46666666666665,128.54166666666666,77.99166666666666,116.02500000000002,-22.0,-47.0,0.6260387724925378,0.6221498168680841,13.081499999999998,165.88400000000001
2026-04-28 03:44:52.823962,89.0,58.3,84.5,23.6,19.0,23.1,0.55,pm25,22.87,70.0,2.55,1010.0,10000,71.0,Clear,clear sky,3,1,28,4,0,1,96.33333333333333,56.833333333333336,89.46666666666663,113.16666666666667,64.81666666666666,95.36666666666667,129.25,78.08333333333333,117.08333333333333,128.54166666666666,78.37083333333332,116.10000000000001,0.0,-14.0,0.6899408202373867,0.8050847116489528,16.009,148.665
2026-04-28 04:44:52.823962,116.0,62.7,90.0,30.3,17.0,19.1,0.15,pm25,26.33,58.0,2.4,1013.0,10000,71.0,Clear,clear sky,4,1,28,4,0,1,98.0,55.4,82.2333333333333,107.33333333333333,61.083333333333336,87.81666666666666,127.83333333333333,76.83333333333333,114.66666666666667,129.66666666666666,78.57916666666667,116.33750000000002,27.0,5.0,0.696666658925926,0.5610560870938585,15.271399999999998,150.48
2026-04-28 05:44:52.823962,115.0,70.4,97.2,35.3,29.9,16.1,0.52,pm25,26.16,67.0,1.75,1016.0,10000,65.0,Clear,clear sky,5,1,28,4,0,1,106.66666666666667,63.800000000000004,90.56666666666662,103.83333333333333,60.28333333333333,89.60000000000001,124.08333333333333,74.725,110.73333333333333,130.41666666666666,78.8625,116.71249999999999,-1.0,26.0,0.724279827939508,0.8470254717556525,17.5272,123.20000000000002
2026-04-28 06:44:52.823962,130.0,72.5,122.3,19.8,30.6,25.7,0.37,pm25,27.79,60.0,5.02,1008.0,10000,63.0,Clear,clear sky,6,1,28,4,0,1,120.33333333333333,68.53333333333335,103.16666666666663,108.33333333333333,62.68333333333333,96.31666666666666,120.66666666666667,71.66666666666667,105.60000000000001,131.16666666666666,79.2125,117.575,15.0,41.0,0.5928045740571989,1.5454544674012896,16.674,363.95
2026-04-28 07:44:52.823962,135.0,74.8,118.8,25.6,23.1,24.7,0.3,pm25,26.77,59.0,3.98,1011.0,10000,69.0,Clear,clear sky,7,1,28,4,0,1,126.66666666666667,72.56666666666666,112.76666666666664,112.33333333333333,63.98333333333334,97.5,122.16666666666667,71.20833333333333,105.88333333333333,129.66666666666666,77.90416666666667,116.56666666666666,5.0,19.0,0.6296296243297169,0.9023437147521987,15.7943,297.704
2026-04-28 08:44:52.823962,147.0,88.9,128.8,40.8,32.7,12.9,0.65,pm25,28.58,65.0,2.32,1018.0,10000,35.0,Clear,clear sky,8,1,28,4,0,1,137.33333333333334,78.73333333333333,123.29999999999997,122.0,71.26666666666667,106.93333333333332,124.08333333333333,71.56666666666668,106.875,129.75,77.81666666666666,116.51666666666667,12.0,32.0,0.6902173859455172,0.8014705685914079,18.576999999999998,206.248
2026-04-28 09:44:52.823962,164.0,101.3,161.2,34.0,24.8,18.2,0.21,pm25,30.56,68.0,4.39,1015.0,10000,95.0,Clear,clear sky,9,1,28,4,0,1,148.66666666666666,88.33333333333333,136.26666666666662,134.5,78.43333333333334,119.71666666666665,123.83333333333333,71.625,107.54166666666667,129.20833333333334,77.44583333333334,116.175,17.0,34.0,0.6284119067716384,0.7294117432525958,20.7808,444.70699999999994
2026-04-28 10:44:52.823962,121.0,68.2,105.0,36.0,28.4,18.8,0.43,pm25,29.48,61.0,3.42,1016.0,10000,86.0,Clear,clear sky,10,1,28,4,0,1,144.0,86.13333333333333,131.66666666666663,135.33333333333334,79.35000000000001,122.21666666666665,121.33333333333333,70.21666666666667,105.01666666666665,128.54166666666666,76.625,115.22916666666667,-43.0,-14.0,0.6495238033378686,0.7888888669753092,17.9828,233.244
2026-04-28 11:44:52.823962,136.0,76.5,124.7,34.2,28.6,20.8,0.66,pm25,31.27,60.0,4.51,1015.0,10000,92.0,Clear,clear sky,11,1,28,4,0,1,140.33333333333334,82.0,130.29999999999995,138.83333333333334,80.36666666666667,126.80000000000001,121.33333333333333,70.325,108.19999999999999,129.83333333333334,77.2875,116.75416666666668,15.0,-11.0,0.613472328681056,0.8362572854895531,18.762,345.015
2026-04-28 12:44:52.823962,153.0,100.6,160.1,23.4,23.6,5.1,0.29,pm25,33.08,74.0,4.39,1010.0,10000,31.0,Clear,clear sky,12,1,28,4,0,1,136.66666666666666,81.76666666666667,129.9333333333333,142.66666666666666,85.05,133.1,125.5,73.86666666666667,114.70833333333333,131.08333333333334,78.50833333333334,118.44166666666666,17.0,-11.0,0.6283572727772813,1.008546965446711,24.479200000000002,441.63399999999996
2026-04-28 13:44:52.823962,117.0,74.3,127.0,40.1,19.9,10.7,0.73,pm25,29.39,69.0,5.34,1018.0,10000,20.0,Clear,clear sky,13,1,28,4,0,1,135.33333333333334,83.8,137.26666666666662,139.66666666666666,84.96666666666667,134.46666666666667,126.0,74.47500000000001,115.98333333333335,131.66666666666666,78.84583333333333,119.72500000000001,-36.0,-4.0,0.585039365472131,0.496259339245403,20.2791,396.762
2026-04-28 14:44:52.823962,101.0,61.2,90.8,9.5,20.4,11.4,0.83,pm25,27.44,66.0,2.86,1003.0,10000,94.0,Clear,clear sky,14,1,28,4,0,1,123.66666666666667,78.69999999999999,125.96666666666664,132.0,80.35,128.13333333333335,127.0,75.80833333333334,117.53333333333335,129.5,77.64583333333333,118.0,-16.0,-35.0,0.6740088031496828,2.147368195013874,18.110400000000002,175.032
2026-04-28 15:44:52.823962,150.0,103.2,136.8,20.1,28.8,22.0,0.35,pm25,31.93,78.0,0.3,1008.0,10000,99.0,Clear,clear sky,15,1,28,4,0,1,122.66666666666667,79.56666666666668,118.19999999999997,129.66666666666666,80.66666666666667,124.06666666666668,132.08333333333334,79.55,121.89166666666667,130.66666666666666,78.81666666666668,119.4875,49.0,-3.0,0.7543859593977634,1.4328357496101616,24.9054,30.96
2026-04-28 16:44:52.823962,125.0,78.8,118.1,30.9,24.9,14.5,0.25,pm25,28.82,69.0,2.98,1013.0,10000,1.0,Clear,clear sky,16,1,28,4,0,1,125.33333333333333,81.06666666666666,115.2333333333333,130.33333333333334,82.43333333333332,126.25,132.83333333333334,80.89166666666667,124.23333333333335,130.33333333333334,78.8625,119.44999999999999,-25.0,8.0,0.6672311543841563,0.8058252166399605,19.8858,234.82399999999998
2026-04-28 17:44:52.823962,126.0,68.8,101.2,14.0,10.2,18.7,0.56,pm25,26.05,58.0,2.7,1005.0,10000,57.0,Clear,clear sky,17,1,28,4,0,1,133.66666666666666,83.60000000000001,118.69999999999997,128.66666666666666,81.15,122.33333333333333,133.75,80.75833333333334,124.56666666666666,128.91666666666666,77.74166666666666,117.65000000000002,1.0,25.0,0.6798418905153963,0.728571376530616,15.109000000000002,185.76
2026-04-28 18:44:52.823962,123.0,76.2,113.0,26.6,42.1,1.1,0.47,pm25,25.01,67.0,2.81,1011.0,10000,48.0,Clear,clear sky,18,1,28,4,0,1,124.66666666666667,74.60000000000001,110.76666666666664,123.66666666666667,77.08333333333333,114.48333333333335,133.16666666666666,81.06666666666666,123.79166666666667,126.91666666666667,76.36666666666666,114.69583333333334,-3.0,-27.0,0.6743362772182631,1.582706707417041,16.756700000000002,214.122
2026-04-28 19:44:52.823962,139.0,86.8,128.1,41.7,27.9,23.1,0.15,pm25,23.33,69.0,2.69,1019.0,10000,91.0,Clear,clear sky,19,1,28,4,0,1,129.33333333333334,77.26666666666667,114.09999999999995,127.33333333333333,79.16666666666667,114.66666666666667,133.5,82.06666666666668,124.56666666666668,127.83333333333333,76.6375,115.22500000000001,16.0,14.0,0.6775956231257172,0.669064732156721,16.0977,233.492
2026-04-28 20:44:52.823962,111.0,71.0,120.2,14.1,39.1,7.0,0.35,pm25,22.91,69.0,5.04,1005.0,10000,42.0,Clear,clear sky,20,1,28,4,0,1,124.33333333333333,78.0,120.4333333333333,129.0,80.8,119.56666666666666,130.5,80.575,123.85000000000001,127.29166666666667,76.07083333333334,115.3625,-28.0,-15.0,0.5906821914252729,2.7730494487198976,15.8079,357.84
2026-04-28 21:44:52.823962,128.0,73.3,123.1,15.6,27.0,15.3,0.49,pm25,24.58,62.0,4.97,1006.0,10000,63.0,Clear,clear sky,21,1,28,4,0,1,126.0,77.03333333333335,123.79999999999995,125.33333333333333,75.81666666666666,117.28333333333332,127.5,78.24166666666666,120.675,125.66666666666667,74.93333333333332,114.10833333333333,17.0,5.0,0.5954508481279379,1.7307691198224924,15.239599999999998,364.301
2026-04-28 22:44:52.823962,125.0,72.6,119.0,24.8,42.1,18.7,0.49,pm25,24.29,63.0,4.51,1010.0,10000,55.0,Clear,clear sky,22,1,28,4,0,1,121.33333333333333,72.3,120.76666666666661,125.33333333333333,74.78333333333333,117.43333333333334,127.83333333333333,78.60833333333333,121.84166666666665,124.58333333333333,74.41250000000001,113.42916666666666,-3.0,-14.0,0.6100840284866889,1.6975805767104606,15.3027,327.42599999999993
2026-04-28 23:44:52.823962,119.0,69.3,103.6,29.4,33.1,14.8,0.43,pm25,23.68,63.0,2.95,1013.0,10000,48.0,Clear,clear sky,23,1,28,4,0,1,124.0,71.73333333333333,115.23333333333329,124.16666666666667,74.86666666666666,117.83333333333333,126.41666666666667,78.00833333333333,120.08333333333333,123.875,74.16666666666667,114.14166666666667,-6.0,8.0,0.6689189124621727,1.1258503018418264,14.918399999999998,204.435
2026-04-29 00:44:52.823962,96.0,55.5,74.8,34.9,23.9,11.2,0.47,pm25,23.83,63.0,1.73,1015.0,10000,96.0,Clear,clear sky,0,2,29,4,0,1,113.33333333333333,65.8,99.13333333333328,119.66666666666667,71.41666666666667,111.46666666666665,121.66666666666667,74.25,112.97499999999998,123.58333333333333,74.05833333333334,113.84166666666665,-23.0,-32.0,0.7419785997061685,0.6848137339594919,15.0129,96.015
2026-04-29 01:44:52.823962,72.0,40.7,64.1,10.7,23.8,21.7,0.67,pm25,20.71,63.0,3.46,1003.0,10000,82.0,Clear,clear sky,1,2,29,4,0,1,95.66666666666667,55.166666666666664,80.83333333333327,108.5,63.73333333333333,100.80000000000001,117.91666666666667,71.45,107.73333333333333,121.95833333333333,72.96249999999999,111.85833333333333,-24.0,-53.0,0.6349453879103685,2.224298857542163,13.0473,140.822
2026-04-29 02:44:52.823962,106.0,61.8,68.6,44.6,26.5,17.6,0.5,pm25,25.11,63.0,0.62,1020.0,10000,93.0,Clear,clear sky,2,2,29,4,0,1,91.33333333333333,52.666666666666664,69.16666666666661,107.66666666666667,62.199999999999996,92.2,118.33333333333333,71.5,105.88333333333333,122.66666666666667,73.65416666666667,111.70833333333333,34.0,-13.0,0.9008746224362301,0.5941703902652379,15.8193,38.315999999999995
2026-04-29 03:44:52.823962,94.0,62.2,96.1,12.4,32.4,16.3,0.65,pm25,23.55,71.0,3.43,1004.0,10000,61.0,Clear,clear sky,3,2,29,4,0,1,90.66666666666667,54.9,76.26666666666661,102.0,60.349999999999994,87.69999999999999,113.66666666666667,68.08333333333333,102.49166666666667,122.875,73.81666666666666,112.19166666666666,-12.0,-2.0,0.647242449040141,2.6129030150884667,16.7205,213.34600000000003
2026-04-29 04:44:52.823962,120.0,70.0,104.3,27.2,21.4,9.5,0.65,pm25,26.86,63.0,2.9,1012.0,10000,32.0,Clear,clear sky,4,2,29,4,0,1,106.66666666666667,64.66666666666667,89.66666666666661,101.16666666666667,59.916666666666664,85.24999999999999,113.25,67.35000000000001,101.34166666666665,123.04166666666667,74.12083333333334,112.78749999999998,26.0,48.0,0.6711409331625989,0.7867646769571809,16.9218,203.0
2026-04-29 05:44:52.823962,96.0,52.6,69.1,46.9,29.0,10.4,0.3,pm25,23.84,60.0,1.51,1021.0,10000,17.0,Clear,clear sky,5,2,29,4,0,1,103.33333333333333,61.599999999999994,89.83333333333327,97.33333333333333,57.13333333333333,79.5,110.75,66.0,98.66666666666667,122.25,73.37916666666666,111.61666666666667,-24.0,-10.0,0.7612156185062864,0.6183368738094484,14.304,79.426
2026-04-29 06:44:52.823962,139.0,83.0,148.1,41.9,40.6,10.6,0.75,pm25,28.69,65.0,6.54,1019.0,10000,43.0,Clear,clear sky,6,2,29,4,0,1,118.33333333333333,68.53333333333333,107.16666666666663,104.5,61.71666666666666,91.71666666666665,112.08333333333333,66.56666666666666,101.59166666666665,122.625,73.81666666666666,112.69166666666666,43.0,45.0,0.560432136661498,0.968973723890842,18.648500000000002,542.82
2026-04-29 07:44:52.823962,117.0,67.4,98.4,34.7,18.1,18.8,0.81,pm25,25.25,62.0,2.61,1015.0,10000,74.0,Clear,clear sky,7,2,29,4,0,1,117.33333333333333,67.66666666666667,105.19999999999995,112.0,66.16666666666667,97.43333333333332,110.25,64.95,99.11666666666666,121.875,73.50833333333333,111.84166666666668,-22.0,-3.0,0.684959342632527,0.5216138178209275,15.655,175.91400000000002
2026-04-29 08:44:52.823962,150.0,101.9,154.3,34.3,7.0,8.9,0.69,pm25,28.76,77.0,3.22,1015.0,10000,45.0,Clear,clear sky,8,2,29,4,0,1,135.33333333333334,84.10000000000001,133.59999999999997,119.33333333333333,72.85000000000001,111.71666666666668,113.5,67.52499999999999,101.95833333333331,122.0,74.05,112.90416666666665,33.0,54.0,0.6604018103668061,0.2040816267031596,22.1452,328.11800000000005
2026-04-29 09:44:52.823962,158.0,98.3,148.6,51.2,24.6,17.1,0.93,pm25,30.11,68.0,3.18,1024.0,10000,98.0,Clear,clear sky,9,2,29,4,0,1,141.66666666666666,89.2,133.76666666666662,130.0,78.86666666666666,120.46666666666665,116.0,69.60833333333333,104.08333333333333,121.75,73.925,112.37916666666666,8.0,19.0,0.6615073979710135,0.48046874061584494,20.474800000000002,312.594
2026-04-29 10:44:52.823962,114.0,59.9,77.5,27.5,23.5,18.6,0.3,pm25,28.81,56.0,1.14,1012.0,10000,88.0,Clear,clear sky,10,2,29,4,0,1,140.66666666666666,86.7,126.79999999999995,129.0,77.18333333333334,116.0,115.08333333333333,68.55,100.625,121.45833333333333,73.57916666666667,111.23333333333333,-44.0,-3.0,0.7729032158335069,0.8545454234710754,16.133599999999998,68.28599999999999
2026-04-29 11:44:52.823962,116.0,70.3,109.5,36.0,27.9,17.5,0.36,pm25,29.32,65.0,3.61,1016.0,10000,87.0,Clear,clear sky,11,2,29,4,0,1,129.33333333333334,76.16666666666667,111.86666666666662,132.33333333333334,80.13333333333333,122.73333333333335,114.83333333333333,68.63333333333334,101.11666666666667,120.625,73.32083333333334,110.59999999999998,2.0,-34.0,0.6420091265569943,0.7749999784722228,19.058,253.783
2026-04-29 12:44:52.823962,155.0,89.9,131.0,34.8,24.0,14.7,0.32,pm25,33.36,62.0,2.42,1015.0,10000,32.0,Clear,clear sky,12,2,29,4,0,1,128.33333333333334,73.36666666666666,105.99999999999996,135.0,81.28333333333333,119.88333333333333,119.75,71.5,105.8,120.70833333333333,72.875,109.38749999999999,39.0,-3.0,0.6862595367461105,0.6896551525961164,20.683200000000003,217.55800000000002
2026-04-29 13:44:52.823962,141.0,89.4,138.9,18.5,33.3,21.2,0.16,pm25,31.79,70.0,3.72,1007.0,10000,70.0,Clear,clear sky,13,2,29,4,0,1,137.33333333333334,83.2,126.46666666666663,139.0,84.95,126.63333333333334,125.5,75.55833333333334,112.03333333333332,121.70833333333333,73.50416666666666,109.88333333333333,-14.0,27.0,0.643628505085468,1.7999999027027076,22.252999999999997,332.56800000000004
2026-04-29 14:44:52.823962,116.0,73.3,100.3,16.4,16.0,14.0,0.5,pm25,29.0,69.0,1.55,1006.0,10000,44.0,Clear,clear sky,14,2,29,4,0,1,137.33333333333334,84.2,123.39999999999996,133.33333333333334,80.18333333333334,117.63333333333333,126.33333333333333,76.51666666666667,114.67500000000001,122.33333333333333,74.00833333333334,110.27916666666668,-25.0,0.0,0.7308075699819784,0.9756096966091649,20.01,113.615
2026-04-29 15:44:52.823962,153.0,89.7,149.7,23.0,28.2,18.2,0.46,pm25,32.22,63.0,5.27,1009.0,10000,87.0,Clear,clear sky,15,2,29,4,0,1,136.66666666666666,84.13333333333334,129.6333333333333,132.5,78.75,117.81666666666668,131.25,78.80833333333334,119.14166666666665,122.45833333333333,73.44583333333333,110.81666666666666,37.0,-2.0,0.599198392790926,1.2260869032136128,20.2986,472.719
2026-04-29 16:44:52.823962,157.0,95.8,139.3,21.4,28.7,9.8,0.73,pm25,32.02,67.0,2.34,1009.0,10000,100.0,Clear,clear sky,16,2,29,4,0,1,142.0,86.26666666666667,129.76666666666662,139.66666666666666,84.73333333333333,128.11666666666667,134.33333333333334,80.95833333333333,122.05833333333332,123.79166666666667,74.15416666666667,111.7,4.0,16.0,0.6877243310285402,1.3411214326578769,21.453400000000002,224.17199999999997
2026-04-29 17:44:52.823962,127.0,80.9,121.3,28.5,20.7,13.0,0.59,pm25,26.15,70.0,2.99,1012.0,10000,16.0,Clear,clear sky,17,2,29,4,0,1,145.66666666666666,88.8,136.76666666666662,141.5,86.5,130.08333333333334,136.91666666666666,83.31666666666666,126.40833333333335,123.83333333333333,74.65833333333333,112.53749999999998,-30.0,11.0,0.6669414619378281,0.7263157639889205,18.305,241.89100000000005
2026-04-29 18:44:52.823962,133.0,78.4,101.6,36.2,18.9,19.9,0.81,pm25,25.84,64.0,0.59,1016.0,10000,77.0,Clear,clear sky,18,2,29,4,0,1,139.0,85.03333333333335,120.73333333333329,137.83333333333334,84.58333333333333,125.18333333333334,136.41666666666666,82.93333333333334,122.53333333333335,124.25,74.75,112.0625,6.0,-20.0,0.7716535357120716,0.5220994330911758,16.5376,46.256
2026-04-29 19:44:52.823962,155.0,96.9,124.7,25.1,22.0,6.1,0.53,pm25,24.68,69.0,0.11,1011.0,10000,28.0,Clear,clear sky,19,2,29,4,0,1,138.33333333333334,85.39999999999999,115.86666666666662,140.16666666666666,85.83333333333333,122.81666666666666,139.58333333333334,85.39166666666667,124.72500000000001,124.91666666666667,75.17083333333333,111.92083333333333,22.0,-2.0,0.7770649496626708,0.8764939889843032,17.0292,10.659
2026-04-29 20:44:52.823962,121.0,73.5,118.7,38.9,26.4,16.9,0.66,pm25,23.87,66.0,4.26,1017.0,10000,93.0,Clear,clear sky,20,2,29,4,0,1,136.33333333333334,82.93333333333334,114.99999999999994,141.0,85.86666666666667,125.88333333333333,137.16666666666666,83.025,121.75833333333334,125.33333333333333,75.27499999999999,111.85833333333333,-34.0,-6.0,0.619208082399258,0.6786632216281948,15.7542,313.10999999999996
2026-04-29 21:44:52.823962,160.0,98.8,137.9,24.7,32.9,12.5,0.85,pm25,27.79,68.0,1.45,1010.0,10000,34.0,Clear,clear sky,21,2,29,4,0,1,145.33333333333334,89.73333333333333,127.09999999999997,142.16666666666666,87.38333333333333,123.91666666666667,137.33333333333334,83.06666666666666,120.86666666666666,126.66666666666667,76.3375,112.47500000000001,39.0,27.0,0.7164611985753357,1.3319837517415485,18.8972,143.26
2026-04-29 22:44:52.823962,133.0,78.2,110.2,25.8,15.6,26.6,0.69,pm25,25.14,63.0,1.94,1011.0,10000,58.0,Clear,clear sky,22,2,29,4,0,1,138.0,83.5,122.26666666666664,138.16666666666666,84.45,119.06666666666666,138.91666666666666,84.59166666666667,123.59166666666665,127.0,76.57083333333333,112.10833333333335,-27.0,-22.0,0.7096188683337671,0.6046511393546069,15.838199999999999,151.708
2026-04-29 23:44:52.823962,84.0,43.8,53.4,32.8,19.5,12.0,0.66,pm25,20.19,58.0,1.15,1014.0,10000,23.0,Clear,clear sky,23,2,29,4,0,1,125.66666666666667,73.60000000000001,100.49999999999996,131.0,78.26666666666667,107.75,136.25,82.38333333333334,118.91666666666667,125.54166666666667,75.50833333333334,110.01666666666665,-49.0,-37.0,0.8202247037411105,0.5945121769965801,11.7102,50.36999999999999
2026-04-30 00:44:52.823962,85.0,51.8,65.4,37.6,26.0,15.0,0.25,pm25,22.44,66.0,1.15,1017.0,10000,50.0,Clear,clear sky,0,3,30,4,0,1,100.66666666666667,57.93333333333334,76.3333333333333,123.0,73.83333333333333,101.71666666666665,130.41666666666666,79.20833333333334,113.44999999999999,125.08333333333333,75.35416666666667,109.625,1.0,-75.0,0.7920489175527687,0.6914893433114536,14.810400000000001,59.56999999999999
2026-04-30 01:44:52.823962,107.0,63.6,90.6,24.7,17.3,10.1,0.41,pm25,25.13,65.0,2.28,1010.0,10000,28.0,Clear,clear sky,1,3,30,4,0,1,92.0,53.06666666666666,69.79999999999995,115.0,68.28333333333333,96.03333333333332,127.58333333333333,77.05833333333332,109.42500000000001,126.54166666666667,76.30833333333334,110.72916666666667,22.0,-26.0,0.7019867472186894,0.7004048299431244,16.334500000000002,145.00799999999998
2026-04-30 02:44:52.823962,101.0,63.6,99.2,54.3,16.8,13.0,0.71,pm25,24.48,68.0,3.57,1025.0,10000,37.0,Clear,clear sky,2,3,30,4,0,1,97.66666666666667,59.666666666666664,85.06666666666662,111.66666666666667,66.63333333333333,92.78333333333332,126.33333333333333,76.25,109.33333333333331,126.33333333333333,76.38333333333334,112.00416666666666,-6.0,17.0,0.6411290257950704,0.30939225949553856,16.6464,227.052
2026-04-30 03:44:52.823962,88.0,49.1,94.6,39.9,20.5,18.9,0.02,pm25,22.78,61.0,6.14,1018.0,10000,82.0,Clear,clear sky,3,3,30,4,0,1,98.66666666666667,58.76666666666667,94.79999999999995,99.66666666666667,58.35,85.56666666666666,120.91666666666667,72.86666666666666,104.74166666666667,126.08333333333333,75.83749999999999,111.94166666666666,-13.0,3.0,0.5190274786572149,0.513784448276079,13.895800000000001,301.474
2026-04-30 04:44:52.823962,91.0,45.8,76.1,33.5,13.6,18.8,0.68,pm25,23.2,56.0,4.1,1015.0,10000,62.0,Clear,clear sky,4,3,30,4,0,1,93.33333333333333,52.833333333333336,89.96666666666663,92.66666666666667,52.949999999999996,79.88333333333334,115.41666666666667,68.7,99.47499999999998,124.875,74.82916666666667,110.76666666666667,3.0,-16.0,0.6018396767169557,0.4059701371352198,12.992,187.77999999999997
2026-04-30 05:44:52.823962,113.0,64.1,101.0,31.1,13.0,8.4,0.77,pm25,25.91,61.0,3.73,1014.0,10000,96.0,Clear,clear sky,5,3,30,4,0,1,97.33333333333333,53.0,90.56666666666662,97.5,56.333333333333336,87.81666666666666,114.25,67.3,97.78333333333332,125.58333333333333,75.30833333333334,112.09583333333332,22.0,12.0,0.634653459062837,0.4180064174274464,15.8051,239.093
2026-04-30 06:44:52.823962,120.0,72.8,112.1,35.9,28.6,17.1,0.16,pm25,26.74,66.0,3.42,1016.0,10000,98.0,Clear,clear sky,6,3,30,4,0,1,108.0,60.9,96.39999999999993,103.33333333333333,59.833333333333336,95.60000000000001,113.16666666666667,66.83333333333333,98.65833333333335,124.79166666666667,74.88333333333334,110.59583333333332,7.0,32.0,0.6494201547776971,0.7966573594245863,17.6484,248.976
2026-04-30 07:44:52.823962,144.0,86.0,144.5,15.3,28.3,14.0,0.71,pm25,27.57,65.0,5.33,1006.0,10000,30.0,Clear,clear sky,7,3,30,4,0,1,125.66666666666667,74.3,119.19999999999997,109.5,63.56666666666666,104.58333333333333,112.25,65.925,100.30833333333332,125.91666666666667,75.65833333333335,112.51666666666665,24.0,53.0,0.595155705223836,1.8496730817207137,17.9205,458.38
2026-04-30 08:44:52.823962,135.0,71.7,106.1,22.3,24.1,17.7,0.59,pm25,27.54,56.0,2.79,1009.0,10000,95.0,Clear,clear sky,8,3,30,4,0,1,133.0,76.83333333333333,120.89999999999996,115.16666666666667,64.91666666666667,105.73333333333333,113.41666666666667,65.77499999999999,99.25833333333333,125.29166666666667,74.4,110.50833333333333,-9.0,22.0,0.6757775619625113,1.0807174403265722,15.4224,200.043
2026-04-30 09:44:52.823962,197.0,120.2,182.4,25.5,16.6,12.9,0.59,pm25,33.39,67.0,3.31,1011.0,10000,36.0,Clear,clear sky,9,3,30,4,0,1,158.66666666666666,92.63333333333333,144.3333333333333,133.33333333333334,76.76666666666667,120.36666666666667,116.5,67.55833333333334,102.96666666666665,126.91666666666667,75.3125,111.91666666666667,62.0,77.0,0.658991224457285,0.6509803666282209,22.3713,397.862
2026-04-30 10:44:52.823962,124.0,76.3,94.8,43.5,11.9,15.3,0.58,pm25,29.82,67.0,0.07,1020.0,10000,51.0,Clear,clear sky,10,3,30,4,0,1,152.0,89.39999999999999,127.76666666666661,138.83333333333334,81.85000000000001,123.48333333333333,115.75,67.39999999999999,101.68333333333334,127.33333333333333,75.99583333333334,112.6375,-73.0,-20.0,0.8048523121851022,0.27356321210199513,19.979400000000002,5.341
2026-04-30 11:44:52.823962,137.0,79.1,119.9,15.6,30.4,18.0,0.55,pm25,31.43,62.0,3.19,1006.0,10000,94.0,Clear,clear sky,11,3,30,4,0,1,152.66666666666666,91.86666666666666,132.36666666666662,142.83333333333334,84.35,126.63333333333333,120.16666666666667,70.34166666666667,107.22499999999998,128.20833333333334,76.3625,113.07083333333334,13.0,2.0,0.65971642485641,1.9487178238001395,19.4866,252.32899999999998
2026-04-30 12:44:52.823962,123.0,69.0,104.8,43.3,18.0,5.1,0.78,pm25,30.12,60.0,3.18,1020.0,10000,36.0,Clear,clear sky,12,3,30,4,0,1,128.0,74.8,106.49999999999996,143.33333333333334,83.71666666666667,125.41666666666667,123.33333333333333,71.77499999999999,110.50833333333333,126.875,75.49166666666666,111.97916666666667,-14.0,-74.0,0.658396940282472,0.4157043783901992,18.072,219.42000000000002
2026-04-30 13:44:52.823962,157.0,92.1,154.0,52.9,31.7,8.2,0.86,pm25,33.47,63.0,5.37,1024.0,10000,28.0,Clear,clear sky,13,3,30,4,0,1,139.0,80.06666666666666,126.23333333333328,145.5,84.73333333333333,127.0,127.5,74.15,115.79166666666667,127.54166666666667,75.60416666666667,112.60833333333333,34.0,33.0,0.5980519441684938,0.5992438450048423,21.086100000000002,494.577
2026-04-30 14:44:52.823962,143.0,86.7,135.6,34.1,25.9,12.7,0.67,pm25,31.74,66.0,3.85,1015.0,10000,2.0,Clear,clear sky,14,3,30,4,0,1,141.0,82.6,131.4666666666666,146.83333333333334,87.23333333333333,131.91666666666666,131.0,76.075,118.825,128.66666666666666,76.1625,114.07916666666665,-14.0,6.0,0.6393805262582558,0.7595307695152267,20.948399999999996,333.795
2026-04-30 15:44:52.823962,114.0,67.0,112.3,29.7,8.5,20.3,0.3,pm25,28.35,63.0,4.77,1013.0,10000,56.0,Clear,clear sky,15,3,30,4,0,1,138.0,81.93333333333332,133.9666666666666,133.0,78.36666666666666,120.23333333333333,133.16666666666666,77.56666666666666,120.3,127.04166666666667,75.21666666666667,112.52083333333333,-29.0,-9.0,0.5966162012767925,0.2861952765590816,17.860500000000002,319.59
2026-04-30 16:44:52.823962,155.0,97.8,153.3,28.7,23.3,13.2,0.53,pm25,31.79,70.0,3.99,1012.0,10000,9.0,Clear,clear sky,16,3,30,4,0,1,137.33333333333334,83.83333333333333,133.7333333333333,138.16666666666666,81.94999999999999,129.98333333333332,138.5,81.9,126.73333333333333,126.95833333333333,75.3,113.10416666666667,41.0,-2.0,0.6379647707895317,0.8118466616081302,22.252999999999997,390.22200000000004
2026-04-30 17:44:52.823962,172.0,108.2,157.5,42.2,29.1,18.9,0.29,pm25,29.94,70.0,2.28,1019.0,10000,84.0,Clear,clear sky,17,3,30,4,0,1,147.0,91.0,141.0333333333333,144.0,86.8,136.25,143.41666666666666,85.575,131.44166666666666,128.83333333333334,76.4375,114.61250000000001,17.0,29.0,0.6869841226223231,0.6895734433750369,20.958000000000002,246.696
2026-04-30 18:44:52.823962,136.0,78.1,132.0,24.2,25.2,20.8,0.15,pm25,26.1,62.0,5.22,1010.0,10000,86.0,Clear,clear sky,18,3,30,4,0,1,154.33333333333334,94.7,147.59999999999997,146.16666666666666,88.31666666666666,140.78333333333333,144.75,86.01666666666667,133.1,128.95833333333334,76.425,115.87916666666666,-36.0,22.0,0.5916666621843434,1.0413222710197407,16.182000000000002,407.68199999999996
2026-04-30 19:44:52.823962,141.0,86.7,125.9,26.5,31.3,2.7,0.12,pm25,23.56,67.0,2.38,1011.0,10000,74.0,Clear,clear sky,19,3,30,4,0,1,149.66666666666666,91.0,138.4666666666666,143.5,87.41666666666667,136.1,144.5,86.07499999999999,131.54999999999998,128.375,76.0,115.92916666666666,5.0,-14.0,0.6886417737200813,1.181132030900678,15.7852,206.346
2026-04-30 20:44:52.823962,176.0,116.5,180.9,23.9,18.0,18.2,0.3,pm25,29.41,76.0,3.92,1010.0,10000,72.0,Clear,clear sky,20,3,30,4,0,1,151.0,93.76666666666667,146.26666666666662,149.0,92.38333333333333,143.65,147.91666666666666,89.80833333333334,137.78333333333333,130.66666666666666,77.79166666666667,118.52083333333333,35.0,4.0,0.6440022076064001,0.7531380438017555,22.351599999999998,456.68
2026-04-30 21:44:52.823962,153.0,96.6,144.1,32.6,28.5,12.1,0.3,pm25,27.13,70.0,2.88,1014.0,10000,91.0,Clear,clear sky,21,3,30,4,0,1,156.66666666666666,99.93333333333332,150.29999999999995,155.5,97.31666666666666,148.95,144.25,87.84166666666665,134.59166666666667,130.375,77.7,118.77916666666665,-23.0,17.0,0.6703677954866912,0.8742331020173896,18.991,278.20799999999997
2026-04-30 22:44:52.823962,129.0,84.5,116.5,50.9,37.5,8.2,0.75,pm25,24.65,72.0,1.47,1023.0,10000,39.0,Clear,clear sky,22,3,30,4,0,1,152.66666666666666,99.19999999999999,147.16666666666663,151.16666666666666,95.10000000000001,142.81666666666666,144.66666666666666,88.52499999999999,136.4,130.20833333333334,77.9625,119.04166666666664,-24.0,-12.0,0.7253218821860783,0.7367386888656446,17.748,124.215
2026-04-30 23:44:52.823962,116.0,64.0,120.7,47.1,40.7,13.0,0.08,pm25,23.34,60.0,6.71,1022.0,10000,46.0,Clear,clear sky,23,3,30,4,0,1,132.66666666666666,81.69999999999999,127.09999999999997,141.83333333333334,87.73333333333333,136.68333333333334,142.91666666666666,87.26666666666667,136.46666666666667,131.54166666666666,78.80416666666666,121.84583333333335,-13.0,-60.0,0.5302402607270899,0.8641188776195569,14.004000000000001,429.44
2026-05-01 00:44:52.823962,93.0,56.5,81.3,14.9,33.7,16.5,0.56,pm25,23.39,66.0,2.48,1005.0,10000,60.0,Clear,clear sky,0,4,1,5,0,1,112.66666666666667,68.33333333333333,106.16666666666663,134.66666666666666,84.13333333333334,128.23333333333332,140.41666666666666,86.22500000000001,134.50833333333335,131.875,79.0,122.50833333333333,-23.0,-60.0,0.6949569410214399,2.2617448146479995,15.4374,140.12
2026-05-01 01:44:52.823962,109.0,65.8,89.7,30.2,23.9,11.7,0.23,pm25,25.46,65.0,1.65,1013.0,10000,6.0,Clear,clear sky,1,4,1,5,0,1,106.0,62.099999999999994,97.23333333333329,129.33333333333334,80.65,122.2,136.41666666666666,84.03333333333333,129.15,131.95833333333334,79.09166666666667,122.47083333333335,16.0,-20.0,0.733556290595805,0.791390702271831,16.549,108.57
2026-05-01 02:44:52.823962,90.0,47.7,80.9,33.4,38.0,11.7,0.57,pm25,23.0,59.0,4.4,1015.0,10000,41.0,Clear,clear sky,2,4,1,5,0,1,97.33333333333333,56.666666666666664,83.96666666666664,115.0,69.18333333333332,105.53333333333332,132.0,80.78333333333335,124.59166666666665,131.5,78.42916666666666,121.70833333333333,-19.0,-26.0,0.5896168035894092,1.1377245168345955,13.57,209.88000000000002
2026-05-01 03:44:52.823962,100.0,66.1,91.6,24.8,15.9,20.7,0.3,pm25,24.34,71.0,1.87,1010.0,10000,69.0,Clear,clear sky,3,4,1,5,0,1,99.66666666666667,59.86666666666665,87.39999999999996,106.16666666666667,64.10000000000001,96.78333333333335,130.83333333333334,80.70833333333333,122.86666666666667,132.0,79.1375,121.58333333333333,10.0,7.0,0.7216157126461167,0.6411290064060884,17.2814,123.607
2026-05-01 04:44:52.823962,105.0,54.0,58.0,48.9,23.0,5.2,0.62,pm25,24.88,56.0,0.46,1022.0,10000,31.0,Clear,clear sky,4,4,1,5,0,1,98.33333333333333,55.93333333333333,76.8333333333333,102.16666666666667,59.01666666666667,87.03333333333335,126.66666666666667,77.05833333333332,114.92500000000001,132.58333333333334,79.47916666666667,120.82916666666667,5.0,-4.0,0.9310344667063023,0.4703476386431976,13.9328,24.84
2026-05-01 05:44:52.823962,70.0,38.7,56.3,38.0,23.0,16.3,0.63,pm25,20.53,62.0,2.72,1017.0,10000,85.0,Clear,clear sky,5,4,1,5,0,1,91.66666666666667,52.93333333333333,68.63333333333328,94.5,54.800000000000004,76.3,118.16666666666667,71.26666666666667,106.49166666666667,130.79166666666666,78.42083333333333,118.96666666666665,-35.0,-20.0,0.6873889753572119,0.6052631419667595,12.728600000000002,105.26400000000001
2026-05-01 06:44:52.823962,108.0,66.8,91.7,26.4,25.3,17.6,0.41,pm25,25.58,67.0,1.73,1011.0,10000,97.0,Clear,clear sky,6,4,1,5,0,1,94.33333333333333,53.166666666666664,68.66666666666663,97.0,56.51666666666667,78.03333333333335,115.83333333333333,70.325,103.13333333333334,130.29166666666666,78.17083333333333,118.11666666666667,38.0,8.0,0.7284623693733656,0.9583332970328297,17.1386,115.564
2026-05-01 07:44:52.823962,116.0,70.9,101.1,40.9,31.5,15.6,0.94,pm25,25.17,67.0,2.2,1018.0,10000,11.0,Clear,clear sky,7,4,1,5,0,1,98.0,58.79999999999999,83.03333333333329,98.16666666666667,57.36666666666667,79.93333333333332,113.75,69.00833333333333,101.06666666666666,129.125,77.54166666666667,116.30833333333334,8.0,11.0,0.70128584865197,0.7701711303136644,16.8639,155.98000000000002
2026-05-01 08:44:52.823962,180.0,104.9,164.7,29.3,31.1,21.9,0.8,pm25,31.35,62.0,4.1,1013.0,10000,74.0,Clear,clear sky,8,4,1,5,0,1,134.66666666666666,80.86666666666667,119.16666666666663,113.16666666666667,66.89999999999999,93.89999999999999,114.08333333333333,68.04166666666667,99.71666666666668,131.0,78.925,118.75,64.0,110.0,0.6369156002615933,1.0614334108725798,19.437,430.09
2026-05-01 09:44:52.823962,165.0,104.0,160.2,24.5,36.2,6.9,0.58,pm25,30.68,70.0,3.63,1010.0,10000,38.0,Clear,clear sky,9,4,1,5,0,1,153.66666666666666,93.26666666666667,141.99999999999994,124.0,73.21666666666665,105.33333333333333,115.08333333333333,68.65833333333335,101.05833333333332,129.66666666666666,78.25,117.825,-15.0,57.0,0.649188510304691,1.4775509600999608,21.476,377.52
2026-05-01 10:44:52.823962,120.0,69.2,114.3,44.8,10.7,25.0,0.05,pm25,29.37,62.0,4.58,1020.0,10000,56.0,Clear,clear sky,10,4,1,5,0,1,155.0,92.7,146.39999999999995,126.5,75.75,114.71666666666665,114.33333333333333,67.38333333333334,100.875,129.5,77.95416666666667,118.63749999999999,-45.0,4.0,0.6054243166629544,0.2388392803830518,18.209400000000002,316.93600000000004
2026-05-01 11:44:52.823962,112.0,62.6,83.4,48.8,26.5,16.4,0.85,pm25,28.83,61.0,1.43,1022.0,10000,90.0,Clear,clear sky,11,4,1,5,0,1,132.33333333333334,78.6,119.29999999999995,133.5,79.73333333333333,119.23333333333333,114.0,67.26666666666667,97.76666666666665,128.45833333333334,77.26666666666667,117.11666666666666,-8.0,-68.0,0.7505995113836988,0.5430327757575252,17.586299999999998,89.518
2026-05-01 12:44:52.823962,146.0,90.2,134.7,47.9,28.3,18.0,0.66,pm25,32.46,67.0,2.92,1022.0,10000,86.0,Clear,clear sky,12,4,1,5,0,1,126.0,74.0,110.79999999999995,139.83333333333334,83.63333333333334,126.39999999999998,118.41666666666667,70.075,102.21666666666665,129.41666666666666,78.14999999999999,118.3625,34.0,-19.0,0.6696362236849576,0.5908141839078459,21.7482,263.384
2026-05-01 13:44:52.823962,139.0,84.2,131.2,35.2,30.3,13.8,0.42,pm25,31.62,66.0,3.74,1016.0,10000,35.0,Clear,clear sky,13,4,1,5,0,1,132.33333333333334,79.0,116.43333333333328,143.66666666666666,85.85000000000001,131.41666666666666,120.91666666666667,71.60833333333333,105.675,128.66666666666666,77.82083333333334,117.41250000000001,-7.0,19.0,0.6417682877914004,0.860795430091039,20.8692,314.908
2026-05-01 14:44:52.823962,103.0,65.7,100.7,20.8,28.0,18.3,0.85,pm25,27.69,69.0,3.32,1008.0,10000,79.0,Clear,clear sky,14,4,1,5,0,1,129.33333333333334,80.03333333333333,122.19999999999995,130.83333333333334,79.31666666666668,120.75,122.0,73.10833333333333,107.325,127.0,76.94583333333334,115.95833333333333,-36.0,-9.0,0.6524329627365147,1.3461537814349143,19.1061,218.124
2026-05-01 15:44:52.823962,147.0,84.7,128.6,24.1,27.0,17.6,0.62,pm25,31.61,62.0,3.23,1010.0,10000,91.0,Clear,clear sky,15,4,1,5,0,1,129.66666666666666,78.2,120.16666666666663,127.83333333333333,76.1,115.4833333333333,125.91666666666667,74.65833333333335,110.40833333333332,128.375,77.68333333333334,116.6375,44.0,1.0,0.658631410119507,1.1203319037206678,19.5982,273.581
2026-05-01 16:44:52.823962,97.0,70.9,108.9,30.0,32.8,18.1,0.27,pm25,25.99,78.0,3.38,1013.0,10000,33.0,Clear,clear sky,16,4,1,5,0,1,115.66666666666667,73.76666666666667,112.7333333333333,124.0,76.38333333333334,114.58333333333333,125.25,76.06666666666668,114.64999999999999,125.95833333333333,76.5625,114.78749999999998,-50.0,-42.0,0.6510560087139026,1.09333329688889,20.272199999999998,239.64200000000002
2026-05-01 17:44:52.823962,148.0,85.0,133.6,24.0,19.6,10.2,0.2,pm25,27.87,61.0,3.9,1010.0,10000,21.0,Clear,clear sky,17,4,1,5,0,1,130.66666666666666,80.2,123.69999999999997,130.0,80.11666666666667,122.95,131.75,79.925,121.09166666666665,124.95833333333333,75.59583333333333,113.79166666666667,51.0,45.0,0.6362275401479975,0.8166666326388903,17.000700000000002,331.5
2026-05-01 18:44:52.823962,144.0,86.6,131.4,20.0,32.9,17.4,0.57,pm25,26.8,65.0,3.23,1008.0,10000,66.0,Clear,clear sky,18,4,1,5,0,1,129.66666666666666,80.83333333333333,124.63333333333328,129.66666666666666,79.51666666666667,122.39999999999999,134.75,81.575,124.39999999999999,125.29166666666667,75.95,113.76666666666665,-4.0,-3.0,0.6590563115749138,1.6449999177500039,17.42,279.71799999999996
2026-05-01 19:44:52.823962,136.0,81.3,105.5,53.8,25.8,16.8,0.6,pm25,23.11,65.0,0.54,1025.0,10000,97.0,Clear,clear sky,19,4,1,5,0,1,142.66666666666666,84.3,123.49999999999996,129.16666666666666,79.03333333333333,118.11666666666667,136.41666666666666,82.44166666666666,124.76666666666667,125.08333333333333,75.72500000000001,112.91666666666667,-8.0,39.0,0.7706161064396577,0.4795538944320838,15.021499999999998,43.902
2026-05-01 20:44:52.823962,177.0,108.0,156.7,48.1,38.0,21.4,0.59,pm25,29.53,67.0,2.2,1022.0,10000,6.0,Clear,clear sky,20,4,1,5,0,1,152.33333333333334,91.96666666666665,131.19999999999996,141.5,86.08333333333333,127.44999999999999,136.16666666666666,82.7,124.09999999999998,125.125,75.37083333333334,111.90833333333335,41.0,29.0,0.6892150562270897,0.7900207735962417,19.7851,237.60000000000002
2026-05-01 21:44:52.823962,152.0,91.2,134.4,21.1,35.1,12.0,0.72,pm25,27.06,65.0,2.65,1009.0,10000,37.0,Clear,clear sky,21,4,1,5,0,1,155.0,93.5,132.19999999999996,142.33333333333334,87.16666666666667,128.41666666666666,135.08333333333334,81.63333333333334,121.95,125.08333333333333,75.14583333333333,111.50416666666668,-25.0,8.0,0.6785714235225341,1.6635070301655435,17.589,241.68
2026-05-01 22:44:52.823962,141.0,78.1,123.7,16.6,22.0,16.7,0.6,pm25,25.92,59.0,3.97,1006.0,10000,82.0,Clear,clear sky,22,4,1,5,0,1,156.66666666666666,92.43333333333334,138.26666666666662,149.66666666666666,88.36666666666666,130.88333333333333,136.83333333333334,82.375,122.73333333333333,125.58333333333333,74.87916666666666,111.80416666666667,-11.0,5.0,0.6313662034651074,1.3253011249818598,15.292800000000002,310.057
2026-05-01 23:44:52.823962,124.0,67.6,91.5,24.9,32.6,11.9,0.56,pm25,24.2,58.0,1.51,1010.0,10000,4.0,Clear,clear sky,23,4,1,5,0,1,139.0,78.96666666666665,116.5333333333333,145.66666666666666,85.46666666666665,123.86666666666667,137.83333333333334,82.79166666666667,123.40833333333335,125.91666666666667,75.02916666666667,110.58749999999999,-17.0,-53.0,0.7387978061333572,1.3092368952113698,14.036,102.076
2026-05-02 00:44:52.823962,107.0,65.0,87.4,37.9,16.3,12.0,0.5,pm25,25.22,66.0,1.49,1017.0,10000,34.0,Clear,clear sky,0,5,2,5,1,1,124.0,70.23333333333333,100.86666666666663,139.5,81.86666666666666,116.53333333333332,134.58333333333334,80.69166666666666,119.46666666666665,126.5,75.38333333333334,110.84166666666668,-17.0,-45.0,0.7437070853122759,0.4300791443250886,16.6452,96.85
2026-05-02 01:44:52.823962,99.0,59.3,85.1,27.9,29.9,22.9,0.8,pm25,24.21,65.0,2.41,1012.0,10000,73.0,Clear,clear sky,1,5,2,5,1,1,110.0,63.96666666666666,87.99999999999996,133.33333333333334,78.2,113.13333333333333,131.25,78.61666666666667,115.625,126.08333333333333,75.1125,110.64999999999999,-8.0,-42.0,0.696827253856319,1.0716845494019875,15.736500000000001,142.913
2026-05-02 02:44:52.823962,86.0,51.2,76.4,46.5,31.2,7.4,0.2,pm25,22.49,65.0,2.94,1021.0,10000,28.0,Clear,clear sky,2,5,2,5,1,1,97.33333333333333,58.5,82.96666666666664,118.16666666666667,68.73333333333333,99.75,129.83333333333334,77.40833333333333,113.59999999999998,125.91666666666667,75.25833333333334,110.46249999999999,-13.0,-38.0,0.670157059291138,0.6709677275060704,14.6185,150.528
2026-05-02 03:44:52.823962,96.0,56.0,71.0,45.1,11.8,12.8,0.35,pm25,23.77,63.0,1.05,1021.0,10000,44.0,Clear,clear sky,3,5,2,5,1,1,93.66666666666667,55.5,77.49999999999996,108.83333333333333,62.86666666666667,89.18333333333334,125.58333333333333,75.01666666666667,108.8,125.75,74.8375,109.60416666666667,10.0,-11.0,0.7887323832572904,0.26164079242481614,14.9751,58.800000000000004
2026-05-02 04:44:52.823962,104.0,63.6,98.8,34.1,30.1,13.5,0.7,pm25,24.77,66.0,3.5,1015.0,10000,21.0,Clear,clear sky,4,5,2,5,1,1,95.33333333333333,56.93333333333334,82.06666666666663,102.66666666666667,60.449999999999996,85.03333333333335,126.16666666666667,74.40833333333333,107.95833333333333,125.70833333333333,75.2375,111.30416666666666,8.0,5.0,0.6437246898408433,0.8826979213285068,16.3482,222.6
2026-05-02 05:44:52.823962,73.0,48.4,64.1,43.8,10.8,14.2,0.76,pm25,20.87,70.0,1.71,1020.0,10000,48.0,Clear,clear sky,5,5,2,5,1,1,91.0,56.0,77.96666666666663,94.16666666666667,57.25,80.46666666666667,119.91666666666667,71.35833333333333,102.16666666666667,125.83333333333333,75.64166666666667,111.62916666666668,-31.0,-13.0,0.7550701910285462,0.24657533683617958,14.609000000000002,82.764
2026-05-02 06:44:52.823962,138.0,75.8,109.9,29.2,33.3,22.0,0.48,pm25,28.62,58.0,2.42,1013.0,10000,69.0,Clear,clear sky,6,5,2,5,1,1,105.0,62.6,90.93333333333328,99.33333333333333,59.050000000000004,84.21666666666665,119.41666666666667,70.45833333333333,100.375,127.08333333333333,76.01666666666667,112.38749999999999,65.0,42.0,0.6897179191108469,1.140410919848941,16.5996,183.43599999999998
2026-05-02 07:44:52.823962,179.0,115.2,176.2,34.5,20.0,17.6,0.69,pm25,30.5,73.0,3.52,1015.0,10000,77.0,Clear,clear sky,7,5,2,5,1,1,130.0,79.8,116.73333333333329,112.66666666666667,68.36666666666666,99.39999999999999,123.0,73.28333333333333,106.26666666666665,129.70833333333334,77.8625,115.51666666666667,41.0,75.0,0.6538024934517452,0.5797101281243442,22.265,405.504
2026-05-02 08:44:52.823962,119.0,62.4,82.6,30.2,10.4,24.0,0.1,pm25,26.21,56.0,1.36,1013.0,10000,57.0,Clear,clear sky,8,5,2,5,1,1,145.33333333333334,84.46666666666667,122.89999999999998,118.16666666666667,70.23333333333333,100.43333333333334,118.16666666666667,69.48333333333333,100.09166666666668,127.16666666666667,76.09166666666667,112.09583333333335,-60.0,46.0,0.7554479327427611,0.34437084952414404,14.6776,84.864
2026-05-02 09:44:52.823962,174.0,113.1,173.3,23.8,20.6,14.4,0.72,pm25,31.45,74.0,3.55,1010.0,10000,40.0,Clear,clear sky,9,5,2,5,1,1,157.33333333333334,96.90000000000002,144.0333333333333,131.16666666666666,79.75,117.48333333333335,120.0,71.30833333333332,103.33333333333333,127.54166666666667,76.47083333333335,112.64166666666665,55.0,36.0,0.652625501138918,0.8655461821199083,23.272999999999996,401.50499999999994
2026-05-02 10:44:52.823962,160.0,88.0,140.5,26.5,18.2,8.1,0.16,pm25,33.42,57.0,4.28,1011.0,10000,28.0,Clear,clear sky,10,5,2,5,1,1,151.0,87.83333333333333,132.1333333333333,140.5,83.81666666666666,124.43333333333332,121.58333333333333,72.13333333333334,104.73333333333333,129.20833333333334,77.25416666666666,113.73333333333335,-14.0,-19.0,0.6263345151150569,0.6867924269134933,19.049400000000002,376.64000000000004
2026-05-02 11:44:52.823962,135.0,78.2,136.4,38.9,33.5,12.3,0.94,pm25,31.2,62.0,5.86,1017.0,10000,34.0,Clear,clear sky,11,5,2,5,1,1,156.33333333333334,93.10000000000001,150.06666666666663,150.83333333333334,88.78333333333335,136.48333333333335,122.5,73.01666666666667,108.47500000000001,130.16666666666666,77.90416666666665,115.94166666666666,-25.0,16.0,0.5733137787880221,0.8611824971418383,19.343999999999998,458.25200000000007
2026-05-02 12:44:52.823962,160.0,102.8,151.4,19.7,32.4,16.6,0.74,pm25,33.83,72.0,2.58,1008.0,10000,63.0,Clear,clear sky,12,5,2,5,1,1,151.66666666666666,89.66666666666667,142.76666666666662,154.5,93.28333333333335,143.4,126.91666666666667,76.16666666666667,113.80833333333334,130.75,78.42916666666667,116.63749999999999,25.0,-14.0,0.6789960325033286,1.6446699672756362,24.357599999999998,265.224
2026-05-02 13:44:52.823962,118.0,69.1,97.0,47.3,24.1,5.7,0.49,pm25,29.47,63.0,2.01,1022.0,10000,5.0,Clear,clear sky,13,5,2,5,1,1,137.66666666666666,83.36666666666666,128.26666666666662,144.33333333333334,85.60000000000001,130.20000000000002,128.5,76.98333333333333,114.8,129.875,77.8,115.21249999999999,-42.0,-42.0,0.7123711266765863,0.5095137312999212,18.5661,138.89099999999996
2026-05-02 14:44:52.823962,132.0,75.8,113.5,24.3,21.2,13.6,0.51,pm25,30.62,61.0,2.99,1010.0,10000,27.0,Clear,clear sky,14,5,2,5,1,1,136.66666666666666,82.56666666666666,120.63333333333328,146.5,87.83333333333333,135.35,132.33333333333334,79.03333333333333,117.89166666666667,131.08333333333334,78.22083333333333,115.74583333333334,14.0,-3.0,0.6678414038075647,0.8724279476367098,18.6782,226.642
2026-05-02 15:44:52.823962,116.0,70.4,108.2,30.8,31.3,16.9,0.39,pm25,28.53,66.0,3.39,1013.0,10000,68.0,Clear,clear sky,15,5,2,5,1,1,122.0,71.76666666666667,106.23333333333329,136.83333333333334,80.71666666666667,124.5,134.0,80.23333333333333,120.99166666666667,129.79166666666666,77.625,114.89583333333336,-16.0,-44.0,0.6506469440790487,1.0162337332391644,18.8298,238.65600000000003
2026-05-02 16:44:52.823962,118.0,71.4,102.7,33.6,17.7,10.7,0.35,pm25,28.1,66.0,2.34,1015.0,10000,2.0,Clear,clear sky,16,5,2,5,1,1,122.0,72.53333333333335,108.13333333333328,129.83333333333334,77.95,118.19999999999999,135.16666666666666,80.88333333333334,121.31666666666666,130.66666666666666,77.64583333333333,114.6375,2.0,0.0,0.695228815041589,0.5267856986075685,18.546000000000003,167.076
2026-05-02 17:44:52.823962,165.0,99.9,152.4,41.5,23.2,17.6,0.41,pm25,29.35,66.0,3.39,1019.0,10000,92.0,Clear,clear sky,17,5,2,5,1,1,133.0,80.56666666666666,121.09999999999997,134.83333333333334,81.56666666666668,120.86666666666667,142.83333333333334,85.175,128.67499999999998,131.375,78.26666666666667,115.42083333333333,47.0,33.0,0.6555118067223635,0.5590361311075631,19.371000000000002,338.66100000000006
2026-05-02 18:44:52.823962,176.0,104.3,154.6,32.2,38.5,13.3,0.26,pm25,29.46,64.0,2.72,1014.0,10000,45.0,Clear,clear sky,18,5,2,5,1,1,153.0,91.86666666666667,136.56666666666663,137.5,81.81666666666666,121.39999999999999,146.0,87.55,132.4,132.70833333333334,79.00416666666666,116.3875,11.0,60.0,0.6746442388444746,1.1956521367809896,18.854400000000002,283.696
2026-05-02 19:44:52.823962,126.0,66.5,96.5,15.1,17.1,19.1,0.45,pm25,22.29,56.0,2.52,1006.0,10000,71.0,Clear,clear sky,19,5,2,5,1,1,155.66666666666666,90.23333333333333,134.49999999999997,138.83333333333334,81.38333333333333,121.31666666666666,141.58333333333334,83.49166666666666,125.75833333333334,132.29166666666666,78.3875,116.0125,-50.0,8.0,0.6891191638433247,1.1324502561291223,12.4824,167.58
2026-05-02 20:44:52.823962,138.0,78.2,129.0,25.6,30.9,16.1,0.22,pm25,25.58,61.0,4.74,1011.0,10000,62.0,Clear,clear sky,20,5,2,5,1,1,146.66666666666666,83.0,126.69999999999997,139.83333333333334,81.78333333333335,123.89999999999999,143.16666666666666,84.80833333333334,129.625,130.66666666666666,77.14583333333333,114.85833333333333,12.0,-27.0,0.6062015456883602,1.2070312028503434,15.6038,370.668
2026-05-02 21:44:52.823962,117.0,71.9,94.9,33.1,31.5,9.4,0.05,pm25,23.51,67.0,1.04,1015.0,10000,25.0,Clear,clear sky,21,5,2,5,1,1,127.0,72.2,106.79999999999995,140.0,82.03333333333333,121.68333333333332,138.41666666666666,81.375,123.09166666666665,129.20833333333334,76.34166666666667,113.21249999999999,-21.0,-59.0,0.7576396126697618,0.9516616026688338,15.751700000000001,74.77600000000001
2026-05-02 22:44:52.823962,145.0,83.4,142.7,22.4,23.0,17.6,0.61,pm25,26.35,61.0,5.63,1009.0,10000,92.0,Clear,clear sky,22,5,2,5,1,1,133.33333333333334,77.83333333333333,122.19999999999997,144.5,84.03333333333335,128.35,137.16666666666666,80.99166666666666,123.27499999999999,129.375,76.5625,114.00416666666666,28.0,19.0,0.5844428830802882,1.0267856684470684,16.073500000000003,469.54200000000003
2026-05-02 23:44:52.823962,119.0,63.9,113.5,17.0,26.7,11.5,0.77,pm25,23.71,57.0,5.65,1006.0,10000,8.0,Clear,clear sky,23,5,2,5,1,1,127.0,73.06666666666668,117.0333333333333,136.83333333333334,78.03333333333333,121.86666666666667,135.83333333333334,79.8,121.36666666666666,129.16666666666666,76.40833333333333,114.92083333333333,-26.0,-19.0,0.5629955897533429,1.5705881429065798,13.5147,361.035
2026-05-03 00:44:52.823962,94.0,72.4,106.6,24.7,19.6,15.3,0.42,pm25,23.53,81.0,2.7,1010.0,10000,85.0,Clear,clear sky,0,6,3,5,1,1,119.33333333333333,73.23333333333333,120.9333333333333,123.16666666666667,72.71666666666665,113.86666666666667,130.33333333333334,77.26666666666667,117.63333333333334,128.625,76.71666666666665,115.72083333333332,-25.0,-23.0,0.6791744776812901,0.7935222350800715,19.0593,195.48000000000002
2026-05-03 01:44:52.823962,111.0,71.8,105.0,43.1,29.9,11.3,0.64,pm25,25.73,70.0,2.59,1020.0,10000,19.0,Clear,clear sky,1,6,3,5,1,1,108.0,69.36666666666667,108.36666666666663,120.66666666666667,73.6,115.28333333333335,129.75,77.49166666666666,118.30000000000001,129.125,77.2375,116.55,17.0,-34.0,0.6838095172970522,0.6937354827439564,18.011000000000003,185.962
2026-05-03 02:44:52.823962,106.0,63.0,72.7,31.1,30.7,10.0,0.6,pm25,25.01,65.0,0.26,1014.0,10000,8.0,Clear,clear sky,2,6,3,5,1,1,103.66666666666667,69.06666666666666,94.76666666666664,115.33333333333333,71.06666666666666,105.89999999999999,127.58333333333333,76.425,114.89999999999999,129.95833333333334,77.72916666666667,116.39583333333333,-5.0,-13.0,0.8665749536922289,0.9871382319248156,16.256500000000003,16.38
2026-05-03 03:44:52.823962,119.0,73.4,107.2,38.8,45.9,19.5,0.32,pm25,26.75,67.0,2.57,1017.0,10000,52.0,Clear,clear sky,3,6,3,5,1,1,112.0,69.39999999999999,94.96666666666663,115.66666666666667,71.31666666666668,107.95,127.83333333333333,76.675,114.81666666666666,130.91666666666666,78.45416666666667,117.90416666666665,13.0,25.0,0.6847014861501728,1.1829896602322254,17.9225,188.638
2026-05-03 04:44:52.823962,123.0,80.5,137.9,49.2,23.9,7.7,0.0,pm25,27.18,72.0,5.57,1023.0,10000,21.0,Clear,clear sky,4,6,3,5,1,1,116.0,72.3,105.9333333333333,112.0,70.83333333333333,107.14999999999999,128.25,77.43333333333332,117.75,131.70833333333334,79.15833333333333,119.53333333333335,4.0,12.0,0.583756340944479,0.4857723478501555,19.5696,448.38500000000005
2026-05-03 05:44:52.823962,94.0,56.5,85.0,22.6,20.7,20.4,0.86,pm25,23.56,65.0,3.04,1009.0,10000,81.0,Clear,clear sky,5,6,3,5,1,1,112.0,70.13333333333333,110.0333333333333,107.83333333333333,69.60000000000001,102.39999999999999,122.33333333333333,73.81666666666666,112.13333333333333,132.58333333333334,79.49583333333332,120.40416666666665,-29.0,-12.0,0.6647058745328721,0.9159291630119838,15.313999999999998,171.76
2026-05-03 06:44:52.823962,175.0,116.9,187.7,43.4,17.7,10.2,0.7,pm25,32.38,77.0,4.85,1020.0,10000,27.0,Clear,clear sky,6,6,3,5,1,1,130.66666666666666,84.63333333333334,136.86666666666665,121.33333333333333,77.01666666666667,115.91666666666667,122.25,74.86666666666667,114.89166666666667,134.125,81.20833333333333,123.64583333333333,81.0,56.0,0.6228023408481496,0.4078340919853896,24.9326,566.965
2026-05-03 07:44:52.823962,188.0,115.8,169.2,24.8,27.5,11.2,0.71,pm25,31.29,68.0,2.34,1010.0,10000,11.0,Clear,clear sky,7,6,3,5,1,1,152.33333333333334,96.40000000000002,147.29999999999995,134.16666666666666,84.35000000000001,126.61666666666666,127.41666666666667,78.97500000000001,120.94999999999999,134.5,81.23333333333333,123.35416666666667,13.0,65.0,0.6843971590756669,1.1088709230293983,21.277199999999997,270.972
2026-05-03 08:44:52.823962,138.0,84.3,129.1,22.7,30.1,11.9,0.32,pm25,27.76,67.0,3.39,1009.0,10000,21.0,Clear,clear sky,8,6,3,5,1,1,167.0,105.66666666666667,161.99999999999997,139.5,87.89999999999999,136.01666666666668,127.41666666666667,79.48333333333333,120.95833333333333,135.29166666666666,82.14583333333333,125.29166666666667,-50.0,44.0,0.6529821792952581,1.3259911310136065,18.5992,285.777
2026-05-03 09:44:52.823962,142.0,80.8,114.3,36.1,19.5,14.9,0.1,pm25,28.7,61.0,1.98,1016.0,10000,49.0,Clear,clear sky,9,6,3,5,1,1,156.0,93.63333333333333,137.53333333333327,143.33333333333334,89.13333333333333,137.2,129.5,80.22500000000001,122.57499999999999,133.95833333333334,80.8,122.83333333333331,4.0,-33.0,0.7069116298607907,0.5401661900230973,17.507,159.98399999999998
2026-05-03 10:44:52.823962,152.0,102.2,144.3,43.6,31.3,11.9,0.24,pm25,32.59,76.0,1.64,1020.0,10000,26.0,Clear,clear sky,10,6,3,5,1,1,144.0,89.10000000000001,129.23333333333332,148.16666666666666,92.75,138.26666666666668,130.08333333333334,81.79166666666667,122.70833333333333,133.625,81.39166666666667,122.99166666666667,10.0,-36.0,0.7082467033385537,0.7178898917915163,24.7684,167.608
2026-05-03 11:44:52.823962,107.0,63.8,105.7,51.6,31.5,27.6,0.76,pm25,28.39,64.0,4.51,1024.0,10000,58.0,Clear,clear sky,11,6,3,5,1,1,133.66666666666666,82.26666666666667,121.4333333333333,150.33333333333334,93.96666666666665,141.71666666666667,129.08333333333334,81.78333333333333,122.05833333333334,132.45833333333334,80.79166666666667,121.71250000000002,-45.0,-31.0,0.6035950747058176,0.6104651044483507,18.1696,287.738
2026-05-03 12:44:52.823962,138.0,74.2,105.4,48.1,15.2,16.5,0.51,pm25,31.59,56.0,2.13,1022.0,10000,58.0,Clear,clear sky,12,6,3,5,1,1,132.33333333333334,80.06666666666666,118.46666666666664,144.16666666666666,86.85000000000001,128.0,132.75,81.93333333333332,121.95833333333333,131.54166666666666,79.6,119.79583333333333,31.0,-4.0,0.7039848130551726,0.31600830943849667,17.6904,158.046
2026-05-03 13:44:52.823962,164.0,100.2,156.3,26.5,16.2,19.5,0.45,pm25,34.11,67.0,3.92,1011.0,10000,95.0,Clear,clear sky,13,6,3,5,1,1,136.33333333333334,79.4,122.46666666666664,140.16666666666666,84.25,125.85000000000002,137.16666666666666,84.3,126.23333333333333,133.45833333333334,80.89583333333333,122.26666666666667,26.0,12.0,0.6410748519444986,0.6113207316482743,22.8537,392.784
2026-05-03 14:44:52.823962,164.0,104.0,166.1,42.2,36.4,26.7,0.67,pm25,33.88,70.0,4.5,1019.0,10000,57.0,Clear,clear sky,14,6,3,5,1,1,155.33333333333334,92.8,142.6,144.5,87.53333333333335,132.01666666666668,142.0,87.71666666666665,134.01666666666668,134.79166666666666,82.07083333333334,124.45833333333333,0.0,57.0,0.6261288342797783,0.8625592212663691,23.716000000000005,468.0
2026-05-03 15:44:52.823962,142.0,95.3,132.0,14.5,28.1,17.0,0.59,pm25,31.11,75.0,1.34,1005.0,10000,70.0,Clear,clear sky,15,6,3,5,1,1,156.66666666666666,99.83333333333333,151.4666666666666,144.5,89.95,134.96666666666667,143.91666666666666,89.54166666666667,136.08333333333334,135.875,83.10833333333333,125.44999999999999,-22.0,4.0,0.7219696915002296,1.9379309008323518,23.3325,127.702
2026-05-03 16:44:52.823962,166.0,100.5,164.6,28.5,32.1,4.5,0.46,pm25,32.9,66.0,5.08,1012.0,10000,3.0,Clear,clear sky,16,6,3,5,1,1,157.33333333333334,99.93333333333334,154.2333333333333,146.83333333333334,89.66666666666667,138.35,147.5,91.20833333333333,138.30833333333334,137.875,84.32083333333334,128.02916666666667,24.0,2.0,0.6105710777000543,1.1263157499538334,21.714000000000002,510.54
2026-05-03 17:44:52.823962,163.0,97.4,154.0,34.8,30.7,13.2,0.5,pm25,29.17,65.0,4.18,1015.0,10000,31.0,Clear,clear sky,17,6,3,5,1,1,157.0,97.73333333333333,150.19999999999996,156.16666666666666,95.26666666666667,146.4,153.25,94.61666666666667,144.05833333333334,137.79166666666666,84.21666666666667,128.09583333333333,-3.0,-1.0,0.6324675283606005,0.8821838826958656,18.960500000000003,407.132
2026-05-03 18:44:52.823962,149.0,92.1,142.0,18.6,19.6,23.0,0.45,pm25,27.17,68.0,3.58,1007.0,10000,72.0,Clear,clear sky,18,6,3,5,1,1,159.33333333333334,96.66666666666667,153.5333333333333,158.0,98.25,152.5,151.08333333333334,92.55,140.25,136.66666666666666,83.70833333333333,127.57083333333333,-14.0,7.0,0.6485915447282286,1.0537633842062697,18.4756,329.71799999999996
2026-05-03 19:44:52.823962,163.0,99.6,155.6,35.6,22.4,21.2,0.14,pm25,25.4,67.0,3.92,1016.0,10000,82.0,Clear,clear sky,19,6,3,5,1,1,158.33333333333334,96.36666666666666,150.5333333333333,157.83333333333334,98.14999999999999,152.38333333333335,149.0,91.2,139.11666666666667,138.20833333333334,85.0875,130.03333333333333,14.0,-3.0,0.6401028236497248,0.6292134654715319,17.018,390.43199999999996
2026-05-03 20:44:52.823962,107.0,67.9,97.4,34.9,29.2,12.4,0.61,pm25,22.5,69.0,2.34,1015.0,10000,20.0,Clear,clear sky,20,6,3,5,1,1,139.66666666666666,86.53333333333335,131.66666666666663,148.33333333333334,92.13333333333333,140.93333333333334,146.41666666666666,89.83333333333333,136.475,136.91666666666666,84.65833333333333,128.71666666666667,-56.0,-56.0,0.6971252495161679,0.8366761937915131,15.525,158.886
2026-05-03 21:44:52.823962,127.0,74.7,119.4,22.4,23.3,20.9,0.75,pm25,24.47,64.0,4.11,1009.0,10000,84.0,Clear,clear sky,21,6,3,5,1,1,132.33333333333334,80.73333333333333,124.13333333333328,145.83333333333334,88.7,138.83333333333334,145.16666666666666,89.325,136.9,137.33333333333334,84.77499999999999,129.73749999999998,20.0,-22.0,0.625628135463751,1.0401785249920301,15.6608,307.01700000000005
2026-05-03 22:44:52.823962,117.0,68.7,128.1,53.0,13.9,14.6,0.28,pm25,23.53,63.0,6.76,1025.0,10000,48.0,Clear,clear sky,22,6,3,5,1,1,117.0,70.43333333333334,114.96666666666663,137.66666666666666,83.39999999999999,132.75,142.25,86.53333333333335,135.55,136.16666666666666,84.16250000000001,129.12916666666666,-10.0,-46.0,0.5362997616213915,0.26226414599501613,14.823900000000002,464.412
2026-05-03 23:44:52.823962,138.0,74.4,111.7,20.3,43.1,16.5,0.62,pm25,25.64,56.0,3.01,1008.0,10000,52.0,Clear,clear sky,23,6,3,5,1,1,127.33333333333333,72.60000000000001,119.73333333333329,133.5,79.56666666666668,125.7,144.83333333333334,87.41666666666667,136.05,136.95833333333334,84.6,129.05416666666667,21.0,31.0,0.6660698239384976,2.1231526047708074,14.358400000000001,223.944
2026-05-04 00:44:52.823962,96.0,52.9,65.1,35.2,17.5,16.3,0.49,pm25,23.73,61.0,0.86,1016.0,10000,60.0,Clear,clear sky,0,0,4,5,0,1,117.0,65.33333333333333,101.63333333333328,124.66666666666667,73.03333333333333,112.88333333333333,141.33333333333334,85.64166666666667,132.69166666666666,137.04166666666666,83.78750000000001,127.325,-42.0,-31.0,0.81259599366212,0.4971590767852535,14.475299999999999,45.494
2026-05-04 01:44:52.823962,100.0,61.4,83.8,31.9,22.0,10.8,0.23,pm25,24.34,66.0,1.75,1014.0,10000,13.0,Clear,clear sky,1,0,4,5,0,1,111.33333333333333,62.9,86.86666666666663,114.16666666666667,66.66666666666667,100.91666666666667,136.0,82.40833333333333,126.64999999999999,136.58333333333334,83.35416666666667,126.44166666666668,4.0,-17.0,0.7326968886313021,0.6896551507945093,16.0644,107.45
2026-05-04 02:44:52.823962,111.0,72.2,107.4,42.8,32.5,16.5,0.62,pm25,25.7,71.0,2.87,1019.0,10000,62.0,Clear,clear sky,2,0,4,5,0,1,102.33333333333333,62.166666666666664,85.4333333333333,114.83333333333333,67.38333333333334,102.58333333333333,131.58333333333334,79.75833333333334,121.75833333333334,136.79166666666666,83.7375,127.88749999999999,11.0,-27.0,0.6722532525860964,0.7593457766507997,18.247,207.21400000000003
2026-05-04 03:44:52.823962,126.0,75.8,96.3,39.7,23.4,13.5,0.57,pm25,27.52,65.0,0.38,1018.0,10000,80.0,Clear,clear sky,3,0,4,5,0,1,112.33333333333333,69.8,95.8333333333333,114.66666666666667,67.56666666666666,98.73333333333333,130.25,78.13333333333334,118.78333333333335,137.08333333333334,83.8375,127.43333333333334,15.0,30.0,0.7871235639966401,0.5894206400649712,17.887999999999998,28.804
2026-05-04 04:44:52.823962,102.0,61.6,104.4,31.6,37.3,14.7,0.39,pm25,24.53,65.0,4.79,1014.0,10000,49.0,Clear,clear sky,4,0,4,5,0,1,113.0,69.86666666666667,102.69999999999997,112.16666666666667,66.38333333333334,94.78333333333335,124.91666666666667,74.89166666666667,113.76666666666667,136.20833333333334,83.05,126.03750000000001,-24.0,2.0,0.5900383085245373,1.1803797094816546,15.9445,295.064
2026-05-04 05:44:52.823962,139.0,79.5,105.6,36.7,27.0,17.5,0.71,pm25,29.18,61.0,0.95,1016.0,10000,91.0,Clear,clear sky,5,0,4,5,0,1,122.33333333333333,72.3,102.09999999999997,112.33333333333333,67.23333333333333,93.76666666666667,122.91666666666667,73.39999999999999,109.73333333333333,138.08333333333334,84.00833333333334,126.89583333333333,37.0,28.0,0.7528409019617339,0.7356948028421034,17.7998,75.52499999999999
2026-05-04 06:44:52.823962,158.0,85.1,131.9,31.9,8.7,16.8,0.6,pm25,30.58,56.0,3.65,1014.0,10000,53.0,Clear,clear sky,6,0,4,5,0,1,133.0,75.4,113.96666666666663,122.66666666666667,72.60000000000001,104.89999999999999,123.66666666666667,72.81666666666668,108.89166666666665,137.375,82.68333333333332,124.57083333333334,19.0,32.0,0.6451857418863856,0.27272726417782867,17.1248,310.61499999999995
2026-05-04 07:44:52.823962,143.0,83.9,139.0,34.7,31.4,12.3,0.44,pm25,27.51,63.0,4.98,1015.0,10000,81.0,Clear,clear sky,7,0,4,5,0,1,146.66666666666666,82.83333333333333,125.49999999999996,129.83333333333334,76.35000000000001,114.10000000000001,122.0,71.50833333333334,107.50833333333333,135.5,81.35416666666667,123.3125,-15.0,41.0,0.603597117959733,0.9048991093689017,17.331300000000002,417.82200000000006
2026-05-04 08:44:52.823962,164.0,103.4,130.2,31.3,17.7,21.1,0.47,pm25,30.01,70.0,0.73,1014.0,10000,72.0,Clear,clear sky,8,0,4,5,0,1,155.0,90.8,133.69999999999996,138.66666666666666,81.55,117.90000000000002,126.75,74.46666666666667,110.24166666666666,136.58333333333334,82.15,123.35833333333333,21.0,25.0,0.7941628203213302,0.5654951896007926,21.007,75.482
2026-05-04 09:44:52.823962,167.0,100.0,147.8,29.1,16.1,9.2,0.6,pm25,30.85,65.0,2.67,1013.0,10000,31.0,Clear,clear sky,9,0,4,5,0,1,158.0,95.76666666666667,138.99999999999997,145.5,85.58333333333333,126.48333333333333,130.08333333333334,76.575,112.60833333333335,137.625,82.95,124.75416666666668,3.0,9.0,0.6765899818904602,0.5532645857984678,20.0525,267.0
2026-05-04 10:44:52.823962,141.0,88.0,132.9,25.8,33.2,8.3,0.81,pm25,31.47,69.0,3.13,1011.0,10000,31.0,Clear,clear sky,10,0,4,5,0,1,157.33333333333334,97.13333333333333,136.9666666666666,152.0,89.98333333333333,131.23333333333332,132.08333333333334,78.18333333333332,113.00833333333333,137.16666666666666,82.35833333333333,124.27916666666668,-26.0,-2.0,0.6621519889981039,1.2868216555495482,21.714299999999998,275.44
2026-05-04 11:44:52.823962,104.0,65.0,114.7,40.9,28.6,9.2,0.35,pm25,28.09,67.0,5.57,1018.0,10000,4.0,Clear,clear sky,11,0,4,5,0,1,137.33333333333334,84.33333333333333,131.79999999999998,146.16666666666666,87.56666666666666,132.75,129.25,77.39999999999999,113.25833333333333,137.04166666666666,82.40833333333335,124.65416666666665,-37.0,-60.0,0.566695723045373,0.6992664865705016,18.8203,362.05
2026-05-04 12:44:52.823962,94.0,60.8,99.8,38.4,19.4,14.1,0.52,pm25,27.16,69.0,4.29,1017.0,10000,39.0,Clear,clear sky,12,0,4,5,0,1,113.0,71.26666666666667,115.79999999999995,135.5,83.51666666666667,127.39999999999999,129.08333333333334,78.05833333333334,116.14999999999999,135.20833333333334,81.85000000000001,124.42083333333335,-10.0,-73.0,0.6092184307693544,0.5052083201768667,18.7404,260.832
2026-05-04 13:44:52.823962,100.0,65.7,96.7,26.3,37.1,21.1,0.49,pm25,27.67,71.0,2.72,1011.0,10000,62.0,Clear,clear sky,13,0,4,5,0,1,99.33333333333333,63.833333333333336,103.73333333333329,128.33333333333334,80.48333333333333,120.35000000000001,129.08333333333334,78.41666666666667,117.22500000000001,132.54166666666666,80.41250000000001,121.9375,6.0,-41.0,0.6794208823224315,1.4106463341959568,19.6457,178.704
2026-05-04 14:44:52.823962,100.0,62.2,101.4,33.1,30.8,8.4,0.49,pm25,27.34,67.0,4.22,1015.0,10000,7.0,Clear,clear sky,14,0,4,5,0,1,98.0,62.9,99.29999999999997,117.66666666666667,73.61666666666667,115.55000000000001,128.16666666666666,77.58333333333333,116.72500000000001,129.875,78.67083333333333,119.24166666666667,0.0,-4.0,0.613412222747414,0.9305135670539708,18.3178,262.484
2026-05-04 15:44:52.823962,124.0,83.9,117.7,37.7,43.1,8.1,0.4,pm25,29.28,75.0,1.78,1017.0,10000,46.0,Clear,clear sky,15,0,4,5,0,1,108.0,70.60000000000001,105.26666666666664,110.5,70.93333333333334,110.53333333333335,128.0,78.25833333333334,118.50833333333333,129.125,78.19583333333334,118.64583333333333,24.0,30.0,0.7128292207915955,1.1432360439459937,21.96,149.342
2026-05-04 16:44:52.823962,110.0,65.1,109.5,2.2,19.8,14.1,0.63,pm25,27.32,64.0,4.78,999.0,10000,38.0,Clear,clear sky,16,0,4,5,0,1,111.33333333333333,70.4,109.5333333333333,105.33333333333333,67.11666666666667,106.63333333333334,128.66666666666666,78.55,118.93333333333332,126.79166666666667,76.72083333333333,116.35000000000001,-14.0,10.0,0.5945205425157941,8.999995909092767,17.4848,311.178
2026-05-04 17:44:52.823962,166.0,97.8,165.8,42.2,6.7,17.9,0.51,pm25,29.45,63.0,5.86,1019.0,10000,53.0,Clear,clear sky,17,0,4,5,0,1,133.33333333333334,82.26666666666667,130.99999999999997,115.66666666666667,72.58333333333333,115.14999999999999,130.91666666666666,80.075,123.95,126.91666666666667,76.7375,116.84166666666668,56.0,66.0,0.5898673064543588,0.15876776874957893,18.5535,573.1080000000001
2026-05-04 18:44:52.823962,179.0,105.2,132.3,31.9,13.2,5.9,0.39,pm25,29.7,63.0,0.83,1014.0,10000,96.0,Clear,clear sky,18,0,4,5,0,1,151.66666666666666,89.36666666666667,135.86666666666665,129.83333333333334,79.98333333333333,120.56666666666668,132.66666666666666,81.75,123.98333333333333,128.16666666666666,77.28333333333333,116.4375,13.0,55.0,0.7951625034379252,0.4137930904767056,18.711,87.316
2026-05-04 19:44:52.823962,184.0,113.2,156.7,25.2,30.2,9.7,0.72,pm25,27.19,68.0,1.03,1011.0,10000,21.0,Clear,clear sky,19,0,4,5,0,1,176.33333333333334,105.39999999999999,151.59999999999997,143.83333333333334,87.90000000000002,130.56666666666666,136.08333333333334,84.19166666666666,125.45833333333336,129.04166666666666,77.85,116.48333333333333,5.0,74.0,0.7223994848602459,1.1984126508566408,18.4892,116.596
2026-05-04 20:44:52.823962,125.0,78.4,118.6,42.8,30.2,13.0,0.69,pm25,24.32,68.0,3.14,1019.0,10000,27.0,Clear,clear sky,20,0,4,5,0,1,162.66666666666666,98.93333333333334,135.86666666666665,148.0,90.60000000000001,133.43333333333334,132.83333333333334,82.10833333333333,124.49166666666667,129.79166666666666,78.28750000000001,117.36666666666667,-59.0,-41.0,0.6610455256235622,0.7056074601493585,16.5376,246.17600000000002
2026-05-04 21:44:52.823962,97.0,65.4,82.1,41.9,27.4,16.3,0.69,pm25,21.5,72.0,0.6,1019.0,10000,67.0,Clear,clear sky,21,0,4,5,0,1,135.33333333333334,85.66666666666667,119.13333333333328,143.5,87.51666666666667,127.5,127.0,79.22500000000001,119.01666666666665,128.54166666666666,77.89999999999999,115.8125,-28.0,-82.0,0.7965895152668757,0.6539379318869228,15.48,39.24
2026-05-04 22:44:52.823962,107.0,67.1,94.7,24.3,27.3,10.8,0.34,pm25,22.5,68.0,2.1,1010.0,10000,6.0,Clear,clear sky,22,0,4,5,0,1,109.66666666666667,70.30000000000001,98.46666666666663,143.0,87.85000000000001,125.03333333333332,124.16666666666667,77.48333333333333,115.83333333333333,128.125,77.83333333333333,114.42083333333335,10.0,-77.0,0.7085533188114749,1.1234567438906689,15.3,140.91
2026-05-04 23:44:52.823962,133.0,82.8,134.7,26.8,27.6,11.5,0.19,pm25,25.07,68.0,4.57,1011.0,10000,63.0,Clear,clear sky,23,0,4,5,0,1,112.33333333333333,71.76666666666667,103.8333333333333,137.5,85.35000000000001,119.85000000000001,126.58333333333333,78.96666666666667,117.5,127.91666666666667,78.18333333333334,115.37916666666666,26.0,8.0,0.614699327285083,1.0298507078413914,17.0476,378.396
2026-05-05 00:44:52.823962,119.0,76.2,107.8,24.1,28.8,20.9,0.39,pm25,26.71,70.0,2.02,1010.0,10000,81.0,Clear,clear sky,0,1,5,5,0,1,119.66666666666667,75.36666666666666,112.39999999999996,127.5,80.51666666666667,115.76666666666665,128.66666666666666,80.25,118.16666666666667,128.875,79.15416666666667,117.15833333333335,-14.0,22.0,0.7068645574502361,1.1950206973020456,18.697,153.924
2026-05-05 01:44:52.823962,114.0,77.8,118.6,43.3,19.9,16.1,0.84,pm25,26.1,74.0,3.29,1020.0,10000,65.0,Clear,clear sky,1,1,5,5,0,1,122.0,78.93333333333334,120.36666666666662,115.83333333333333,74.61666666666666,109.41666666666667,129.83333333333334,81.25833333333334,119.99166666666667,129.45833333333334,79.83749999999999,118.60833333333333,-5.0,7.0,0.6559865037437901,0.4595842849980535,19.314,255.962
2026-05-05 02:44:52.823962,125.0,82.6,130.7,36.1,32.4,16.2,0.01,pm25,27.42,73.0,4.02,1016.0,10000,60.0,Clear,clear sky,2,1,5,5,0,1,119.33333333333333,78.86666666666666,119.03333333333329,115.83333333333333,75.31666666666666,111.43333333333332,131.91666666666666,82.95833333333333,122.43333333333332,130.04166666666666,80.27083333333333,119.57916666666667,11.0,-8.0,0.6319816325020533,0.8975069003460693,20.0166,332.05199999999996
2026-05-05 03:44:52.823962,136.0,81.2,136.1,15.1,23.5,16.2,0.26,pm25,28.9,64.0,5.13,1006.0,10000,89.0,Clear,clear sky,3,1,5,5,0,1,125.0,80.53333333333332,128.4666666666666,122.33333333333333,77.95,120.43333333333332,132.91666666666666,82.73333333333333,123.96666666666668,130.45833333333334,80.49583333333332,121.2375,11.0,17.0,0.596620127872005,1.5562912876628288,18.496,416.556
2026-05-05 04:44:52.823962,91.0,56.7,81.1,38.8,23.8,12.2,0.64,pm25,23.2,67.0,2.41,1017.0,10000,6.0,Clear,clear sky,4,1,5,5,0,1,117.33333333333333,73.5,115.96666666666663,119.66666666666667,76.21666666666667,118.16666666666667,131.33333333333334,82.03333333333333,121.60000000000001,130.0,80.29166666666667,120.26666666666665,-45.0,-23.0,0.6991368594434421,0.6134020460463391,15.543999999999999,136.64700000000002
2026-05-05 05:44:52.823962,81.0,52.0,68.5,30.9,22.5,19.8,0.83,pm25,21.93,68.0,1.57,1013.0,10000,5.0,Clear,clear sky,5,1,5,5,0,1,102.66666666666667,63.300000000000004,95.23333333333329,111.0,71.08333333333333,107.13333333333333,124.25,78.21666666666667,113.49166666666666,127.58333333333333,79.14583333333333,118.72083333333335,-10.0,-44.0,0.7591240765091376,0.7281553162409283,14.9124,81.64
2026-05-05 06:44:52.823962,144.0,82.5,119.2,19.0,11.4,12.4,0.32,pm25,29.2,61.0,2.31,1008.0,10000,43.0,Clear,clear sky,6,1,5,5,0,1,105.33333333333333,63.73333333333333,89.59999999999997,115.16666666666667,72.13333333333333,109.03333333333335,121.33333333333333,76.325,112.39999999999999,127.0,79.03750000000001,118.19166666666666,63.0,8.0,0.6921140881534052,0.5999999684210543,17.812,190.57500000000002
2026-05-05 07:44:52.823962,137.0,88.7,137.3,51.1,26.0,19.1,0.63,pm25,26.95,72.0,3.62,1024.0,10000,92.0,Clear,clear sky,7,1,5,5,0,1,120.66666666666667,74.4,108.3333333333333,119.0,73.95,112.14999999999999,117.41666666666667,74.28333333333335,110.78333333333332,126.75,79.2375,118.12083333333332,-7.0,46.0,0.6460305852437684,0.5088062522738502,19.404,321.094
2026-05-05 08:44:52.823962,154.0,85.6,119.5,27.9,14.1,7.0,0.9,pm25,29.17,58.0,1.67,1012.0,10000,20.0,Clear,clear sky,8,1,5,5,0,1,145.0,85.59999999999998,125.3333333333333,123.83333333333333,74.45,110.28333333333335,119.83333333333333,74.88333333333333,110.85833333333333,126.33333333333333,78.49583333333332,117.675,17.0,73.0,0.7163179856375064,0.5053763259721747,16.9186,142.952
2026-05-05 09:44:52.823962,123.0,75.3,113.4,45.8,11.3,18.0,0.19,pm25,27.16,66.0,3.07,1021.0,10000,57.0,Clear,clear sky,9,1,5,5,0,1,138.0,83.19999999999999,123.39999999999998,121.66666666666667,73.46666666666667,106.5,122.0,75.70833333333333,113.46666666666668,124.5,77.46666666666665,116.24166666666666,-31.0,-21.0,0.6640211581655983,0.24672488544268814,17.9256,231.171
2026-05-05 10:44:52.823962,115.0,61.9,94.0,13.6,36.9,15.5,0.66,pm25,28.88,58.0,3.17,1005.0,10000,96.0,Clear,clear sky,10,1,5,5,0,1,130.66666666666666,74.26666666666667,108.96666666666664,125.66666666666667,74.33333333333333,108.64999999999999,122.66666666666667,75.27499999999999,113.40833333333335,123.41666666666667,76.37916666666666,114.62083333333332,-8.0,-22.0,0.6585106312924401,2.7132350946150665,16.7504,196.22299999999998
2026-05-05 11:44:52.823962,128.0,69.4,115.8,31.6,20.3,13.5,0.26,pm25,30.51,58.0,4.75,1014.0,10000,2.0,Clear,clear sky,11,1,5,5,0,1,122.0,68.86666666666666,107.7333333333333,133.5,77.23333333333333,116.53333333333335,122.25,74.15833333333333,111.83333333333333,124.41666666666667,76.5625,114.66666666666667,13.0,-26.0,0.5993091485379176,0.6424050429618657,17.695800000000002,329.65000000000003
2026-05-05 12:44:52.823962,135.0,85.9,134.2,22.4,17.3,27.8,1.04,pm25,31.35,70.0,3.8,1009.0,10000,57.0,Clear,clear sky,12,1,5,5,0,1,126.0,72.4,114.66666666666663,132.0,77.8,119.03333333333332,123.58333333333333,74.96666666666665,114.03333333333335,126.125,77.60833333333333,116.09999999999998,7.0,12.0,0.6400894140082757,0.772321394092795,21.945,326.42
2026-05-05 13:44:52.823962,109.0,59.7,89.9,31.3,16.7,16.2,0.46,pm25,28.59,59.0,3.04,1014.0,10000,58.0,Clear,clear sky,13,1,5,5,0,1,124.0,71.66666666666667,113.29999999999997,127.33333333333333,72.96666666666667,111.13333333333333,123.16666666666667,73.45833333333333,111.64166666666665,126.5,77.35833333333333,115.81666666666666,-26.0,-6.0,0.6640711828245697,0.5335463088323863,16.8681,181.488
2026-05-05 14:44:52.823962,158.0,98.6,156.9,28.5,11.1,11.6,0.45,pm25,33.2,69.0,4.34,1012.0,10000,77.0,Clear,clear sky,14,1,5,5,0,1,134.0,81.39999999999999,126.99999999999996,128.0,75.13333333333334,117.36666666666667,125.91666666666667,74.79166666666667,113.825,128.91666666666666,78.875,118.12916666666666,49.0,30.0,0.628425744879377,0.3894736705447835,22.908,427.924
2026-05-05 15:44:52.823962,142.0,85.6,128.8,37.5,23.4,8.0,0.69,pm25,31.12,65.0,3.07,1017.0,10000,20.0,Clear,clear sky,15,1,5,5,0,1,136.33333333333334,81.3,125.19999999999997,131.16666666666666,76.85,119.93333333333334,126.41666666666667,75.15833333333333,113.21666666666665,129.66666666666666,78.94583333333334,118.59166666666665,-16.0,7.0,0.6645962681320164,0.6239999833600004,20.227999999999998,262.792
2026-05-05 16:44:52.823962,120.0,79.5,97.9,35.7,9.2,17.8,0.31,pm25,28.33,72.0,0.19,1016.0,10000,55.0,Clear,clear sky,16,1,5,5,0,1,140.0,87.89999999999999,127.86666666666666,132.0,79.78333333333333,120.58333333333333,128.83333333333334,77.05833333333334,114.61666666666667,130.08333333333334,79.54583333333333,118.10833333333333,-22.0,11.0,0.8120531071291818,0.25770307401391945,20.397599999999997,15.105
2026-05-05 17:44:52.823962,164.0,95.9,145.0,25.2,33.0,8.8,0.56,pm25,29.22,63.0,3.18,1011.0,10000,29.0,Clear,clear sky,17,1,5,5,0,1,142.0,87.0,123.89999999999998,138.0,84.2,125.44999999999999,135.75,80.71666666666667,120.99166666666667,130.0,79.46666666666665,117.24166666666666,44.0,6.0,0.661379305783591,1.309523757558581,18.4086,304.96200000000005
2026-05-05 18:44:52.823962,181.0,109.3,150.3,33.8,28.7,16.5,0.31,pm25,29.94,65.0,0.95,1015.0,10000,75.0,Clear,clear sky,18,1,5,5,0,1,155.0,94.90000000000002,131.06666666666663,145.66666666666666,88.10000000000001,128.13333333333335,138.83333333333334,82.95,123.58333333333333,130.08333333333334,79.6375,117.99166666666667,17.0,39.0,0.7272122373438973,0.8491124009138344,19.461000000000002,103.835
2026-05-05 19:44:52.823962,140.0,86.5,120.6,19.5,22.7,17.4,0.72,pm25,23.47,67.0,1.63,1008.0,10000,90.0,Clear,clear sky,19,1,5,5,0,1,161.66666666666666,97.23333333333335,138.63333333333333,150.83333333333334,92.56666666666666,133.25,139.08333333333334,82.76666666666667,122.19166666666666,128.25,78.525,116.4875,-41.0,20.0,0.7172470918967904,1.1641025044049997,15.7249,140.995
2026-05-05 20:44:52.823962,141.0,81.8,117.6,30.5,32.2,20.4,0.2,pm25,25.91,62.0,2.24,1013.0,10000,73.0,Clear,clear sky,20,1,5,5,0,1,154.0,92.53333333333332,129.49999999999997,148.0,89.76666666666667,126.69999999999999,138.0,82.45,122.03333333333335,128.91666666666666,78.66666666666667,116.44583333333333,1.0,-23.0,0.6955782253777362,1.055737670303683,16.0642,183.232
2026-05-05 21:44:52.823962,123.0,77.7,99.0,31.6,35.5,13.1,0.33,pm25,24.1,69.0,0.37,1014.0,10000,41.0,Clear,clear sky,21,1,5,5,0,1,134.66666666666666,82.0,112.39999999999998,144.83333333333334,88.45,121.73333333333333,138.0,82.64999999999999,120.83333333333333,130.0,79.17916666666666,117.14999999999999,-18.0,-58.0,0.7848484769207225,1.1234176859677947,16.629,28.749000000000002
2026-05-05 22:44:52.823962,156.0,85.7,129.9,23.2,38.4,10.0,0.4,pm25,27.46,57.0,3.2,1010.0,10000,89.0,Clear,clear sky,22,1,5,5,0,1,140.0,81.73333333333333,115.49999999999996,150.83333333333334,89.48333333333333,127.06666666666668,141.41666666666666,84.63333333333334,123.82499999999999,132.04166666666666,79.95416666666667,118.61666666666666,33.0,16.0,0.6597382551213375,1.655172342449468,15.6522,274.24
2026-05-05 23:44:52.823962,152.0,91.2,127.8,25.5,23.0,11.4,0.57,pm25,27.02,65.0,1.66,1011.0,10000,9.0,Clear,clear sky,23,1,5,5,0,1,143.66666666666666,84.86666666666666,118.89999999999998,148.83333333333334,88.7,124.2,143.41666666666666,86.45,124.82499999999999,132.83333333333334,80.30416666666666,118.32916666666667,-4.0,11.0,0.7136150178903363,0.9019607489427157,17.563,151.392
2026-05-06 00:44:52.823962,97.0,59.7,92.7,18.3,28.5,19.1,0.53,pm25,23.98,66.0,3.47,1007.0,10000,86.0,Clear,clear sky,0,2,6,5,0,1,135.0,78.86666666666667,116.79999999999997,134.83333333333334,80.43333333333334,114.59999999999998,140.25,84.26666666666667,121.36666666666666,131.91666666666666,79.61666666666666,117.69999999999999,-55.0,-26.0,0.6440129380365379,1.5573769640777613,15.8268,207.15900000000002
2026-05-06 01:44:52.823962,119.0,68.8,100.7,23.9,18.7,18.0,0.46,pm25,26.7,62.0,2.62,1010.0,10000,74.0,Clear,clear sky,1,2,6,5,0,1,122.66666666666667,73.23333333333333,107.06666666666665,131.33333333333334,77.48333333333333,111.28333333333335,141.08333333333334,85.02499999999999,122.26666666666667,132.125,79.24166666666666,116.95416666666667,22.0,-37.0,0.6832174708717232,0.7824267455051571,16.554,180.256
2026-05-06 02:44:52.823962,100.0,56.6,81.9,17.3,32.9,15.7,0.22,pm25,24.25,62.0,2.55,1007.0,10000,55.0,Clear,clear sky,2,2,6,5,0,1,105.33333333333333,61.699999999999996,91.76666666666664,124.5,73.28333333333335,105.33333333333333,136.25,81.52499999999999,116.01666666666667,131.08333333333334,78.15833333333335,114.92083333333333,-19.0,-52.0,0.6910866826485143,1.901733994119422,15.035,144.32999999999998
2026-05-06 03:44:52.823962,80.0,50.1,73.8,31.0,28.9,17.1,0.48,pm25,21.71,67.0,2.79,1013.0,10000,80.0,Clear,clear sky,3,2,6,5,0,1,99.66666666666667,58.5,85.46666666666664,117.33333333333333,68.68333333333332,101.13333333333334,131.08333333333334,78.56666666666666,111.43333333333334,128.75,76.8625,112.325,-20.0,-17.0,0.6788617794192171,0.9322580344432891,14.545700000000002,139.779
2026-05-06 04:44:52.823962,113.0,74.7,125.8,20.0,24.1,5.1,0.26,pm25,25.98,72.0,5.07,1008.0,10000,31.0,Clear,clear sky,4,2,6,5,0,1,97.66666666666667,60.46666666666667,93.83333333333331,110.16666666666667,66.85000000000001,100.45,130.5,78.16666666666667,113.75833333333333,129.66666666666666,77.6125,114.1875,33.0,-6.0,0.593799677314788,1.204999939750003,18.7056,378.72900000000004
2026-05-06 05:44:52.823962,95.0,61.1,89.3,24.3,23.4,17.4,0.49,pm25,23.72,69.0,2.65,1010.0,10000,93.0,Clear,clear sky,5,2,6,5,0,1,96.0,61.96666666666667,96.29999999999995,100.66666666666667,61.833333333333336,94.03333333333335,124.75,75.26666666666667,109.11666666666666,130.25,77.99166666666666,115.05416666666666,-18.0,-5.0,0.6842105186538576,0.962962923334859,16.366799999999998,161.915
2026-05-06 06:44:52.823962,116.0,67.9,119.2,30.3,46.9,21.7,0.42,pm25,26.39,63.0,5.6,1013.0,10000,52.0,Clear,clear sky,6,2,6,5,0,1,108.0,67.9,111.4333333333333,103.83333333333333,63.20000000000001,98.45,119.33333333333333,71.81666666666668,106.52499999999999,129.08333333333334,77.38333333333334,115.05416666666667,21.0,36.0,0.569630867704439,1.547854734394233,16.6257,380.24
2026-05-06 07:44:52.823962,161.0,90.1,135.6,32.5,18.4,20.1,0.38,pm25,29.03,58.0,3.07,1014.0,10000,5.0,Clear,clear sky,7,2,6,5,0,1,124.0,73.03333333333333,114.69999999999997,110.83333333333333,66.75,104.26666666666667,121.08333333333333,72.11666666666667,107.77500000000002,130.08333333333334,77.44166666666666,114.98333333333333,45.0,48.0,0.6644542723860304,0.5661538287337283,16.8374,276.60699999999997
2026-05-06 08:44:52.823962,157.0,88.8,123.5,19.9,35.0,18.7,0.82,pm25,29.37,60.0,1.54,1008.0,10000,65.0,Clear,clear sky,8,2,6,5,0,1,144.66666666666666,82.26666666666667,126.09999999999998,120.33333333333333,72.11666666666666,111.2,122.41666666666667,72.7,108.26666666666665,130.20833333333334,77.575,115.15000000000002,-4.0,62.0,0.7190283342588799,1.7587938814676443,17.622,136.752
2026-05-06 09:44:52.823962,120.0,74.2,104.1,34.3,35.4,9.3,0.67,pm25,26.88,67.0,1.93,1015.0,10000,77.0,Clear,clear sky,9,2,6,5,0,1,146.0,84.36666666666666,121.06666666666665,127.0,76.13333333333334,116.25,122.16666666666667,72.40833333333335,108.69166666666666,130.08333333333334,77.52916666666667,114.7625,-37.0,4.0,0.7127761699060887,1.0320699407559786,18.0096,143.206
2026-05-06 10:44:52.823962,131.0,74.5,87.6,23.5,29.2,9.9,0.16,pm25,30.49,61.0,0.63,1010.0,10000,18.0,Clear,clear sky,10,2,6,5,0,1,136.0,79.16666666666667,105.06666666666665,130.0,76.10000000000001,109.88333333333333,120.08333333333333,71.47500000000001,105.16666666666667,130.75,78.05416666666666,114.49583333333334,11.0,-30.0,0.8504566112961575,1.24255313861476,18.5989,46.935
2026-05-06 11:44:52.823962,154.0,94.9,139.6,31.7,27.4,18.1,0.59,pm25,33.14,67.0,2.58,1014.0,10000,90.0,Clear,clear sky,11,2,6,5,0,1,135.0,81.2,110.4333333333333,139.83333333333334,81.73333333333333,118.26666666666667,120.25,71.78333333333333,106.15000000000002,131.83333333333334,79.11666666666666,115.4875,23.0,-3.0,0.6797994220644741,0.8643532850361739,22.2038,244.842
2026-05-06 12:44:52.823962,121.0,70.5,111.9,31.7,13.6,15.0,0.65,pm25,29.88,63.0,3.92,1014.0,10000,50.0,Clear,clear sky,12,2,6,5,0,1,135.33333333333334,79.96666666666667,113.0333333333333,140.66666666666666,82.16666666666667,117.05,122.25,72.68333333333334,107.75,131.25,78.47500000000001,114.55833333333334,-33.0,1.0,0.6300268040212081,0.4290220684851082,18.824399999999997,276.36
2026-05-06 13:44:52.823962,114.0,68.0,105.4,28.3,12.5,25.8,0.7,pm25,29.06,65.0,3.52,1012.0,10000,7.0,Clear,clear sky,13,2,6,5,0,1,129.66666666666666,77.8,118.96666666666664,132.83333333333334,78.48333333333333,112.01666666666667,121.83333333333333,72.61666666666667,108.14166666666667,131.45833333333334,78.82083333333334,115.20416666666667,-7.0,-17.0,0.6451612842015059,0.44169609746656896,18.889,239.36
2026-05-06 14:44:52.823962,132.0,73.6,120.7,22.8,15.2,11.7,0.4,pm25,30.58,60.0,4.53,1009.0,10000,35.0,Clear,clear sky,14,2,6,5,0,1,122.33333333333333,70.7,112.66666666666664,128.66666666666666,75.95,111.55,124.5,74.03333333333335,111.375,130.375,77.77916666666667,113.69583333333333,18.0,-22.0,0.6097762998361532,0.6666666374269018,18.348,333.408
2026-05-06 15:44:52.823962,141.0,83.8,137.2,24.1,33.5,14.3,0.78,pm25,31.06,64.0,4.73,1010.0,10000,45.0,Clear,clear sky,15,2,6,5,0,1,129.0,75.13333333333333,121.09999999999998,132.16666666666666,77.55,117.06666666666666,129.58333333333334,76.84166666666667,116.65833333333335,130.33333333333334,77.70416666666667,114.04583333333333,9.0,20.0,0.6107871675598603,1.3900414360978657,19.8784,396.374
2026-05-06 16:44:52.823962,152.0,95.7,147.1,21.7,31.3,10.7,0.39,pm25,31.53,69.0,3.53,1009.0,10000,24.0,Clear,clear sky,16,2,6,5,0,1,141.66666666666666,84.36666666666666,134.99999999999997,135.66666666666666,81.08333333333333,126.98333333333333,132.83333333333334,78.59166666666665,118.43333333333334,131.66666666666666,78.37916666666666,116.09583333333335,11.0,38.0,0.6505778337826117,1.4423962468941822,21.7557,337.82099999999997
2026-05-06 17:44:52.823962,182.0,98.0,166.7,15.2,32.9,20.8,0.49,pm25,30.79,54.0,5.96,1006.0,10000,71.0,Clear,clear sky,17,2,6,5,0,1,158.33333333333334,92.5,150.3333333333333,140.33333333333334,81.60000000000001,131.5,140.08333333333334,81.66666666666667,124.88333333333334,132.41666666666666,78.46666666666667,117.0,30.0,50.0,0.5878824199887078,2.1644735418109513,16.6266,584.08
2026-05-06 18:44:52.823962,153.0,87.3,140.1,25.6,24.1,8.8,0.82,pm25,27.53,61.0,4.37,1011.0,10000,16.0,Clear,clear sky,18,2,6,5,0,1,162.33333333333334,93.66666666666667,151.29999999999995,145.66666666666666,84.4,136.2,143.16666666666666,83.28333333333333,126.625,131.25,77.55,116.575,-29.0,12.0,0.6231263338820391,0.9414062132263198,16.793300000000002,381.501
2026-05-06 19:44:52.823962,165.0,96.6,137.7,43.7,36.0,12.4,0.68,pm25,25.55,63.0,1.91,1020.0,10000,40.0,Clear,clear sky,19,2,6,5,0,1,166.66666666666666,93.96666666666665,148.16666666666663,154.16666666666666,89.16666666666667,141.58333333333334,143.5,83.825,126.80000000000001,132.29166666666666,77.97083333333333,117.28750000000001,12.0,13.0,0.701525049371641,0.8237986081510615,16.096500000000002,184.50599999999997
2026-05-06 20:44:52.823962,123.0,76.1,125.6,11.7,30.9,13.7,0.44,pm25,24.12,67.0,4.73,1004.0,10000,36.0,Clear,clear sky,20,2,6,5,0,1,147.0,86.66666666666667,134.46666666666664,152.66666666666666,89.58333333333333,142.4,140.66666666666666,82.76666666666667,126.97499999999998,131.54166666666666,77.73333333333333,117.62083333333334,-42.0,-59.0,0.6058917149212443,2.641025415296973,16.1604,359.95300000000003
2026-05-06 21:44:52.823962,118.0,77.3,117.4,31.9,18.7,11.7,0.64,pm25,23.57,72.0,3.22,1014.0,10000,25.0,Clear,clear sky,21,2,6,5,0,1,135.33333333333334,83.33333333333333,126.89999999999998,148.83333333333334,88.5,139.1,140.5,83.025,128.08333333333334,131.33333333333334,77.71666666666665,118.3875,-5.0,-35.0,0.6584327030797895,0.586206878175333,16.970399999999998,248.906
2026-05-06 22:44:52.823962,133.0,74.4,122.2,32.4,9.2,17.1,0.66,pm25,25.08,60.0,4.59,1014.0,10000,54.0,Clear,clear sky,22,2,6,5,0,1,124.66666666666667,75.93333333333332,121.7333333333333,145.66666666666666,84.95,134.95,140.66666666666666,83.01666666666667,130.96666666666667,130.375,77.24583333333334,118.06666666666666,15.0,-32.0,0.6088379655577908,0.28395060852004295,15.048,341.49600000000004
2026-05-06 23:44:52.823962,150.0,93.6,143.6,8.9,29.1,16.1,0.63,pm25,26.85,68.0,3.49,1002.0,10000,69.0,Clear,clear sky,23,2,6,5,0,1,133.66666666666666,81.76666666666667,127.7333333333333,140.33333333333334,84.21666666666665,131.1,140.33333333333334,82.90833333333333,131.29999999999998,130.29166666666666,77.34583333333333,118.72499999999998,17.0,27.0,0.6518105804191464,3.2696625539705,18.258000000000003,326.664
2026-05-07 00:44:52.823962,114.0,68.1,93.1,30.7,27.7,15.8,0.5,pm25,26.03,65.0,1.65,1013.0,10000,82.0,Clear,clear sky,0,3,7,5,0,1,132.33333333333334,78.7,119.63333333333331,133.83333333333334,81.01666666666667,123.26666666666667,139.75,82.70833333333333,129.73333333333332,131.0,77.69583333333334,118.74166666666667,-36.0,-4.0,0.7314715281259772,0.9022801009029283,16.9195,112.36499999999998
2026-05-07 01:44:52.823962,92.0,60.4,89.8,26.1,25.4,19.1,0.32,pm25,23.26,70.0,2.87,1011.0,10000,92.0,Clear,clear sky,1,3,7,5,0,1,118.66666666666667,74.03333333333333,108.8333333333333,121.66666666666667,74.98333333333333,115.28333333333335,137.91666666666666,82.075,128.43333333333334,129.875,77.34583333333333,118.28749999999998,-22.0,-41.0,0.6726057831558376,0.9731800393417608,16.282,173.348
2026-05-07 02:44:52.823962,103.0,59.3,75.6,38.1,25.8,8.2,0.57,pm25,24.69,62.0,1.0,1017.0,10000,19.0,Clear,clear sky,2,3,7,5,0,1,103.0,62.599999999999994,86.16666666666663,118.33333333333333,72.18333333333332,106.95,135.5,80.88333333333333,124.675,130.0,77.45833333333333,118.02499999999999,11.0,-47.0,0.7843915240159852,0.6771653365573402,15.3078,59.3
2026-05-07 03:44:52.823962,99.0,64.5,91.5,46.2,16.8,14.2,0.39,pm25,24.22,70.0,2.21,1021.0,10000,44.0,Clear,clear sky,3,3,7,5,0,1,98.0,61.4,85.63333333333331,115.16666666666667,70.05,102.63333333333333,132.0,79.27499999999999,120.86666666666667,130.79166666666666,78.05833333333334,118.76249999999999,-4.0,-15.0,0.7049180250828632,0.36363635576544684,16.953999999999997,142.545
2026-05-07 04:44:52.823962,92.0,58.0,91.8,48.1,29.9,6.7,0.29,pm25,23.34,68.0,3.71,1022.0,10000,85.0,Clear,clear sky,4,3,7,5,0,1,98.0,60.599999999999994,86.29999999999995,108.33333333333333,67.31666666666666,97.56666666666666,127.0,76.13333333333333,116.25833333333333,129.91666666666666,77.3625,117.34583333333332,-7.0,0.0,0.6318082719846594,0.6216216086980955,15.871199999999998,215.18
2026-05-07 05:44:52.823962,107.0,61.9,106.8,27.1,25.6,25.3,0.53,pm25,25.17,63.0,5.1,1012.0,10000,67.0,Clear,clear sky,5,3,7,5,0,1,99.33333333333333,61.46666666666667,96.69999999999997,101.16666666666667,62.033333333333324,91.43333333333334,120.75,73.12499999999999,111.26666666666665,130.41666666666666,77.39583333333333,118.075,15.0,4.0,0.5795880095544194,0.944649411636553,15.8571,315.69
2026-05-07 06:44:52.823962,144.0,83.8,128.4,23.8,32.3,12.5,0.38,pm25,29.21,62.0,3.41,1010.0,10000,32.0,Clear,clear sky,6,3,7,5,0,1,114.33333333333333,67.89999999999999,108.99999999999999,106.16666666666667,64.64999999999999,97.31666666666666,120.0,72.83333333333333,110.29166666666667,131.58333333333334,78.05833333333332,118.45833333333333,37.0,45.0,0.6526479699949534,1.3571428001200503,18.1102,285.758
2026-05-07 07:44:52.823962,140.0,94.1,156.4,48.3,14.7,26.2,0.14,pm25,27.25,75.0,5.29,1022.0,10000,58.0,Clear,clear sky,7,3,7,5,0,1,130.33333333333334,79.93333333333332,130.5333333333333,114.16666666666667,70.26666666666667,108.41666666666667,117.91666666666667,72.62499999999999,111.85000000000001,130.70833333333334,78.22500000000001,119.32499999999999,-4.0,48.0,0.6016624002451253,0.3043478197857594,20.4375,497.789
2026-05-07 08:44:52.823962,165.0,104.8,157.3,31.4,32.8,12.4,0.88,pm25,30.05,71.0,3.03,1014.0,10000,33.0,Clear,clear sky,8,3,7,5,0,1,149.66666666666666,94.23333333333333,147.36666666666665,124.5,77.85,122.03333333333335,121.41666666666667,75.01666666666667,114.49166666666667,131.04166666666666,78.89166666666667,120.73333333333333,25.0,58.0,0.6662428438255381,1.0445859539940778,21.335500000000003,317.544
2026-05-07 09:44:52.823962,138.0,75.7,107.2,29.6,32.3,12.3,0.73,pm25,28.38,58.0,2.05,1013.0,10000,31.0,Clear,clear sky,9,3,7,5,0,1,147.66666666666666,91.53333333333335,140.29999999999998,131.0,79.71666666666665,124.64999999999999,123.08333333333333,74.88333333333333,113.64166666666667,131.79166666666666,78.95416666666667,120.8625,-27.0,-6.0,0.7061567098306277,1.0912161793508046,16.4604,155.185
2026-05-07 10:44:52.823962,104.0,65.3,101.0,34.8,30.5,21.2,0.32,pm25,27.74,68.0,3.46,1015.0,10000,76.0,Clear,clear sky,10,3,7,5,0,1,135.66666666666666,81.93333333333334,121.83333333333333,133.0,80.93333333333332,126.18333333333334,120.66666666666667,74.125,111.875,130.66666666666666,78.57083333333334,121.42083333333333,-34.0,-36.0,0.6465346470640134,0.8764367564242312,18.8632,225.938
2026-05-07 11:44:52.823962,159.0,96.6,129.3,17.5,34.1,10.7,0.81,pm25,33.6,66.0,0.67,1007.0,10000,32.0,Clear,clear sky,11,3,7,5,0,1,133.66666666666666,79.19999999999999,112.5,141.66666666666666,86.71666666666665,129.93333333333334,121.41666666666667,74.37499999999999,110.68333333333334,130.875,78.64166666666667,120.99166666666667,55.0,-6.0,0.7470997622034047,1.948571317224496,22.176,64.722
2026-05-07 12:44:52.823962,108.0,70.9,109.3,36.8,33.3,18.5,0.5,pm25,28.53,71.0,3.44,1016.0,10000,69.0,Clear,clear sky,12,3,7,5,0,1,123.66666666666667,77.60000000000001,113.19999999999999,135.66666666666666,84.56666666666666,126.75,120.91666666666667,74.60833333333333,112.03333333333335,130.33333333333334,78.65833333333333,120.88333333333334,-51.0,-30.0,0.6486733700944798,0.9048912797583892,20.2563,243.89600000000002
2026-05-07 13:44:52.823962,108.0,56.0,85.6,16.6,18.7,20.9,0.72,pm25,28.47,56.0,3.24,1006.0,10000,75.0,Clear,clear sky,13,3,7,5,0,1,125.0,74.5,108.06666666666666,130.33333333333334,78.21666666666665,114.95,122.25,74.24166666666666,111.68333333333334,130.08333333333334,78.15833333333333,120.05833333333334,0.0,4.0,0.6542055998340468,1.1265059562345807,15.9432,181.44
2026-05-07 14:44:52.823962,146.0,88.4,129.3,17.4,20.4,19.4,0.51,pm25,31.97,66.0,2.5,1007.0,10000,82.0,Clear,clear sky,14,3,7,5,0,1,120.66666666666667,71.76666666666667,108.06666666666666,127.16666666666667,75.48333333333333,110.28333333333335,125.83333333333333,76.66666666666667,116.15833333333335,130.66666666666666,78.77499999999999,120.41666666666667,38.0,-13.0,0.6836813558880019,1.1724137257233491,21.1002,221.0
2026-05-07 15:44:52.823962,130.0,79.5,133.1,26.1,24.6,18.0,0.53,pm25,29.92,67.0,5.07,1011.0,10000,27.0,Clear,clear sky,15,3,7,5,0,1,128.0,74.63333333333334,116.0,125.83333333333333,76.11666666666667,114.60000000000001,128.41666666666666,77.91666666666667,119.625,130.20833333333334,78.59583333333333,120.24583333333334,-16.0,22.0,0.5972952622291866,0.9425286995199732,20.046400000000002,403.065
2026-05-07 16:44:52.823962,103.0,65.0,86.5,14.0,30.8,17.1,0.52,pm25,26.55,68.0,1.35,1005.0,10000,71.0,Clear,clear sky,16,3,7,5,0,1,126.33333333333333,77.63333333333334,116.3,125.66666666666667,76.06666666666668,112.18333333333334,129.33333333333334,78.5,119.18333333333334,128.16666666666666,77.31666666666666,117.72083333333335,-27.0,-5.0,0.751445078017976,2.1999998428571543,18.054000000000002,87.75
2026-05-07 17:44:52.823962,216.0,122.9,212.1,44.1,23.9,13.5,0.22,pm25,33.62,58.0,7.16,1020.0,10000,6.0,Clear,clear sky,17,3,7,5,0,1,149.66666666666666,89.13333333333333,143.9,135.16666666666666,80.45,125.98333333333333,138.41666666666666,83.58333333333333,127.95833333333333,129.58333333333334,78.35416666666667,119.61250000000001,113.0,70.0,0.5794436559196433,0.5419501010895669,19.499599999999997,879.964
2026-05-07 18:44:52.823962,154.0,89.9,129.1,34.6,30.8,8.4,0.96,pm25,27.59,63.0,2.15,1015.0,10000,7.0,Clear,clear sky,18,3,7,5,0,1,157.66666666666666,92.60000000000001,142.5666666666667,142.83333333333334,83.61666666666667,129.28333333333333,139.25,84.09166666666667,128.01666666666668,129.625,78.4625,119.15416666666668,-62.0,24.0,0.6963594059151093,0.8901733846770699,17.381700000000002,193.285
2026-05-07 19:44:52.823962,158.0,102.7,136.6,25.0,26.3,15.4,0.58,pm25,24.96,73.0,0.39,1010.0,10000,70.0,Clear,clear sky,19,3,7,5,0,1,176.0,105.16666666666667,159.26666666666668,151.16666666666666,91.40000000000002,137.78333333333333,140.75,84.80833333333334,126.36666666666666,129.33333333333334,78.71666666666665,119.10833333333333,4.0,55.0,0.7518301555502918,1.0519999579200017,18.2208,40.053000000000004
2026-05-07 20:44:52.823962,179.0,111.1,170.8,26.2,26.3,18.7,0.6,pm25,29.7,69.0,3.63,1011.0,10000,9.0,Clear,clear sky,20,3,7,5,0,1,163.66666666666666,101.23333333333333,145.5,156.66666666666666,95.18333333333334,144.70000000000002,141.91666666666666,85.33333333333333,127.49166666666667,131.66666666666666,80.175,120.99166666666667,21.0,-37.0,0.6504683802665785,1.0038167555795132,20.493,403.29299999999995
2026-05-07 21:44:52.823962,145.0,77.4,125.2,17.0,23.7,18.1,0.76,pm25,26.29,56.0,4.37,1006.0,10000,93.0,Clear,clear sky,21,3,7,5,0,1,160.66666666666666,97.06666666666666,144.2,159.16666666666666,94.83333333333333,143.38333333333335,142.5,85.47500000000001,128.99166666666665,132.79166666666666,80.17916666666667,121.31666666666666,-34.0,-9.0,0.618210857682022,1.3941175650519078,14.7224,338.23800000000006
2026-05-07 22:44:52.823962,135.0,73.9,99.5,38.6,35.0,16.1,0.65,pm25,25.32,58.0,1.3,1017.0,10000,56.0,Clear,clear sky,22,3,7,5,0,1,153.0,87.46666666666668,131.83333333333334,164.5,96.31666666666666,145.55,145.08333333333334,86.19166666666666,128.86666666666665,132.875,80.15833333333333,120.37083333333334,-10.0,-23.0,0.7427135603747381,0.906735727804774,14.685599999999999,96.07000000000001
2026-05-07 23:44:52.823962,165.0,98.3,145.8,13.0,27.4,7.7,0.26,pm25,28.34,64.0,2.75,1005.0,10000,22.0,Clear,clear sky,23,3,7,5,0,1,148.33333333333334,83.2,123.5,156.0,92.21666666666668,134.5,145.58333333333334,86.33333333333333,130.24166666666667,133.5,80.35416666666667,120.46250000000002,30.0,-14.0,0.6742112436611025,2.1076921455621425,18.1376,270.325
2026-05-08 00:44:52.823962,117.0,73.7,111.4,7.7,21.3,6.1,0.55,pm25,26.44,68.0,3.13,1002.0,10000,29.0,Clear,clear sky,0,4,8,5,0,1,139.0,81.96666666666665,118.90000000000002,149.83333333333334,89.51666666666667,131.54999999999998,146.33333333333334,86.56666666666666,130.41666666666666,133.625,80.58749999999999,121.22500000000001,-48.0,-28.0,0.6615798863412937,2.7662334069826744,17.979200000000002,230.681
2026-05-08 01:44:52.823962,90.0,63.4,114.9,33.5,25.4,16.7,0.08,pm25,23.03,74.0,5.97,1015.0,10000,98.0,Clear,clear sky,1,4,8,5,0,1,124.0,78.46666666666667,124.03333333333335,138.5,82.96666666666667,127.93333333333335,144.83333333333334,87.18333333333334,132.85833333333332,133.54166666666666,80.7125,122.27083333333333,-27.0,-45.0,0.5517841553369525,0.7582089325907782,17.0422,378.498
2026-05-08 02:44:52.823962,118.0,74.8,111.0,35.2,42.9,15.2,0.52,pm25,26.54,69.0,2.83,1016.0,10000,50.0,Clear,clear sky,2,4,8,5,0,1,108.33333333333333,70.63333333333334,112.43333333333334,128.33333333333334,76.91666666666667,117.96666666666665,142.5,86.05,131.33333333333334,134.16666666666666,81.35833333333333,123.74583333333334,28.0,-47.0,0.6738738678029381,1.2187499653764213,18.3126,211.684
2026-05-08 03:44:52.823962,120.0,72.0,107.2,25.2,20.5,12.8,1.01,pm25,26.84,65.0,2.89,1011.0,10000,1.0,Clear,clear sky,3,4,8,5,0,1,109.33333333333333,70.06666666666666,111.03333333333335,124.16666666666667,76.01666666666667,114.96666666666665,141.66666666666666,85.425,129.175,135.04166666666666,81.67083333333333,124.40000000000002,2.0,3.0,0.671641784779461,0.8134920312106336,17.445999999999998,208.08
2026-05-08 04:44:52.823962,112.0,61.2,90.1,19.8,29.9,16.4,0.45,pm25,25.87,59.0,2.73,1008.0,10000,69.0,Clear,clear sky,4,4,8,5,0,1,116.66666666666667,69.33333333333333,102.76666666666667,120.33333333333333,73.9,113.39999999999999,142.41666666666666,85.10833333333333,129.475,135.875,81.80416666666666,124.32916666666667,-8.0,22.0,0.6792452754800747,1.510100933833286,15.263300000000001,167.076
2026-05-08 05:44:52.823962,106.0,64.2,100.4,23.7,33.1,24.2,0.3,pm25,25.01,66.0,3.62,1010.0,10000,64.0,Clear,clear sky,5,4,8,5,0,1,112.66666666666667,65.8,99.23333333333333,110.5,68.21666666666667,105.83333333333333,133.25,80.21666666666667,120.16666666666667,135.83333333333334,81.89999999999999,124.0625,-6.0,-12.0,0.6394422247067507,1.3966244136445396,16.506600000000002,232.40400000000002
2026-05-08 06:44:52.823962,119.0,81.3,119.2,22.3,17.9,19.0,0.52,pm25,26.73,75.0,2.59,1009.0,10000,73.0,Clear,clear sky,6,4,8,5,0,1,112.33333333333333,68.89999999999999,103.23333333333335,110.83333333333333,69.48333333333333,107.13333333333334,130.33333333333334,79.5,119.34166666666665,134.79166666666666,81.79583333333333,123.67916666666667,13.0,-1.0,0.6820469741439013,0.8026905469645493,20.0475,210.56699999999998
2026-05-08 07:44:52.823962,164.0,89.1,152.0,42.4,15.8,12.9,0.63,pm25,29.22,56.0,5.76,1019.0,10000,38.0,Clear,clear sky,7,4,8,5,0,1,129.66666666666666,78.2,123.86666666666667,123.16666666666667,73.76666666666667,113.31666666666668,130.83333333333334,78.36666666666666,120.625,135.79166666666666,81.58749999999999,123.49583333333334,45.0,52.0,0.5861842066698407,0.3726415006452477,16.3632,513.2159999999999
2026-05-08 08:44:52.823962,176.0,114.9,190.2,21.4,14.7,23.0,0.6,pm25,30.95,74.0,5.68,1009.0,10000,3.0,Clear,clear sky,8,4,8,5,0,1,153.0,95.10000000000001,153.79999999999998,132.83333333333334,80.45,126.51666666666667,130.58333333333334,78.68333333333332,122.24166666666666,136.25,82.00833333333334,124.86666666666667,12.0,70.0,0.6041009431961045,0.6869158557515955,22.903,652.632
2026-05-08 09:44:52.823962,201.0,127.3,188.4,28.0,28.8,14.8,0.42,pm25,33.71,72.0,2.62,1012.0,10000,46.0,Clear,clear sky,9,4,8,5,0,1,180.33333333333334,110.43333333333332,176.86666666666665,146.33333333333334,89.66666666666667,140.04999999999998,135.25,82.84166666666667,127.50833333333334,138.875,84.15833333333333,128.25,25.0,82.0,0.6756900176449574,1.028571391836736,24.2712,333.526
2026-05-08 10:44:52.823962,138.0,75.7,125.4,34.1,17.9,19.8,0.33,pm25,31.2,58.0,4.78,1015.0,10000,74.0,Clear,clear sky,10,4,8,5,0,1,171.66666666666666,105.96666666666668,168.0,150.66666666666666,92.08333333333333,145.93333333333334,135.5,82.99166666666666,129.66666666666666,140.29166666666666,84.59166666666667,129.26666666666668,-63.0,-26.0,0.603668256749057,0.5249266708232647,18.096,361.84600000000006
2026-05-08 11:44:52.823962,121.0,69.0,110.1,26.9,31.9,17.6,0.5,pm25,29.76,62.0,3.99,1011.0,10000,70.0,Clear,clear sky,11,4,8,5,0,1,153.33333333333334,90.66666666666667,141.3,153.16666666666666,92.88333333333333,147.54999999999998,131.83333333333334,80.55,126.69166666666666,138.70833333333334,83.44166666666668,128.46666666666667,-17.0,-55.0,0.6267029915830792,1.1858735618634364,18.4512,275.31
2026-05-08 12:44:52.823962,147.0,87.9,148.8,41.5,33.2,15.2,0.83,pm25,32.51,65.0,5.55,1019.0,10000,52.0,Clear,clear sky,12,4,8,5,0,1,135.33333333333334,77.53333333333335,128.1,157.83333333333334,93.98333333333333,152.48333333333332,134.33333333333334,81.73333333333333,129.80833333333334,140.33333333333334,84.14999999999999,130.11249999999998,26.0,-54.0,0.5907258024816814,0.7999999807228921,21.131500000000003,487.845
2026-05-08 13:44:52.823962,170.0,96.8,156.4,28.3,27.6,15.3,0.85,pm25,34.69,60.0,4.69,1012.0,10000,59.0,Clear,clear sky,13,4,8,5,0,1,146.0,84.56666666666668,138.4333333333333,158.83333333333334,95.26666666666667,153.21666666666667,141.0,84.51666666666667,133.26666666666668,142.91666666666666,85.85000000000001,133.0625,23.0,32.0,0.6189258272447198,0.9752649832061844,20.813999999999997,453.992
2026-05-08 14:44:52.823962,124.0,66.2,112.6,20.6,28.6,4.3,0.21,pm25,29.78,57.0,5.0,1008.0,10000,35.0,Clear,clear sky,14,4,8,5,0,1,147.0,83.63333333333333,139.26666666666668,150.16666666666666,87.14999999999999,140.28333333333333,141.5,83.8,133.4,142.0,84.925,132.36666666666667,-46.0,3.0,0.587921842025561,1.3883494471675024,16.9746,331.0
2026-05-08 15:44:52.823962,102.0,59.9,88.5,23.1,17.7,11.4,0.9,pm25,27.11,64.0,2.81,1010.0,10000,95.0,Clear,clear sky,15,4,8,5,0,1,132.0,74.3,119.16666666666667,133.66666666666666,75.91666666666667,123.63333333333333,140.0,82.79166666666667,131.84166666666667,140.83333333333334,84.10833333333333,130.50833333333333,-22.0,-45.0,0.6768361505442243,0.7662337330634746,17.3504,168.319
2026-05-08 16:44:52.823962,113.0,68.9,86.1,31.8,36.4,12.7,0.55,pm25,27.53,66.0,0.4,1014.0,10000,41.0,Clear,clear sky,16,4,8,5,0,1,113.0,65.0,95.73333333333333,129.5,74.78333333333333,117.08333333333333,140.08333333333334,83.43333333333334,131.50833333333333,141.25,84.27083333333333,130.49166666666665,11.0,-57.0,0.800232278742947,1.144654052054904,18.1698,27.560000000000002
2026-05-08 17:44:52.823962,155.0,86.3,137.2,30.0,17.5,10.0,0.16,pm25,28.52,58.0,4.17,1013.0,10000,27.0,Clear,clear sky,17,4,8,5,0,1,123.33333333333333,71.7,103.93333333333332,135.16666666666666,77.66666666666667,121.60000000000001,144.16666666666666,85.27499999999999,134.575,138.70833333333334,82.74583333333334,127.37083333333334,42.0,31.0,0.6290087417710734,0.5833333138888895,16.541600000000003,359.871
2026-05-08 18:44:52.823962,156.0,99.1,165.1,44.8,36.4,21.1,0.17,pm25,27.77,71.0,5.47,1020.0,10000,29.0,Clear,clear sky,18,4,8,5,0,1,141.33333333333334,84.76666666666667,129.46666666666667,136.66666666666666,79.53333333333333,124.31666666666666,147.25,86.75833333333334,138.4,138.79166666666666,83.12916666666666,128.87083333333334,1.0,54.0,0.6002422737720032,0.8124999818638398,19.7167,542.077
2026-05-08 19:44:52.823962,161.0,100.3,159.9,23.4,29.2,16.7,0.24,pm25,25.21,69.0,4.41,1010.0,10000,75.0,Clear,clear sky,19,4,8,5,0,1,157.33333333333334,95.23333333333333,154.06666666666663,135.16666666666666,80.11666666666666,124.89999999999999,147.0,87.69166666666666,139.05833333333334,138.91666666666666,83.02916666666667,129.84166666666667,5.0,48.0,0.6272670379783174,1.247863194535761,17.3949,442.323
2026-05-08 20:44:52.823962,126.0,74.4,112.6,49.2,26.2,29.3,0.59,pm25,24.4,64.0,3.14,1023.0,10000,56.0,Clear,clear sky,20,4,8,5,0,1,147.66666666666666,91.26666666666665,145.86666666666667,135.5,81.48333333333333,124.89999999999999,142.83333333333334,84.31666666666668,132.59166666666667,136.70833333333334,81.5,127.41666666666667,-35.0,-29.0,0.6607459976843163,0.5325203143796684,15.616,233.616
2026-05-08 21:44:52.823962,123.0,68.5,111.1,18.2,21.8,16.0,0.44,pm25,24.07,60.0,4.26,1007.0,10000,0.0,Clear,clear sky,21,4,8,5,0,1,136.66666666666666,81.06666666666668,127.86666666666667,139.0,82.91666666666667,128.66666666666666,136.33333333333334,79.41666666666667,126.14999999999999,135.79166666666666,81.12916666666666,126.82916666666667,-3.0,-33.0,0.6165616506160068,1.1978021319888938,14.442,291.81
2026-05-08 22:44:52.823962,148.0,92.2,142.7,16.8,23.9,17.7,0.27,pm25,26.61,68.0,3.65,1006.0,10000,95.0,Clear,clear sky,22,4,8,5,0,1,132.33333333333334,78.36666666666667,122.13333333333333,144.83333333333334,86.8,138.1,137.16666666666666,80.79166666666667,127.59166666666668,136.33333333333334,81.89166666666667,128.62916666666666,25.0,-13.0,0.6461107172662179,1.4226189629393473,18.0948,336.53000000000003
2026-05-08 23:44:52.823962,138.0,77.9,112.9,34.2,29.2,15.5,0.87,pm25,25.56,60.0,2.41,1015.0,10000,58.0,Clear,clear sky,23,4,8,5,0,1,136.33333333333334,79.53333333333335,122.23333333333333,142.0,85.39999999999999,134.04999999999998,138.58333333333334,81.53333333333335,127.82499999999999,135.20833333333334,81.04166666666667,127.25833333333333,-10.0,12.0,0.6899911364925497,0.8538011446256975,15.335999999999999,187.73900000000003
2026-05-09 00:44:52.823962,121.0,76.9,108.5,38.9,20.8,10.2,0.61,pm25,27.0,69.0,1.98,1017.0,10000,18.0,Clear,clear sky,0,5,9,5,1,1,135.66666666666666,82.33333333333333,121.36666666666667,136.16666666666666,81.7,124.61666666666667,136.41666666666666,80.61666666666666,124.46666666666665,135.375,81.175,127.13749999999999,-17.0,-2.0,0.7087557538363526,0.5347043564343353,18.63,152.262
2026-05-09 01:44:52.823962,91.0,42.0,48.3,24.5,32.0,18.2,0.62,pm25,23.18,52.0,0.79,1010.0,10000,72.0,Clear,clear sky,1,5,9,5,1,1,116.66666666666667,65.60000000000001,89.89999999999999,124.5,71.98333333333333,106.01666666666667,129.83333333333334,76.05,115.45833333333331,135.41666666666666,80.28333333333333,124.36250000000001,-30.0,-57.0,0.8695651993878841,1.3061223956684735,12.0536,33.18
2026-05-09 02:44:52.823962,90.0,56.9,82.4,42.8,33.9,23.4,0.34,pm25,23.02,68.0,2.55,1019.0,10000,86.0,Clear,clear sky,2,5,9,5,1,1,100.66666666666667,58.6,79.73333333333333,118.5,69.06666666666666,100.98333333333333,127.0,75.27499999999999,112.94166666666666,134.25,79.53750000000001,123.17083333333335,-1.0,-48.0,0.6905339722022575,0.7920560562603726,15.653599999999999,145.095
2026-05-09 03:44:52.823962,127.0,78.0,117.0,28.3,40.5,17.6,0.52,pm25,27.72,67.0,3.01,1012.0,10000,98.0,Clear,clear sky,3,5,9,5,1,1,102.66666666666667,58.96666666666667,82.56666666666666,119.16666666666667,70.64999999999999,101.96666666666665,129.08333333333334,76.78333333333333,115.31666666666666,134.54166666666666,79.78750000000001,123.57916666666667,37.0,6.0,0.666666660968661,1.4310953557916835,18.572400000000002,234.77999999999997
2026-05-09 04:44:52.823962,97.0,58.8,89.0,26.6,29.5,17.3,0.26,pm25,23.9,66.0,3.13,1011.0,10000,19.0,Clear,clear sky,4,5,9,5,1,1,104.66666666666667,64.56666666666666,96.13333333333333,110.66666666666667,65.08333333333333,93.01666666666667,127.75,75.94166666666666,115.55833333333334,133.91666666666666,79.6875,123.53333333333335,-30.0,6.0,0.6606741498800657,1.1090225146984016,15.774,184.04399999999998
2026-05-09 05:44:52.823962,93.0,64.4,107.8,24.2,22.9,17.1,0.37,pm25,23.41,74.0,4.68,1010.0,10000,90.0,Clear,clear sky,5,5,9,5,1,1,105.66666666666667,67.06666666666666,104.60000000000001,103.16666666666667,62.833333333333336,92.16666666666667,122.58333333333333,74.11666666666667,113.10833333333333,133.375,79.69583333333334,123.84166666666665,-4.0,3.0,0.5974025918608294,0.9462809526330184,17.3234,301.392
2026-05-09 06:44:52.823962,148.0,86.7,136.8,11.6,19.8,19.0,0.7,pm25,29.57,63.0,4.02,1004.0,10000,80.0,Clear,clear sky,6,5,9,5,1,1,112.66666666666667,69.96666666666667,111.2,107.66666666666667,64.46666666666665,96.88333333333333,121.91666666666667,73.08333333333333,110.75,134.58333333333334,79.92083333333333,124.575,55.0,21.0,0.6337719251917256,1.7068964045778965,18.6291,348.534
2026-05-09 07:44:52.823962,162.0,95.8,145.1,22.5,27.6,15.7,0.64,pm25,29.1,63.0,3.21,1009.0,10000,68.0,Clear,clear sky,7,5,9,5,1,1,134.33333333333334,82.30000000000001,129.9,119.5,73.43333333333332,113.01666666666667,122.0,72.70833333333334,109.51666666666667,134.5,80.2,124.28750000000001,14.0,65.0,0.6602343166076202,1.2266666121481506,18.333000000000002,307.518
2026-05-09 08:44:52.823962,176.0,107.8,151.6,24.4,21.9,20.8,0.44,pm25,30.95,67.0,1.48,1010.0,10000,83.0,Clear,clear sky,8,5,9,5,1,1,162.0,96.76666666666665,144.5,133.83333333333334,81.91666666666667,124.55,126.16666666666667,75.49166666666666,112.76666666666665,134.5,79.90416666666665,122.67916666666666,14.0,83.0,0.7110817895047375,0.8975409468220923,20.7365,159.54399999999998
2026-05-09 09:44:52.823962,194.0,114.8,184.2,32.9,28.6,11.1,0.49,pm25,33.1,64.0,4.8,1014.0,10000,95.0,Clear,clear sky,9,5,9,5,1,1,177.33333333333334,106.13333333333333,160.29999999999998,145.0,88.05,135.75,132.08333333333334,79.35,118.85833333333333,134.20833333333334,79.38333333333334,122.50416666666668,18.0,46.0,0.6232356100801542,0.8693008854315841,21.184,551.04
2026-05-09 10:44:52.823962,153.0,91.3,148.3,23.3,9.4,6.9,0.52,pm25,32.72,64.0,4.71,1010.0,10000,44.0,Clear,clear sky,10,5,9,5,1,1,174.33333333333334,104.63333333333333,161.36666666666665,154.33333333333334,93.46666666666665,145.63333333333333,132.5,79.275,119.32499999999999,134.83333333333334,80.03333333333333,123.45833333333333,-41.0,-9.0,0.615643960784599,0.403433459080109,20.9408,430.02299999999997
2026-05-09 11:44:52.823962,124.0,71.0,118.3,26.5,18.4,14.9,0.28,pm25,30.05,62.0,4.78,1011.0,10000,100.0,Clear,clear sky,11,5,9,5,1,1,157.0,92.36666666666667,150.26666666666668,159.5,94.56666666666666,147.38333333333333,131.33333333333334,78.7,119.77499999999999,134.95833333333334,80.11666666666666,123.80000000000001,-29.0,-52.0,0.600169056634243,0.6943395964400152,18.631,339.38
2026-05-09 12:44:52.823962,127.0,78.0,136.2,15.0,22.4,12.3,0.87,pm25,30.45,67.0,5.89,1005.0,10000,11.0,Clear,clear sky,12,5,9,5,1,1,134.66666666666666,80.1,134.26666666666668,156.0,93.11666666666666,147.28333333333333,131.83333333333334,78.79166666666667,122.08333333333333,134.125,79.70416666666667,123.27499999999999,3.0,-67.0,0.5726872204648515,1.4933332337777845,20.4015,459.41999999999996
2026-05-09 13:44:52.823962,105.0,57.6,93.5,34.8,24.4,20.8,0.91,pm25,28.17,60.0,4.06,1015.0,10000,86.0,Clear,clear sky,13,5,9,5,1,1,118.66666666666667,68.86666666666666,116.0,146.5,86.75,138.68333333333334,133.0,80.09166666666667,125.85000000000001,131.41666666666666,78.07083333333333,120.65416666666665,-22.0,-48.0,0.6160427741599703,0.701149405139385,16.902,233.856
2026-05-09 14:44:52.823962,103.0,55.2,85.8,28.0,25.1,15.3,0.66,pm25,27.7,58.0,3.44,1012.0,10000,98.0,Clear,clear sky,14,5,9,5,1,1,111.66666666666667,63.6,105.16666666666667,134.33333333333334,77.98333333333333,127.71666666666665,134.08333333333334,79.95,126.13333333333333,130.54166666666666,77.6125,119.53750000000001,-2.0,-21.0,0.6433566358583144,0.8964285394132665,16.066,189.888
2026-05-09 15:44:52.823962,156.0,95.1,140.3,36.0,26.9,21.2,0.71,pm25,32.5,67.0,2.65,1016.0,10000,96.0,Clear,clear sky,15,5,9,5,1,1,121.33333333333333,69.3,106.53333333333335,128.0,74.7,120.39999999999999,136.5,81.375,128.07500000000002,132.79166666666666,79.07916666666667,121.69583333333333,53.0,29.0,0.6778332097089578,0.74722220146605,21.775,252.015
2026-05-09 16:44:52.823962,98.0,58.7,70.2,21.4,24.2,17.7,0.39,pm25,26.05,65.0,0.32,1009.0,10000,96.0,Clear,clear sky,16,5,9,5,1,1,119.0,69.66666666666667,98.76666666666667,118.83333333333333,69.26666666666667,107.38333333333334,136.58333333333334,81.36666666666667,126.50833333333334,132.16666666666666,78.65416666666665,121.03333333333335,-58.0,-7.0,0.8361823242709071,1.1308410686522865,16.9325,18.784000000000002
2026-05-09 17:44:52.823962,192.0,125.4,199.3,42.5,16.8,13.2,0.27,pm25,31.63,75.0,4.67,1019.0,10000,38.0,Clear,clear sky,17,5,9,5,1,1,148.66666666666666,93.06666666666666,136.6,130.16666666666666,78.33333333333334,120.88333333333334,144.83333333333334,86.44999999999999,134.13333333333335,133.70833333333334,80.28333333333333,123.62083333333332,94.0,89.0,0.6292022045699839,0.395294108346021,23.7225,585.618
2026-05-09 18:44:52.823962,174.0,109.5,169.9,30.2,18.0,19.3,0.71,pm25,29.34,70.0,3.84,1013.0,10000,74.0,Clear,clear sky,18,5,9,5,1,1,154.66666666666666,97.86666666666667,146.46666666666667,138.0,83.58333333333333,126.5,147.0,88.35000000000001,136.89166666666668,134.45833333333334,80.71666666666667,123.82083333333333,-18.0,18.0,0.6444967590082592,0.5960264703302494,20.538,420.47999999999996
2026-05-09 19:44:52.823962,165.0,103.4,159.6,13.2,17.1,7.1,0.31,pm25,25.54,70.0,3.67,1005.0,10000,32.0,Clear,clear sky,19,5,9,5,1,1,177.0,112.76666666666667,176.26666666666665,148.0,91.21666666666668,137.51666666666668,147.25,88.98333333333333,138.1,134.625,80.84583333333335,123.80833333333332,-9.0,67.0,0.64786967012613,1.2954544473140572,17.878,379.478
2026-05-09 20:44:52.823962,114.0,63.0,122.6,22.9,16.5,17.6,0.6,pm25,23.22,59.0,7.23,1009.0,10000,10.0,Clear,clear sky,20,5,9,5,1,1,151.0,91.96666666666665,150.70000000000002,149.83333333333334,92.51666666666667,143.65,142.08333333333334,85.25,135.68333333333334,134.125,80.37083333333334,124.22500000000001,-51.0,-78.0,0.5138662274562298,0.7205239860033193,13.6998,455.49
2026-05-09 21:44:52.823962,129.0,75.3,97.8,21.7,20.8,12.7,0.34,pm25,24.65,63.0,0.74,1009.0,10000,92.0,Clear,clear sky,21,5,9,5,1,1,136.0,80.56666666666666,126.66666666666667,145.33333333333334,89.21666666666665,136.56666666666666,136.66666666666666,81.95833333333333,128.48333333333332,134.375,80.65416666666667,123.67083333333333,15.0,-45.0,0.7699386424341652,0.958525301450447,15.529499999999999,55.721999999999994
2026-05-09 22:44:52.823962,145.0,95.6,152.3,18.2,27.7,13.8,0.49,pm25,26.34,73.0,4.34,1007.0,10000,22.0,Clear,clear sky,22,5,9,5,1,1,129.33333333333334,77.96666666666667,124.23333333333333,153.16666666666666,95.36666666666667,150.25,136.0,82.31666666666666,128.8166666666667,134.25,80.79583333333333,124.07083333333334,16.0,-20.0,0.6277084660032274,1.5219779383528604,19.2282,414.90399999999994
2026-05-09 23:44:52.823962,137.0,78.7,119.9,19.9,19.6,11.8,0.57,pm25,25.52,61.0,3.27,1008.0,10000,22.0,Clear,clear sky,23,5,9,5,1,1,137.0,83.19999999999999,123.33333333333333,144.0,87.58333333333333,137.01666666666668,137.08333333333334,82.95833333333333,128.95000000000002,134.20833333333334,80.82916666666667,124.36250000000001,-8.0,23.0,0.6563803114563778,0.9849245736218808,15.5672,257.349
2026-05-10 00:44:52.823962,99.0,54.7,85.2,22.8,25.2,6.6,0.76,pm25,24.13,60.0,3.49,1009.0,10000,25.0,Clear,clear sky,0,6,10,5,1,1,127.0,76.33333333333333,119.13333333333333,131.5,78.45,122.89999999999999,134.75,81.01666666666667,124.7,133.29166666666666,79.90416666666667,123.39166666666667,-38.0,-30.0,0.6420187718072914,1.1052631094182845,14.478,190.90300000000002
2026-05-10 01:44:52.823962,100.0,67.0,85.8,29.2,24.9,13.7,0.62,pm25,24.35,72.0,0.81,1013.0,10000,1.0,Clear,clear sky,1,6,10,5,1,1,112.0,66.8,96.96666666666665,120.66666666666667,72.38333333333334,110.60000000000001,134.33333333333334,81.8,124.05833333333334,133.66666666666666,80.94583333333334,124.95416666666667,1.0,-45.0,0.7808857717845482,0.8527396968239829,17.532,54.27
2026-05-10 02:44:52.823962,115.0,67.0,114.7,31.2,16.7,13.8,0.54,pm25,26.19,63.0,5.12,1014.0,10000,41.0,Clear,clear sky,2,6,10,5,1,1,104.66666666666667,62.9,95.23333333333333,120.83333333333333,73.05,109.28333333333332,135.33333333333334,82.78333333333335,126.46666666666668,134.70833333333334,81.36666666666666,126.3,15.0,-22.0,0.5841325145236921,0.5352563931007566,16.4997,343.04
2026-05-10 03:44:52.823962,112.0,72.3,97.6,31.0,20.8,15.0,0.54,pm25,25.81,70.0,1.37,1013.0,10000,5.0,Clear,clear sky,3,6,10,5,1,1,109.0,68.76666666666667,99.36666666666666,118.0,72.55,109.25,131.66666666666666,80.88333333333334,122.90833333333332,134.08333333333334,81.12916666666668,125.49166666666666,-3.0,13.0,0.7407786809346447,0.6709677202913639,18.066999999999997,99.051
2026-05-10 04:44:52.823962,108.0,62.7,103.0,23.2,29.7,14.0,0.7,pm25,25.27,63.0,4.33,1010.0,10000,84.0,Clear,clear sky,4,6,10,5,1,1,111.66666666666667,67.33333333333333,105.09999999999998,111.83333333333333,67.06666666666668,101.03333333333335,132.5,81.21666666666665,125.64166666666665,134.54166666666666,81.29166666666667,126.07499999999999,-4.0,8.0,0.6087378581675936,1.2801723586132603,15.9201,271.49100000000004
2026-05-10 05:44:52.823962,122.0,77.7,118.5,34.9,25.7,9.3,0.46,pm25,27.06,70.0,3.29,1015.0,10000,2.0,Clear,clear sky,5,6,10,5,1,1,114.0,70.9,106.36666666666666,109.33333333333333,66.89999999999999,100.80000000000001,126.66666666666667,77.24166666666666,118.90833333333332,135.75,81.84583333333335,126.52083333333333,14.0,7.0,0.6556961969983444,0.7363896637137632,18.941999999999997,255.633
2026-05-10 06:44:52.823962,129.0,79.6,126.4,41.3,24.8,18.0,0.37,pm25,27.74,67.0,4.06,1019.0,10000,96.0,Clear,clear sky,6,6,10,5,1,1,119.66666666666667,73.33333333333333,115.96666666666665,114.33333333333333,71.05,107.66666666666667,122.91666666666667,74.75,115.28333333333335,134.95833333333334,81.55,126.08749999999999,7.0,17.0,0.6297468304608637,0.6004842469616406,18.5858,323.17599999999993
2026-05-10 07:44:52.823962,136.0,80.3,120.7,26.8,32.8,9.2,0.21,pm25,26.9,64.0,3.02,1011.0,10000,28.0,Clear,clear sky,7,6,10,5,1,1,129.0,79.2,121.86666666666666,120.33333333333333,73.26666666666667,113.48333333333335,120.5,72.825,112.04166666666667,133.875,80.90416666666667,125.07083333333333,7.0,28.0,0.6652858271310205,1.2238805513477404,17.215999999999998,242.506
2026-05-10 08:44:52.823962,144.0,80.6,125.6,50.1,40.0,13.4,0.69,pm25,28.31,59.0,3.72,1023.0,10000,47.0,Clear,clear sky,8,6,10,5,1,1,136.33333333333334,80.16666666666667,124.2333333333333,125.16666666666667,75.53333333333333,115.3,123.0,74.29166666666667,112.29166666666667,132.54166666666666,79.77083333333333,123.98750000000001,8.0,22.0,0.6417197401136964,0.7984031776765833,16.7029,299.832
2026-05-10 09:44:52.823962,141.0,86.0,127.7,36.3,14.9,18.5,0.65,pm25,28.64,67.0,2.8,1016.0,10000,64.0,Clear,clear sky,9,6,10,5,1,1,140.33333333333334,82.3,124.66666666666667,130.0,77.81666666666666,120.31666666666666,124.0,75.18333333333334,114.78333333333335,130.33333333333334,78.57083333333333,121.63333333333333,-3.0,12.0,0.673453401147585,0.41046830825156183,19.1888,240.79999999999998
2026-05-10 10:44:52.823962,120.0,78.1,120.6,28.4,27.2,11.1,0.29,pm25,29.37,71.0,3.52,1012.0,10000,10.0,Clear,clear sky,10,6,10,5,1,1,135.0,81.56666666666666,124.63333333333333,132.0,80.38333333333333,123.25,121.91666666666667,73.72500000000001,112.14166666666665,128.95833333333334,78.02083333333333,120.47916666666667,-21.0,-16.0,0.6475953511808014,0.957746445149773,20.8527,274.912
2026-05-10 11:44:52.823962,164.0,89.8,139.0,30.5,25.8,12.8,0.49,pm25,34.12,57.0,3.64,1013.0,10000,4.0,Clear,clear sky,11,6,10,5,1,1,141.66666666666666,84.63333333333334,129.1,139.0,82.39999999999999,126.66666666666667,124.16666666666667,74.64999999999999,113.73333333333333,130.625,78.80416666666666,121.34166666666665,44.0,20.0,0.6460431608198334,0.8459016116097832,19.4484,326.872
2026-05-10 12:44:52.823962,130.0,81.0,140.3,19.7,27.3,14.6,0.47,pm25,30.79,68.0,5.83,1008.0,10000,36.0,Clear,clear sky,12,6,10,5,1,1,138.0,82.96666666666665,133.29999999999998,139.16666666666666,82.63333333333333,128.98333333333332,126.75,76.84166666666665,118.325,130.75,78.92916666666666,121.5125,-34.0,-11.0,0.5773342795628348,1.3857867316859527,20.937199999999997,472.23
2026-05-10 13:44:52.823962,152.0,80.6,142.4,26.9,16.0,21.2,0.66,pm25,32.88,55.0,6.21,1011.0,10000,68.0,Clear,clear sky,13,6,10,5,1,1,148.66666666666666,83.8,140.56666666666666,141.83333333333334,82.68333333333334,132.6,131.08333333333334,77.975,123.04166666666667,132.70833333333334,79.8875,123.55000000000001,22.0,32.0,0.5660112319802582,0.5947955169220998,18.084,500.52599999999995
2026-05-10 14:44:52.823962,121.0,65.8,103.3,17.7,29.4,13.3,0.48,pm25,29.46,58.0,3.68,1007.0,10000,26.0,Clear,clear sky,14,6,10,5,1,1,134.33333333333334,75.8,128.66666666666666,138.0,80.21666666666665,128.88333333333335,131.58333333333334,77.875,122.09166666666665,133.45833333333334,80.32916666666667,124.27916666666665,-31.0,-43.0,0.6369796646952598,1.6610168553097822,17.0868,242.144
2026-05-10 15:44:52.823962,119.0,73.0,108.0,36.8,25.9,10.5,0.33,pm25,28.85,66.0,2.79,1016.0,10000,10.0,Clear,clear sky,15,6,10,5,1,1,130.66666666666666,73.13333333333333,117.89999999999999,134.33333333333334,78.05,125.60000000000001,132.16666666666666,77.93333333333332,122.95833333333333,131.91666666666666,79.40833333333335,122.93333333333334,-2.0,-11.0,0.6759259196673526,0.7038043287009694,19.041,203.67000000000002
2026-05-10 16:44:52.823962,98.0,55.7,95.3,15.1,31.1,12.9,0.51,pm25,26.04,62.0,4.77,1006.0,10000,30.0,Clear,clear sky,16,6,10,5,1,1,112.66666666666667,64.83333333333333,102.19999999999999,130.66666666666666,74.31666666666666,121.38333333333333,131.33333333333334,77.35000000000001,122.31666666666668,131.91666666666666,79.28333333333333,123.97916666666667,-21.0,-54.0,0.5844700883056655,2.0596025126091053,16.1448,265.68899999999996
2026-05-10 17:44:52.823962,186.0,109.2,151.6,62.7,15.3,18.8,0.72,pm25,31.11,63.0,1.16,1029.0,10000,66.0,Clear,clear sky,17,6,10,5,1,1,134.33333333333334,79.3,118.3,134.33333333333334,77.55,123.48333333333333,136.66666666666666,79.97500000000001,125.075,131.66666666666666,78.60833333333333,121.99166666666667,88.0,65.0,0.720316617939864,0.24401913486412863,19.5993,126.672
2026-05-10 18:44:52.823962,164.0,101.6,156.4,23.2,14.9,21.8,0.35,pm25,28.44,68.0,3.6,1010.0,10000,66.0,Clear,clear sky,18,6,10,5,1,1,149.33333333333334,88.83333333333333,134.4333333333333,140.0,80.98333333333333,126.16666666666667,139.58333333333334,81.80833333333332,127.575,131.25,78.27916666666667,121.42916666666667,-22.0,45.0,0.6496163641328877,0.6422413516275279,19.3392,365.76
2026-05-10 19:44:52.823962,153.0,93.3,143.2,41.9,14.9,15.2,0.63,pm25,24.56,66.0,3.5,1019.0,10000,96.0,Clear,clear sky,19,6,10,5,1,1,167.66666666666666,101.36666666666667,150.4,140.16666666666666,83.1,126.3,141.0,82.89166666666667,129.45,130.75,77.85833333333333,120.74583333333334,-11.0,55.0,0.6515363082993275,0.3556085833983632,16.2096,326.55
2026-05-10 20:44:52.823962,126.0,70.1,115.8,37.3,20.0,22.2,0.74,pm25,24.37,60.0,4.59,1017.0,10000,75.0,Clear,clear sky,20,6,10,5,1,1,147.66666666666666,88.33333333333333,138.46666666666667,141.0,83.81666666666666,128.38333333333333,139.5,82.01666666666667,128.63333333333333,131.25,78.15416666666665,120.46249999999999,-27.0,-60.0,0.6053540534943519,0.5361930151154688,14.622,321.75899999999996
2026-05-10 21:44:52.823962,93.0,60.4,71.6,34.1,26.6,20.0,0.41,pm25,21.1,69.0,0.15,1015.0,10000,88.0,Clear,clear sky,21,6,10,5,1,1,124.0,74.6,110.19999999999999,136.66666666666666,81.71666666666665,122.31666666666666,135.5,79.88333333333334,123.95833333333333,129.75,77.53333333333333,119.37083333333334,-33.0,-71.0,0.843575407212634,0.7800586281507734,14.559000000000001,9.059999999999999
2026-05-10 22:44:52.823962,122.0,69.8,105.2,20.4,26.5,14.6,0.47,pm25,23.94,62.0,3.06,1008.0,10000,32.0,Clear,clear sky,22,6,10,5,1,1,113.66666666666667,66.76666666666667,97.53333333333332,140.66666666666666,84.06666666666666,123.96666666666665,135.66666666666666,79.19166666666666,122.67500000000001,128.79166666666666,76.45833333333333,117.40833333333332,29.0,-31.0,0.6634980925522995,1.2990195441657086,14.8428,213.588
2026-05-10 23:44:52.823962,124.0,79.8,127.4,17.0,26.0,9.7,0.48,pm25,24.15,71.0,4.17,1006.0,10000,13.0,Clear,clear sky,23,6,10,5,1,1,113.0,70.0,101.39999999999998,130.33333333333334,79.16666666666667,119.93333333333332,132.33333333333334,78.35833333333333,121.70833333333333,128.25,76.50416666666666,117.72083333333332,2.0,-2.0,0.6263736214570359,1.5294116747404896,17.1465,332.76599999999996
2026-05-11 00:44:52.823962,92.0,55.4,97.0,27.6,24.5,14.0,0.54,pm25,23.27,65.0,5.08,1012.0,10000,3.0,Clear,clear sky,0,0,11,5,0,1,112.66666666666667,68.33333333333333,109.86666666666667,118.33333333333333,71.46666666666665,110.03333333333335,129.16666666666666,76.22500000000001,118.09999999999998,127.95833333333333,76.53333333333333,118.21249999999999,-32.0,-1.0,0.5711340147305771,0.8876811272579301,15.125499999999999,281.432
2026-05-11 01:44:52.823962,88.0,54.1,67.2,37.7,46.6,15.8,0.48,pm25,22.74,67.0,0.9,1017.0,10000,50.0,Clear,clear sky,1,0,11,5,0,1,101.33333333333333,63.1,97.19999999999999,107.5,64.93333333333334,97.36666666666666,123.83333333333333,74.01666666666667,111.83333333333333,127.45833333333333,75.99583333333332,117.4375,-4.0,-34.0,0.8050595118294716,1.236074237769914,15.2358,48.690000000000005
2026-05-11 02:44:52.823962,99.0,55.7,74.3,19.4,44.0,23.1,0.53,pm25,24.16,61.0,1.62,1008.0,10000,54.0,Clear,clear sky,2,0,11,5,0,1,93.0,55.06666666666666,79.49999999999999,103.0,62.53333333333333,90.45,122.0,73.175,109.41666666666667,126.79166666666667,75.52499999999999,115.75416666666666,11.0,-25.0,0.749663516155269,2.268041120204066,14.7376,90.23400000000001
2026-05-11 03:44:52.823962,103.0,59.3,82.5,35.9,15.8,21.6,0.17,pm25,24.71,62.0,2.04,1016.0,10000,68.0,Clear,clear sky,3,0,11,5,0,1,96.66666666666667,56.36666666666667,74.66666666666666,104.66666666666667,62.35,92.26666666666667,120.66666666666667,72.03333333333333,107.29166666666667,126.41666666666667,74.98333333333333,115.125,4.0,11.0,0.7187878700752985,0.44011140835344276,15.3202,120.972
2026-05-11 04:44:52.823962,110.0,65.6,118.6,13.3,42.5,14.4,0.23,pm25,25.57,65.0,6.02,1005.0,10000,49.0,Clear,clear sky,4,0,11,5,0,1,104.0,60.199999999999996,91.8,102.66666666666667,61.65,94.5,121.66666666666667,72.85833333333333,109.23333333333333,126.5,75.10416666666667,115.77499999999999,7.0,22.0,0.5531197255217561,3.1954884815422195,16.6205,394.9119999999999
2026-05-11 05:44:52.823962,116.0,76.4,110.3,12.9,21.2,13.5,0.16,pm25,26.26,72.0,2.36,1004.0,10000,25.0,Clear,clear sky,5,0,11,5,0,1,109.66666666666667,67.10000000000001,103.8,101.33333333333333,61.083333333333336,91.64999999999999,115.83333333333333,70.12499999999999,105.79166666666667,126.25,75.05,115.43333333333334,6.0,17.0,0.6926563853793619,1.643410725316998,18.9072,180.304
2026-05-11 06:44:52.823962,109.0,60.6,79.9,31.9,6.0,21.1,0.36,pm25,25.64,60.0,1.35,1014.0,10000,54.0,Clear,clear sky,6,0,11,5,0,1,111.66666666666667,67.53333333333333,102.93333333333332,104.16666666666667,61.949999999999996,88.8,111.25,66.70833333333333,99.41666666666664,125.41666666666667,74.25833333333334,113.49583333333334,-7.0,6.0,0.7584480505826277,0.18808776839850255,15.384,81.81
2026-05-11 07:44:52.823962,141.0,86.4,131.8,31.3,28.5,9.2,0.4,pm25,27.32,67.0,3.33,1014.0,10000,18.0,Clear,clear sky,7,0,11,5,0,1,122.0,74.46666666666667,107.33333333333333,113.0,67.33333333333333,99.56666666666668,110.25,66.13333333333333,98.46666666666668,125.625,74.5125,113.95833333333333,32.0,31.0,0.6555386900186746,0.9105431018995813,18.3044,287.71200000000005
2026-05-11 08:44:52.823962,111.0,67.0,93.5,13.1,25.4,17.3,0.5,pm25,25.54,65.0,1.95,1005.0,10000,97.0,Clear,clear sky,8,0,11,5,0,1,120.33333333333333,71.33333333333333,101.7333333333333,115.0,69.21666666666667,102.7666666666667,109.0,65.875,96.60833333333335,124.25,73.94583333333333,112.62083333333332,-30.0,-5.0,0.716577532443021,1.9389311496999122,16.601,130.65
2026-05-11 09:44:52.823962,167.0,100.6,138.5,46.1,19.8,19.7,0.09,pm25,30.82,66.0,1.14,1021.0,10000,80.0,Clear,clear sky,9,0,11,5,0,1,139.66666666666666,84.66666666666667,121.26666666666665,125.66666666666667,76.10000000000001,112.10000000000002,115.16666666666667,69.225,102.18333333333334,125.33333333333333,74.55416666666666,113.07083333333333,56.0,58.0,0.7263537853692867,0.42950107528197234,20.3412,114.68399999999998
2026-05-11 10:44:52.823962,123.0,77.5,127.1,37.5,23.3,19.3,0.55,pm25,29.73,68.0,4.64,1017.0,10000,90.0,Clear,clear sky,10,0,11,5,0,1,133.66666666666666,81.7,119.69999999999999,127.83333333333333,78.08333333333333,113.51666666666667,115.25,69.86666666666666,104.00833333333333,125.45833333333333,74.52916666666667,113.34166666666668,-44.0,-18.0,0.609756092763524,0.6213333167644449,20.2164,359.59999999999997
2026-05-11 11:44:52.823962,107.0,65.2,83.8,45.1,19.6,19.2,0.75,pm25,28.35,66.0,0.91,1021.0,10000,17.0,Clear,clear sky,11,0,11,5,0,1,132.33333333333334,81.10000000000001,116.46666666666665,126.33333333333333,76.21666666666667,109.10000000000001,113.83333333333333,68.65,100.375,123.08333333333333,73.50416666666666,111.04166666666667,-16.0,-4.0,0.7780429501426857,0.43458979080732174,18.711000000000002,59.33200000000001
2026-05-11 12:44:52.823962,121.0,81.8,113.9,42.4,17.5,17.2,0.76,pm25,29.87,74.0,1.69,1019.0,10000,66.0,Clear,clear sky,12,0,11,5,0,1,117.0,74.83333333333333,108.26666666666665,128.33333333333334,79.75,114.76666666666667,116.25,70.85,101.78333333333335,122.70833333333333,73.53750000000001,109.94166666666666,14.0,-46.0,0.7181738303935572,0.412735839322268,22.1038,138.242
2026-05-11 13:44:52.823962,124.0,72.0,120.0,29.4,20.5,22.9,0.83,pm25,30.09,63.0,4.79,1013.0,10000,73.0,Clear,clear sky,13,0,11,5,0,1,117.33333333333333,73.0,105.89999999999999,125.5,77.35000000000001,112.8,119.25,72.34166666666667,106.18333333333334,121.54166666666667,73.17916666666667,109.00833333333333,3.0,1.0,0.599999995,0.6972788878476569,18.9567,344.88
2026-05-11 14:44:52.823962,116.0,69.4,99.5,8.8,27.9,9.3,0.49,pm25,29.03,64.0,2.32,1002.0,10000,32.0,Clear,clear sky,14,0,11,5,0,1,120.33333333333333,74.4,111.13333333333333,126.33333333333333,77.75,113.8,120.66666666666667,73.48333333333333,108.28333333333335,121.33333333333333,73.32916666666667,108.85000000000001,-8.0,9.0,0.6974874301760058,3.1704541851756605,18.5792,161.008
2026-05-11 15:44:52.823962,138.0,86.6,117.3,34.2,31.1,17.8,0.48,pm25,30.74,69.0,1.1,1015.0,10000,74.0,Clear,clear sky,15,0,11,5,0,1,126.0,76.0,112.26666666666665,121.5,75.41666666666667,110.26666666666665,123.58333333333333,75.75833333333334,111.18333333333334,122.125,73.89583333333333,109.23750000000001,22.0,17.0,0.7382779135696682,0.9093566985568217,21.2106,95.26
2026-05-11 16:44:52.823962,109.0,58.1,87.0,38.5,17.1,9.6,1.04,pm25,27.15,58.0,2.99,1017.0,10000,28.0,Clear,clear sky,16,0,11,5,0,1,121.0,71.36666666666666,101.26666666666665,119.16666666666667,72.18333333333332,103.58333333333333,123.5,75.13333333333334,108.55,122.58333333333333,73.99583333333334,108.89166666666667,-29.0,-15.0,0.6678160842779761,0.4441558326193291,15.746999999999998,173.71900000000002
2026-05-11 17:44:52.823962,165.0,101.3,152.2,41.0,30.8,14.7,0.42,pm25,29.34,67.0,3.03,1019.0,10000,47.0,Clear,clear sky,17,0,11,5,0,1,137.33333333333334,82.0,118.83333333333333,128.83333333333334,78.2,114.98333333333333,127.58333333333333,77.20833333333333,112.04166666666667,121.70833333333333,73.66666666666667,108.91666666666667,56.0,49.0,0.665571611921343,0.7512194938726954,19.657799999999998,306.93899999999996
2026-05-11 18:44:52.823962,149.0,98.5,145.6,16.8,13.3,14.2,0.68,pm25,27.21,74.0,2.67,1006.0,10000,47.0,Clear,clear sky,18,0,11,5,0,1,141.0,85.96666666666665,128.26666666666665,133.5,80.98333333333333,120.26666666666665,130.91666666666666,80.36666666666667,117.51666666666667,121.08333333333333,73.5375,108.46666666666665,-16.0,11.0,0.6765109843646224,0.7916666195436536,20.1354,262.995
2026-05-11 19:44:52.823962,144.0,86.5,135.1,14.3,21.4,10.8,0.49,pm25,23.8,65.0,3.8,1005.0,10000,15.0,Clear,clear sky,19,0,11,5,0,1,152.66666666666666,95.43333333333334,144.29999999999998,136.83333333333334,83.39999999999999,122.78333333333332,131.16666666666666,80.375,117.79166666666667,120.70833333333333,73.25416666666666,108.12916666666666,-5.0,35.0,0.6402664645428093,1.4965033918529096,15.47,328.7
2026-05-11 20:44:52.823962,137.0,90.9,143.0,19.2,17.1,9.4,0.41,pm25,25.46,74.0,4.0,1008.0,10000,28.0,Clear,clear sky,20,0,11,5,0,1,143.33333333333334,91.96666666666665,141.23333333333332,140.33333333333334,86.98333333333333,130.03333333333333,133.33333333333334,82.36666666666666,121.91666666666667,121.16666666666667,74.12083333333334,109.26249999999999,-7.0,-28.0,0.6356643312191306,0.8906249536132838,18.8404,363.6
2026-05-11 21:44:52.823962,138.0,84.7,111.7,34.7,25.0,7.9,0.41,pm25,25.58,67.0,0.71,1015.0,10000,20.0,Clear,clear sky,21,0,11,5,0,1,139.66666666666666,87.36666666666667,129.9333333333333,140.33333333333334,86.66666666666667,129.1,130.91666666666666,81.04166666666667,119.68333333333332,123.04166666666667,75.13333333333334,110.93333333333334,1.0,-11.0,0.7582811033278326,0.7204610743382975,17.1386,60.137
2026-05-11 22:44:52.823962,130.0,83.5,138.3,12.1,2.1,15.2,0.54,pm25,24.79,71.0,4.97,1004.0,10000,19.0,Clear,clear sky,22,0,11,5,0,1,135.0,86.36666666666667,131.0,143.83333333333334,90.89999999999999,137.65,131.5,81.54166666666667,120.61666666666667,123.375,75.70416666666667,112.3125,-8.0,-14.0,0.6037599377891544,0.1735537046649831,17.6009,414.995
2026-05-11 23:44:52.823962,131.0,79.2,117.0,40.0,21.4,22.1,0.39,pm25,24.92,65.0,2.74,1018.0,10000,77.0,Clear,clear sky,23,0,11,5,0,1,133.0,82.46666666666667,122.33333333333333,138.16666666666666,87.21666666666665,131.78333333333333,133.5,82.70833333333333,123.38333333333334,123.66666666666667,75.67916666666667,111.87916666666666,1.0,-6.0,0.6769230711374097,0.5349999866250004,16.198,217.00800000000004
2026-05-12 00:44:52.823962,129.0,75.5,111.5,22.6,23.1,15.3,0.52,pm25,27.98,63.0,2.74,1009.0,10000,64.0,Clear,clear sky,0,1,12,5,0,1,130.0,79.39999999999999,122.26666666666667,134.83333333333334,83.38333333333334,126.10000000000002,134.16666666666666,82.18333333333334,123.18333333333334,125.20833333333333,76.51666666666667,112.48333333333333,-2.0,-9.0,0.6771300387701342,1.0221238485785906,17.6274,206.87
2026-05-12 01:44:52.823962,106.0,63.7,109.0,38.8,26.9,16.9,0.53,pm25,25.03,65.0,5.02,1017.0,10000,90.0,Clear,clear sky,1,1,12,5,0,1,122.0,72.8,112.5,128.5,79.58333333333333,121.75,132.66666666666666,81.49166666666667,122.26666666666667,125.95833333333333,76.91666666666667,114.22499999999998,-23.0,-24.0,0.5844036643632692,0.6932989512036354,16.2695,319.774
2026-05-12 02:44:52.823962,128.0,76.1,107.9,43.0,14.8,9.5,0.25,pm25,27.87,64.0,2.07,1020.0,10000,34.0,Clear,clear sky,2,1,12,5,0,1,121.0,71.76666666666667,109.46666666666665,127.0,77.11666666666667,115.90000000000002,133.66666666666666,82.05,122.96666666666665,127.16666666666667,77.76666666666667,115.625,22.0,-3.0,0.7052826626016434,0.34418603850730145,17.8368,157.527
2026-05-12 03:44:52.823962,79.0,43.5,54.9,49.6,8.9,12.4,0.35,pm25,21.61,61.0,1.44,1023.0,10000,46.0,Clear,clear sky,3,1,12,5,0,1,104.33333333333333,61.1,90.60000000000001,117.16666666666667,70.25,106.43333333333334,128.75,78.45833333333333,117.76666666666667,126.16666666666667,77.10833333333333,114.47500000000001,-49.0,-50.0,0.7923497123433568,0.17943548025331693,13.1821,62.64
2026-05-12 04:44:52.823962,105.0,54.3,81.6,31.2,24.0,21.4,0.65,pm25,24.9,56.0,3.03,1014.0,10000,83.0,Clear,clear sky,4,1,12,5,0,1,104.0,57.96666666666666,81.46666666666667,113.0,65.38333333333333,96.98333333333333,128.41666666666666,78.14166666666667,117.31666666666666,125.95833333333333,76.6375,112.93333333333334,26.0,-1.0,0.665441168315672,0.7692307445759377,13.943999999999999,164.52899999999997
2026-05-12 05:44:52.823962,114.0,68.7,87.5,27.1,29.9,12.2,0.62,pm25,26.02,65.0,0.68,1012.0,10000,22.0,Clear,clear sky,5,1,12,5,0,1,99.33333333333333,55.5,74.66666666666667,110.16666666666667,63.63333333333333,92.06666666666666,124.16666666666667,75.425,111.925,125.875,76.31666666666668,111.98333333333333,9.0,-14.0,0.7851428481697961,1.1033209924973801,16.913,46.71600000000001
2026-05-12 06:44:52.823962,115.0,72.0,88.9,34.7,16.1,11.4,0.43,pm25,26.29,68.0,0.13,1015.0,10000,33.0,Clear,clear sky,6,1,12,5,0,1,111.33333333333333,65.0,86.0,107.83333333333333,63.050000000000004,88.3,121.33333333333333,73.21666666666665,107.2,126.125,76.79166666666667,112.35833333333333,1.0,36.0,0.809898753544446,0.4639769318738637,17.877200000000002,9.36
2026-05-12 07:44:52.823962,132.0,73.8,108.3,11.6,26.8,13.1,0.5,pm25,26.56,59.0,2.65,1004.0,10000,9.0,Clear,clear sky,7,1,12,5,0,1,120.33333333333333,71.5,94.89999999999999,112.16666666666667,64.73333333333333,88.18333333333334,120.33333333333333,72.15833333333333,104.96666666666665,125.75,76.26666666666667,111.37916666666668,17.0,27.0,0.681440436921141,2.3103446284185667,15.670399999999999,195.57
2026-05-12 08:44:52.823962,174.0,112.9,190.1,30.4,16.7,15.8,0.39,pm25,30.78,74.0,6.1,1013.0,10000,92.0,Clear,clear sky,8,1,12,5,0,1,140.33333333333334,86.23333333333333,129.1,119.83333333333333,70.86666666666666,101.88333333333333,123.41666666666667,73.99166666666666,108.89166666666665,128.375,78.17916666666667,115.40416666666668,42.0,60.0,0.5938979453240508,0.5493420871926945,22.777200000000004,688.6899999999999
2026-05-12 09:44:52.823962,142.0,90.0,117.2,28.5,33.2,8.1,0.29,pm25,28.77,70.0,0.33,1012.0,10000,31.0,Clear,clear sky,9,1,12,5,0,1,149.33333333333334,92.23333333333333,138.53333333333333,130.33333333333334,78.61666666666666,112.26666666666667,123.75,74.43333333333334,109.35000000000001,127.33333333333333,77.7375,114.51666666666667,-32.0,27.0,0.7679180821849994,1.1649122398276408,20.139,29.700000000000003
2026-05-12 10:44:52.823962,124.0,79.8,135.1,20.9,27.2,4.2,0.56,pm25,29.77,70.0,5.31,1008.0,10000,35.0,Clear,clear sky,10,1,12,5,0,1,146.66666666666666,94.23333333333333,147.46666666666667,133.5,82.86666666666666,121.18333333333334,123.25,74.125,109.08333333333333,127.375,77.83333333333333,114.84999999999998,-18.0,-8.0,0.5906735707574126,1.3014353444289308,20.839000000000002,423.73799999999994
2026-05-12 11:44:52.823962,91.0,60.0,82.5,21.9,20.3,17.5,0.56,pm25,26.74,71.0,1.88,1009.0,10000,78.0,Clear,clear sky,11,1,12,5,0,1,119.0,76.60000000000001,111.60000000000001,129.66666666666666,81.41666666666667,120.35000000000001,119.91666666666667,72.52499999999999,106.20833333333333,126.70833333333333,77.61666666666667,114.79583333333333,-33.0,-83.0,0.7272727184573005,0.9269405969433517,18.9854,112.8
2026-05-12 12:44:52.823962,124.0,76.2,109.2,28.2,25.7,5.8,0.61,pm25,30.18,67.0,2.24,1012.0,10000,29.0,Clear,clear sky,12,1,12,5,0,1,113.0,72.0,108.93333333333334,131.16666666666666,82.11666666666666,123.73333333333335,119.5,72.58333333333333,106.01666666666667,126.83333333333333,77.38333333333333,114.60000000000001,33.0,-18.0,0.6978021914120679,0.9113474854132098,20.2206,170.68800000000002
2026-05-12 13:44:52.823962,165.0,105.3,165.5,21.0,21.7,21.0,0.64,pm25,34.23,71.0,4.13,1008.0,10000,82.0,Clear,clear sky,13,1,12,5,0,1,126.66666666666667,80.5,119.06666666666666,136.66666666666666,87.36666666666666,133.26666666666665,124.41666666666667,76.05,110.72499999999998,128.54166666666666,78.77083333333333,116.49583333333334,41.0,41.0,0.6362537725906117,1.0333332841269864,24.3033,434.88899999999995
2026-05-12 14:44:52.823962,91.0,53.5,62.3,52.2,27.9,24.4,0.8,pm25,26.43,64.0,0.31,1024.0,10000,70.0,Clear,clear sky,14,1,12,5,0,1,126.66666666666667,78.33333333333333,112.33333333333333,122.83333333333333,77.46666666666667,111.96666666666668,121.33333333333333,74.16666666666667,106.92500000000001,127.5,78.10833333333333,114.94583333333333,-74.0,0.0,0.8587479797953776,0.5344827483815565,16.9152,16.585
2026-05-12 15:44:52.823962,128.0,76.6,113.9,32.6,24.6,14.7,0.24,pm25,29.73,65.0,2.84,1014.0,10000,92.0,Clear,clear sky,15,1,12,5,0,1,128.0,78.46666666666667,113.89999999999999,120.5,75.23333333333333,111.41666666666667,125.41666666666667,76.925,111.84166666666665,127.08333333333333,77.69166666666666,114.80416666666666,37.0,4.0,0.6725197482658494,0.7546012038465889,19.3245,217.54399999999998
2026-05-12 16:44:52.823962,125.0,80.2,115.1,24.8,30.5,20.3,0.58,pm25,28.78,70.0,2.23,1010.0,10000,78.0,Clear,clear sky,16,1,12,5,0,1,114.66666666666667,70.10000000000001,97.10000000000001,120.66666666666667,75.3,108.08333333333333,127.08333333333333,79.08333333333333,114.63333333333334,127.75,78.6125,115.97499999999998,-3.0,-40.0,0.6967853979427855,1.2298386600871507,20.146,178.846
2026-05-12 17:44:52.823962,142.0,86.9,130.6,27.0,14.5,11.5,0.43,pm25,27.38,67.0,3.04,1012.0,10000,11.0,Clear,clear sky,17,1,12,5,0,1,131.66666666666666,81.23333333333333,119.86666666666666,129.16666666666666,79.78333333333333,116.09999999999998,129.41666666666666,80.60000000000001,118.22500000000001,126.79166666666667,78.0125,115.075,17.0,51.0,0.6653905002650039,0.5370370171467771,18.3446,264.17600000000004
2026-05-12 18:44:52.823962,141.0,85.5,129.1,47.1,33.6,3.7,0.92,pm25,26.49,66.0,3.12,1022.0,10000,41.0,Clear,clear sky,18,1,12,5,0,1,136.0,84.2,124.93333333333332,132.0,81.33333333333333,119.41666666666664,131.58333333333334,81.72500000000001,121.57499999999999,126.45833333333333,77.47083333333335,114.3875,-1.0,13.0,0.6622772992852263,0.7133757810323614,17.4834,266.76
2026-05-12 19:44:52.823962,173.0,104.5,153.1,16.1,11.2,14.3,0.71,pm25,26.26,66.0,2.46,1006.0,10000,48.0,Clear,clear sky,19,1,12,5,0,1,152.0,92.30000000000001,137.6,133.33333333333334,81.2,117.35000000000001,135.0,84.28333333333333,125.30833333333334,127.66666666666667,78.22083333333335,115.1375,32.0,48.0,0.6825604135691679,0.6956521307048364,17.3316,257.07
2026-05-12 20:44:52.823962,159.0,97.4,150.1,26.8,27.8,19.3,0.23,pm25,27.71,67.0,3.6,1011.0,10000,87.0,Clear,clear sky,20,1,12,5,0,1,157.66666666666666,95.8,144.1,144.66666666666666,88.51666666666667,131.98333333333332,133.75,82.99166666666666,121.97499999999998,128.58333333333334,78.49166666666666,115.43333333333334,-14.0,17.0,0.6489007285216475,1.0373133941300972,18.565700000000003,350.64000000000004
2026-05-12 21:44:52.823962,137.0,82.6,130.3,36.7,39.3,8.9,0.48,pm25,25.46,66.0,3.95,1016.0,10000,41.0,Clear,clear sky,21,1,12,5,0,1,156.33333333333334,94.83333333333333,144.5,146.16666666666666,89.51666666666667,134.71666666666667,133.33333333333334,82.375,123.06666666666666,128.54166666666666,78.40416666666665,116.20833333333333,-22.0,-4.0,0.6339217142446529,1.0708446574701727,16.803600000000003,326.27
2026-05-12 22:44:52.823962,105.0,60.6,99.0,16.0,17.4,7.8,0.65,pm25,22.3,62.0,4.21,1006.0,10000,100.0,Clear,clear sky,22,1,12,5,0,1,133.66666666666666,80.2,126.46666666666665,142.83333333333334,86.25,132.03333333333333,131.75,80.775,120.05833333333332,127.5,77.45,114.57083333333334,-32.0,-68.0,0.6121212059381697,1.0874999320312542,13.826,255.126
2026-05-12 23:44:52.823962,151.0,87.1,136.3,28.6,36.2,13.3,0.25,pm25,26.96,61.0,3.83,1012.0,10000,43.0,Clear,clear sky,23,1,12,5,0,1,131.0,76.76666666666667,121.86666666666667,144.33333333333334,86.28333333333335,132.98333333333332,136.75,83.03333333333335,124.54166666666667,128.33333333333334,77.77916666666665,115.375,46.0,-8.0,0.63903154336734,1.2657342214778244,16.4456,333.59299999999996
2026-05-13 00:44:52.823962,101.0,57.2,76.8,38.1,17.3,13.4,0.98,pm25,24.46,61.0,1.64,1017.0,10000,38.0,Clear,clear sky,0,2,13,5,0,1,119.0,68.3,104.03333333333335,137.66666666666666,81.56666666666666,124.26666666666667,134.83333333333334,81.45,121.84166666666665,127.16666666666667,77.01666666666667,113.92916666666667,-50.0,-36.0,0.7447916569688587,0.454068229552015,14.9206,93.80799999999999
2026-05-13 01:44:52.823962,104.0,58.5,75.6,30.6,37.2,17.5,0.51,pm25,24.83,61.0,1.17,1013.0,10000,4.0,Clear,clear sky,1,2,13,5,0,1,118.66666666666667,67.60000000000001,96.23333333333333,126.16666666666667,73.89999999999999,111.35000000000001,129.75,77.55,114.34999999999998,127.08333333333333,76.8,112.53750000000001,3.0,-1.0,0.7738095135739483,1.2156862347814956,15.146299999999998,68.445
2026-05-13 02:44:52.823962,132.0,82.1,121.8,37.4,15.3,10.8,0.73,pm25,28.27,68.0,2.81,1017.0,10000,33.0,Clear,clear sky,2,2,13,5,0,1,112.33333333333333,65.93333333333334,91.39999999999999,121.66666666666667,71.35000000000001,106.63333333333333,133.16666666666666,79.93333333333334,119.30833333333332,127.25,77.05,113.11666666666667,28.0,-19.0,0.674055823694123,0.4090908981526498,19.223599999999998,230.701
2026-05-13 03:44:52.823962,99.0,51.9,80.6,31.3,34.1,17.5,0.7,pm25,24.22,57.0,3.42,1014.0,10000,64.0,Clear,clear sky,3,2,13,5,0,1,111.66666666666667,64.16666666666667,92.66666666666667,115.33333333333333,66.23333333333333,98.35000000000001,130.75,77.875,116.53333333333335,128.08333333333334,77.39999999999999,114.1875,-33.0,-2.0,0.6439205875444096,1.089456834202657,13.805399999999999,177.498
2026-05-13 04:44:52.823962,94.0,66.1,98.2,35.0,28.6,13.4,0.51,pm25,23.6,74.0,2.86,1015.0,10000,18.0,Clear,clear sky,4,2,13,5,0,1,108.33333333333333,66.7,100.2,113.5,67.14999999999999,98.21666666666668,128.16666666666666,76.7,115.125,127.625,77.89166666666667,114.87916666666666,-5.0,-10.0,0.673116082758492,0.8171428337959191,17.464000000000002,189.04599999999996
2026-05-13 05:44:52.823962,117.0,64.0,117.4,34.5,30.4,24.5,0.55,pm25,26.47,59.0,6.2,1015.0,10000,67.0,Clear,clear sky,5,2,13,5,0,1,103.33333333333333,60.666666666666664,98.73333333333333,107.83333333333333,63.29999999999999,95.06666666666666,126.08333333333333,74.79166666666667,114.02499999999999,127.75,77.69583333333333,116.125,23.0,-15.0,0.5451447994451039,0.8811593947490031,15.6173,396.8
2026-05-13 06:44:52.823962,155.0,84.3,132.7,43.1,30.9,16.1,0.41,pm25,30.37,56.0,3.94,1020.0,10000,62.0,Clear,clear sky,6,2,13,5,0,1,122.0,71.46666666666665,116.09999999999998,116.83333333333333,67.81666666666666,104.38333333333333,127.25,74.69166666666666,114.325,129.41666666666666,78.20833333333333,117.95,38.0,56.0,0.6352675159361906,0.7169373383541221,17.0072,332.142
2026-05-13 07:44:52.823962,168.0,103.3,139.1,18.7,25.9,10.4,0.35,pm25,29.56,68.0,0.63,1007.0,10000,10.0,Clear,clear sky,7,2,13,5,0,1,146.66666666666666,83.86666666666666,129.73333333333332,127.5,75.28333333333333,114.96666666666665,126.83333333333333,74.59166666666665,113.15833333333332,130.91666666666666,79.4375,119.23333333333333,13.0,74.0,0.7426311952362963,1.3850266639023174,20.1008,65.079
2026-05-13 08:44:52.823962,145.0,84.7,134.8,38.4,33.2,16.5,0.7,pm25,28.37,63.0,4.16,1017.0,10000,5.0,Clear,clear sky,8,2,13,5,0,1,156.0,90.76666666666665,135.53333333333333,129.66666666666666,75.71666666666665,117.13333333333334,125.66666666666667,73.53333333333333,111.88333333333334,129.70833333333334,78.2625,116.92916666666666,-23.0,28.0,0.6283382742704876,0.8645833108181431,17.8731,352.35200000000003
2026-05-13 09:44:52.823962,145.0,88.9,144.1,41.2,34.1,18.4,0.46,pm25,29.01,67.0,4.62,1019.0,10000,67.0,Clear,clear sky,9,2,13,5,0,1,152.66666666666666,92.3,139.33333333333334,137.33333333333334,81.88333333333334,127.71666666666665,126.33333333333333,74.05833333333332,113.03333333333335,129.83333333333334,78.21666666666667,118.05,0.0,-10.0,0.6169326813536942,0.8276698828235466,19.436700000000002,410.718
2026-05-13 10:44:52.823962,151.0,88.4,146.4,48.0,15.3,12.8,0.64,pm25,32.5,63.0,5.07,1022.0,10000,39.0,Clear,clear sky,10,2,13,5,0,1,147.0,87.33333333333333,141.76666666666665,146.83333333333334,85.60000000000001,135.75,130.16666666666666,76.375,116.98333333333335,130.95833333333334,78.575,118.52083333333333,6.0,-17.0,0.6038251324875332,0.31874999335937515,20.475,448.18800000000005
2026-05-13 11:44:52.823962,143.0,88.4,120.6,39.5,39.7,14.9,0.52,pm25,31.97,68.0,1.19,1018.0,10000,50.0,Clear,clear sky,11,2,13,5,0,1,146.33333333333334,88.56666666666668,137.03333333333333,151.16666666666666,89.66666666666667,136.28333333333333,129.5,76.48333333333333,115.675,133.125,79.75833333333333,120.10833333333335,-8.0,-2.0,0.7330016522968354,1.005063265694601,21.7396,105.196
2026-05-13 12:44:52.823962,122.0,66.1,114.0,20.5,31.5,15.3,0.68,pm25,29.94,58.0,5.23,1008.0,10000,53.0,Clear,clear sky,12,2,13,5,0,1,138.66666666666666,80.96666666666665,127.0,145.66666666666666,86.63333333333334,133.16666666666666,131.25,77.22500000000001,118.77499999999999,133.04166666666666,79.3375,120.30833333333332,-21.0,-23.0,0.5798245563173284,1.5365852908982784,17.3652,345.703
2026-05-13 13:44:52.823962,160.0,89.5,143.6,35.5,18.2,12.3,0.41,pm25,33.74,58.0,4.41,1016.0,10000,29.0,Clear,clear sky,13,2,13,5,0,1,141.66666666666666,81.33333333333333,126.06666666666665,144.33333333333334,84.33333333333333,133.91666666666666,135.91666666666666,79.80833333333334,124.44166666666666,132.83333333333334,78.67916666666666,119.39583333333333,38.0,9.0,0.6232590485845471,0.5126760418964496,19.569200000000002,394.695
2026-05-13 14:44:52.823962,108.0,64.2,90.5,26.4,34.4,8.8,0.48,pm25,28.13,65.0,2.13,1011.0,10000,32.0,Clear,clear sky,14,2,13,5,0,1,130.0,73.26666666666665,116.0333333333333,138.16666666666666,80.91666666666667,126.53333333333332,133.91666666666666,78.31666666666666,121.83333333333333,133.54166666666666,79.125,120.57083333333334,-52.0,-35.0,0.7093922573547817,1.3030302536730964,18.2845,136.746
2026-05-13 15:44:52.823962,155.0,84.7,125.8,32.4,21.9,20.3,0.61,pm25,32.49,56.0,2.81,1014.0,10000,84.0,Clear,clear sky,15,2,13,5,0,1,141.0,79.46666666666667,119.96666666666665,139.83333333333334,80.21666666666667,123.48333333333333,138.58333333333334,81.05,125.60000000000001,134.66666666666666,79.46249999999999,121.06666666666666,47.0,33.0,0.6732909326447463,0.6759259050640153,18.1944,238.007
2026-05-13 16:44:52.823962,121.0,69.4,105.5,55.6,38.3,12.4,0.62,pm25,28.37,62.0,3.2,1026.0,10000,43.0,Clear,clear sky,16,2,13,5,0,1,128.0,72.76666666666667,107.26666666666665,134.83333333333334,77.05,116.66666666666667,140.83333333333334,81.325,126.20833333333333,134.5,79.0125,120.66666666666667,-34.0,-39.0,0.6578198989780105,0.6888489084739404,17.5894,222.08000000000004
2026-05-13 17:44:52.823962,177.0,110.8,159.9,17.7,34.1,3.2,0.41,pm25,30.37,69.0,2.06,1007.0,10000,9.0,Clear,clear sky,17,2,13,5,0,1,151.0,88.3,130.4,140.5,80.78333333333333,123.21666666666668,145.83333333333334,85.22500000000001,129.75,135.95833333333334,80.00833333333334,121.88749999999999,56.0,69.0,0.6929330788434453,1.92655356347155,20.9553,228.248
2026-05-13 18:44:52.823962,183.0,104.4,176.7,19.9,9.5,15.0,0.53,pm25,30.09,59.0,6.02,1008.0,10000,50.0,Clear,clear sky,18,2,13,5,0,1,160.33333333333334,94.86666666666667,147.36666666666665,150.66666666666666,87.16666666666667,133.66666666666666,148.16666666666666,86.89999999999999,133.41666666666666,137.70833333333334,80.79583333333333,123.87083333333332,6.0,28.0,0.5908319151622416,0.47738691068407485,17.7531,628.4879999999999
2026-05-13 19:44:52.823962,161.0,93.1,139.0,21.7,39.9,0.8,0.09,pm25,25.2,62.0,2.9,1009.0,10000,94.0,Clear,clear sky,19,2,13,5,0,1,173.66666666666666,102.76666666666665,158.53333333333333,150.83333333333334,87.76666666666667,132.9,147.58333333333334,86.05000000000001,133.40833333333333,137.20833333333334,80.32083333333333,123.28333333333335,-22.0,40.0,0.6697841678432793,1.8387095926861938,15.623999999999999,269.98999999999995
2026-05-13 20:44:52.823962,146.0,83.6,119.3,34.1,33.0,12.0,0.0,pm25,26.37,61.0,2.08,1015.0,10000,32.0,Clear,clear sky,20,2,13,5,0,1,163.33333333333334,93.69999999999999,145.0,157.16666666666666,91.0,137.70000000000002,147.66666666666666,85.95833333333333,132.11666666666665,136.66666666666666,79.74583333333334,122.0,-15.0,-31.0,0.7007543947966941,0.9677419071043429,16.085700000000003,173.888
2026-05-13 21:44:52.823962,126.0,83.1,121.9,34.6,36.6,6.7,0.78,pm25,24.43,72.0,2.59,1015.0,10000,39.0,Clear,clear sky,21,2,13,5,0,1,144.33333333333334,86.59999999999998,126.73333333333333,152.33333333333334,90.73333333333333,137.04999999999998,146.08333333333334,85.47500000000001,130.26666666666668,136.20833333333334,79.76666666666667,121.64999999999999,-20.0,-57.0,0.6817063110606537,1.0578034376357388,17.5896,215.22899999999998
2026-05-13 22:44:52.823962,127.0,74.4,105.7,32.6,27.1,19.1,0.52,pm25,24.46,63.0,2.12,1014.0,10000,90.0,Clear,clear sky,22,2,13,5,0,1,133.0,80.36666666666666,115.63333333333333,153.33333333333334,91.56666666666666,137.08333333333334,144.08333333333334,84.30833333333332,126.875,137.125,80.34166666666667,121.92916666666666,1.0,-34.0,0.7038788958951855,0.8312883180586407,15.4098,157.728
2026-05-13 23:44:52.823962,138.0,89.1,136.0,21.5,24.7,16.9,0.56,pm25,25.59,71.0,3.35,1009.0,10000,98.0,Clear,clear sky,23,2,13,5,0,1,130.33333333333334,82.19999999999999,121.2,146.83333333333334,87.95,133.1,143.66666666666666,84.36666666666666,128.15833333333333,136.58333333333334,80.425,121.91666666666667,11.0,-8.0,0.6551470540062716,1.1488371558680393,18.1689,298.485
2026-05-14 00:44:52.823962,102.0,62.5,104.7,41.3,28.5,10.7,0.54,pm25,24.57,66.0,4.63,1019.0,10000,15.0,Clear,clear sky,0,3,14,5,0,1,122.33333333333333,75.33333333333333,115.46666666666668,133.33333333333334,80.96666666666667,121.10000000000001,142.0,84.06666666666666,127.38333333333333,136.625,80.64583333333333,123.07916666666667,-36.0,-24.0,0.5969436428181123,0.6900726225164014,16.2162,289.375
2026-05-14 01:44:52.823962,129.0,75.7,117.7,23.2,31.7,28.6,0.47,pm25,27.91,64.0,3.63,1010.0,10000,56.0,Clear,clear sky,1,3,14,5,0,1,123.0,75.76666666666667,119.46666666666665,128.0,78.06666666666666,117.55,139.41666666666666,82.91666666666667,125.22500000000001,137.66666666666666,81.3625,124.83333333333333,27.0,2.0,0.6431605722756112,1.3663792514491702,17.8624,274.791
2026-05-14 02:44:52.823962,98.0,59.9,79.9,24.1,17.6,10.8,0.28,pm25,24.05,66.0,1.5,1010.0,10000,85.0,Clear,clear sky,2,3,14,5,0,1,109.66666666666667,66.03333333333333,100.76666666666667,120.0,74.11666666666666,110.98333333333333,138.58333333333334,82.55833333333334,124.34166666666668,136.25,80.4375,123.08749999999999,-31.0,-40.0,0.7496870995032903,0.730290426129028,15.873,89.85
2026-05-14 03:44:52.823962,98.0,56.8,79.9,27.6,9.2,18.4,0.78,pm25,24.03,63.0,2.2,1012.0,10000,55.0,Clear,clear sky,3,3,14,5,0,1,108.33333333333333,64.13333333333333,92.5,115.33333333333333,69.73333333333333,103.98333333333335,133.83333333333334,80.23333333333333,120.51666666666665,136.20833333333334,80.64166666666667,123.05833333333334,0.0,-4.0,0.7108886018662252,0.33333332125603904,15.138900000000001,124.96000000000001
2026-05-14 04:44:52.823962,61.0,41.2,89.3,31.7,15.6,15.7,0.39,pm25,19.38,70.0,7.12,1014.0,10000,10.0,Clear,clear sky,4,3,14,5,0,1,85.66666666666667,52.633333333333326,83.03333333333335,104.33333333333333,64.2,101.25,128.83333333333334,77.88333333333334,119.16666666666667,134.83333333333334,79.60416666666667,122.6875,-37.0,-68.0,0.46136617624449977,0.49211354914468297,13.565999999999999,293.34400000000005
2026-05-14 05:44:52.823962,99.0,58.3,85.4,30.4,22.0,16.1,0.39,pm25,24.18,64.0,2.69,1013.0,10000,75.0,Clear,clear sky,5,3,14,5,0,1,86.0,52.099999999999994,84.86666666666667,97.83333333333333,59.06666666666666,92.81666666666666,122.33333333333333,73.50833333333333,112.95833333333333,134.08333333333334,79.36666666666667,121.35416666666667,38.0,1.0,0.6826697812333749,0.723684186720915,15.4752,156.827
2026-05-14 06:44:52.823962,146.0,87.9,158.3,27.1,19.1,16.8,0.42,pm25,29.45,65.0,6.96,1012.0,10000,68.0,Clear,clear sky,6,3,14,5,0,1,102.0,62.46666666666667,111.0,105.16666666666667,63.300000000000004,101.75,119.25,72.13333333333333,111.425,133.70833333333334,79.51666666666667,122.42083333333335,47.0,48.0,0.5552747911858825,0.7047970219632095,19.1425,611.784
2026-05-14 07:44:52.823962,140.0,86.8,139.0,15.0,13.8,4.9,0.56,pm25,27.22,68.0,4.31,1005.0,10000,41.0,Clear,clear sky,7,3,14,5,0,1,128.33333333333334,77.66666666666667,127.56666666666668,107.0,65.15,105.3,117.5,71.60833333333333,111.425,132.54166666666666,78.82916666666667,122.41666666666667,-6.0,79.0,0.6244604271621552,0.9199999386666708,18.5096,374.10799999999995
2026-05-14 08:44:52.823962,166.0,101.2,137.3,35.3,34.1,13.1,0.41,pm25,30.1,67.0,0.83,1016.0,10000,39.0,Clear,clear sky,8,3,14,5,0,1,150.66666666666666,91.96666666666665,144.86666666666667,118.33333333333333,72.03333333333333,114.86666666666667,119.16666666666667,73.075,112.92500000000001,133.41666666666666,79.51666666666667,122.52083333333333,26.0,67.0,0.7370720995114923,0.966005638356781,20.167,83.996
2026-05-14 09:44:52.823962,197.0,122.9,178.8,65.1,12.5,19.3,0.18,pm25,33.33,70.0,2.16,1031.0,10000,61.0,Clear,clear sky,9,3,14,5,0,1,167.66666666666666,103.63333333333333,151.70000000000002,134.83333333333334,83.05000000000001,131.35,125.08333333333333,76.39166666666667,117.66666666666667,135.58333333333334,80.93333333333334,123.96666666666665,31.0,51.0,0.687360175126621,0.19201228583698488,23.331,265.46400000000006
2026-05-14 10:44:52.823962,88.0,49.9,72.4,38.2,16.9,14.5,0.78,pm25,26.17,62.0,2.62,1017.0,10000,46.0,Clear,clear sky,10,3,14,5,0,1,150.33333333333334,91.33333333333333,129.50000000000003,139.33333333333334,84.5,128.53333333333333,121.83333333333333,74.35000000000001,114.89166666666667,132.95833333333334,79.32916666666667,120.88333333333334,-109.0,-52.0,0.6892265098173134,0.4424083653819799,16.2254,130.738
2026-05-14 11:44:52.823962,166.0,97.1,143.3,35.4,24.2,13.2,0.38,pm25,34.33,63.0,2.65,1016.0,10000,4.0,Clear,clear sky,11,3,14,5,0,1,150.33333333333334,89.96666666666665,131.50000000000003,150.5,90.96666666666668,138.18333333333334,124.16666666666667,75.01666666666667,115.5,133.91666666666666,79.69166666666668,121.82916666666667,78.0,0.0,0.6775994370020973,0.6836157998978588,21.6279,257.315
2026-05-14 12:44:52.823962,142.0,86.0,123.9,26.3,27.0,10.2,0.39,pm25,32.02,66.0,2.25,1011.0,10000,12.0,Clear,clear sky,12,3,14,5,0,1,132.0,77.66666666666667,113.2,149.83333333333334,90.64999999999999,132.45000000000002,127.5,76.97500000000001,117.10000000000002,134.75,80.52083333333333,122.24166666666666,-24.0,-55.0,0.6941081461331061,1.0266159305469227,21.133200000000002,193.5
2026-05-14 13:44:52.823962,175.0,104.4,177.3,33.0,36.9,17.2,0.69,pm25,35.28,64.0,6.1,1014.0,10000,58.0,Clear,clear sky,13,3,14,5,0,1,161.0,95.83333333333333,148.1666666666667,155.66666666666666,93.58333333333333,138.83333333333334,131.33333333333334,79.36666666666666,122.06666666666668,135.375,81.14166666666667,123.64583333333333,33.0,87.0,0.5888324839885365,1.1181817842975217,22.5792,636.84
2026-05-14 14:44:52.823962,129.0,82.2,124.2,54.1,19.7,10.2,0.67,pm25,30.29,70.0,3.14,1025.0,10000,21.0,Clear,clear sky,14,3,14,5,0,1,148.66666666666666,90.86666666666667,141.8,149.5,90.41666666666667,136.65,133.91666666666666,81.22500000000001,125.75833333333334,136.25,81.89166666666667,125.05,-46.0,-37.0,0.6618357434634804,0.3641404738606197,21.202999999999996,258.108
2026-05-14 15:44:52.823962,130.0,72.5,98.8,31.0,20.9,17.5,0.49,pm25,29.89,60.0,1.5,1014.0,10000,80.0,Clear,clear sky,15,3,14,5,0,1,144.66666666666666,86.36666666666667,133.43333333333337,138.33333333333334,82.01666666666667,123.31666666666668,136.58333333333334,82.53333333333335,127.33333333333336,135.20833333333334,81.38333333333334,123.92500000000001,1.0,-12.0,0.7338056605890115,0.6741935266389184,17.934,108.75
2026-05-14 16:44:52.823962,86.0,46.8,62.5,24.4,25.4,19.9,0.73,pm25,24.9,60.0,1.85,1010.0,10000,89.0,Clear,clear sky,16,3,14,5,0,1,115.0,67.16666666666667,95.16666666666667,138.0,81.5,121.66666666666667,138.66666666666666,83.0,125.10000000000001,133.75,80.44166666666666,122.13333333333334,-44.0,-89.0,0.7487999880192002,1.0409835638941163,14.94,86.58
2026-05-14 17:44:52.823962,176.0,99.5,141.3,23.7,31.9,20.0,0.4,pm25,30.28,59.0,1.81,1010.0,10000,20.0,Clear,clear sky,17,3,14,5,0,1,130.66666666666666,72.93333333333334,100.86666666666667,139.66666666666666,81.89999999999999,121.33333333333333,145.08333333333334,86.43333333333334,129.75833333333335,133.70833333333334,79.97083333333335,121.35833333333335,90.0,47.0,0.7041755081091613,1.345991504388544,17.8652,180.095
2026-05-14 18:44:52.823962,144.0,89.2,141.6,45.5,25.0,14.6,0.44,pm25,26.82,68.0,4.18,1021.0,10000,0.0,Clear,clear sky,18,3,14,5,0,1,135.33333333333334,78.5,115.13333333333334,140.0,82.43333333333332,124.28333333333332,144.91666666666666,86.54166666666667,128.36666666666667,132.08333333333334,79.33749999999999,119.89583333333336,-32.0,14.0,0.6299434983761053,0.5494505373747135,18.2376,372.856
2026-05-14 19:44:52.823962,175.0,117.2,193.2,22.5,16.3,14.9,0.47,pm25,26.43,77.0,5.62,1009.0,10000,49.0,Clear,clear sky,19,3,14,5,0,1,165.0,101.96666666666665,158.70000000000002,140.0,84.56666666666666,126.93333333333334,147.83333333333334,89.075,132.88333333333335,132.66666666666666,80.34166666666667,122.15416666666665,31.0,89.0,0.6066252556592896,0.724444412246915,20.3511,658.664
2026-05-14 20:44:52.823962,122.0,74.8,112.9,28.6,36.0,21.3,0.61,pm25,24.0,67.0,3.11,1012.0,10000,64.0,Clear,clear sky,20,3,14,5,0,1,147.0,93.73333333333333,149.23333333333335,138.83333333333334,83.33333333333333,125.05,144.16666666666666,86.875,130.85,131.66666666666666,79.975,121.8875,-53.0,-54.0,0.662533209366402,1.258741214729328,16.08,232.628
2026-05-14 21:44:52.823962,148.0,85.3,130.9,34.8,38.7,17.6,0.07,pm25,26.61,62.0,3.45,1015.0,10000,57.0,Clear,clear sky,21,3,14,5,0,1,148.33333333333334,92.43333333333334,145.66666666666666,141.83333333333334,85.46666666666665,130.4,140.08333333333334,83.74166666666666,126.85833333333333,132.58333333333334,80.06666666666666,122.2625,26.0,4.0,0.6516424701937168,1.1120689335612377,16.4982,294.285
2026-05-14 22:44:52.823962,116.0,71.7,118.0,35.7,23.6,4.8,0.32,pm25,23.39,67.0,4.58,1016.0,10000,33.0,Clear,clear sky,22,3,14,5,0,1,128.66666666666666,77.26666666666667,120.60000000000002,146.83333333333334,89.61666666666667,139.65,142.41666666666666,85.55833333333334,130.65833333333333,132.125,79.95416666666667,122.77500000000002,-32.0,-59.0,0.6076271134946856,0.6610644072530979,15.6713,328.386
2026-05-14 23:44:52.823962,103.0,55.6,77.8,24.8,18.3,18.6,0.12,pm25,22.09,59.0,2.16,1010.0,10000,74.0,Clear,clear sky,23,3,14,5,0,1,122.33333333333333,70.86666666666666,108.90000000000002,134.66666666666666,82.3,129.06666666666666,137.16666666666666,82.1,125.2,130.66666666666666,78.55833333333334,120.35000000000001,-13.0,-19.0,0.7146529471124301,0.7379031960522905,13.0331,120.09600000000002
2026-05-15 00:44:52.823962,126.0,71.4,123.3,40.3,24.8,18.5,0.16,pm25,27.6,61.0,5.43,1018.0,10000,78.0,Clear,clear sky,0,4,15,5,0,1,115.0,66.23333333333333,106.36666666666667,131.66666666666666,79.33333333333333,126.01666666666667,135.83333333333334,80.88333333333334,125.14999999999999,131.66666666666666,78.92916666666666,121.125,23.0,-22.0,0.5790754210942789,0.6153846001145261,16.836000000000002,387.702
2026-05-15 01:44:52.823962,109.0,60.8,86.6,55.8,26.4,19.1,0.6,pm25,25.49,60.0,2.32,1026.0,10000,91.0,Clear,clear sky,1,4,15,5,0,1,112.66666666666667,62.6,95.90000000000002,120.66666666666667,69.93333333333332,108.25,130.33333333333334,77.25,117.59166666666665,130.83333333333334,78.30833333333334,119.82916666666667,-17.0,-7.0,0.7020785138328116,0.4731182710910704,15.293999999999999,141.05599999999998
2026-05-15 02:44:52.823962,85.0,56.7,85.5,28.2,32.6,15.0,0.68,pm25,22.44,70.0,3.08,1012.0,10000,50.0,Clear,clear sky,2,4,15,5,0,1,106.66666666666667,62.96666666666667,98.46666666666665,114.5,66.91666666666667,103.68333333333334,126.66666666666667,75.125,114.36666666666666,130.29166666666666,78.175,120.0625,-24.0,-18.0,0.6631578869806095,1.156028327800414,15.708000000000002,174.63600000000002
2026-05-15 03:44:52.823962,98.0,58.0,82.0,35.5,24.7,17.7,0.35,pm25,24.07,64.0,2.26,1016.0,10000,96.0,Clear,clear sky,3,4,15,5,0,1,97.33333333333333,58.5,84.7,106.16666666666667,62.366666666666674,95.53333333333335,124.0,73.91666666666667,112.96666666666665,130.29166666666666,78.225,120.14999999999999,13.0,-28.0,0.7073170645449138,0.6957746282880387,15.4048,131.07999999999998
2026-05-15 04:44:52.823962,94.0,53.3,81.8,31.5,28.0,9.4,0.62,pm25,23.55,62.0,3.28,1014.0,10000,87.0,Clear,clear sky,4,4,15,5,0,1,92.33333333333333,56.0,83.10000000000001,102.5,59.300000000000004,89.5,124.66666666666667,74.45833333333333,114.57499999999999,131.66666666666666,78.72916666666667,119.83750000000002,-4.0,-15.0,0.6515892340881512,0.8888888606701949,14.601,174.82399999999998
2026-05-15 05:44:52.823962,82.0,47.5,77.8,31.3,33.2,17.6,0.09,pm25,22.02,63.0,3.98,1014.0,10000,66.0,Clear,clear sky,5,4,15,5,0,1,91.33333333333333,52.93333333333334,80.53333333333335,99.0,57.949999999999996,89.5,116.83333333333333,70.125,109.28333333333335,130.95833333333334,78.27916666666667,119.52083333333333,-12.0,-3.0,0.610539837910799,1.0607028415110913,13.8726,189.05
2026-05-15 06:44:52.823962,136.0,79.0,115.2,21.1,20.1,21.6,0.17,pm25,28.41,62.0,2.52,1009.0,10000,77.0,Clear,clear sky,6,4,15,5,0,1,104.0,59.93333333333334,91.60000000000001,100.66666666666667,59.21666666666666,88.14999999999999,116.16666666666667,69.27499999999999,107.08333333333333,130.54166666666666,77.90833333333335,117.72500000000001,54.0,38.0,0.6857638829360774,0.9526065899238583,17.6142,199.08
2026-05-15 07:44:52.823962,168.0,102.6,157.1,38.8,27.7,2.6,0.29,pm25,29.6,67.0,3.49,1017.0,10000,40.0,Clear,clear sky,7,4,15,5,0,1,128.66666666666666,76.36666666666666,116.7,110.5,66.18333333333334,99.89999999999999,115.58333333333333,68.05833333333334,104.075,131.70833333333334,78.56666666666668,118.47916666666667,32.0,74.0,0.6530872014443845,0.7139175073732602,19.832,358.074
2026-05-15 08:44:52.823962,177.0,103.5,146.7,22.5,26.5,11.7,0.31,pm25,31.04,63.0,1.71,1009.0,10000,7.0,Clear,clear sky,8,4,15,5,0,1,160.33333333333334,95.03333333333335,139.66666666666669,125.83333333333333,73.98333333333333,110.09999999999998,120.16666666666667,70.45,106.89166666666665,132.16666666666666,78.66250000000001,118.87083333333334,9.0,95.0,0.7055214675833574,1.1777777254321011,19.5552,176.98499999999999
2026-05-15 09:44:52.823962,151.0,89.1,152.3,21.4,32.1,15.4,0.54,pm25,29.46,64.0,5.79,1009.0,10000,8.0,Clear,clear sky,9,4,15,5,0,1,165.33333333333334,98.39999999999999,152.03333333333333,134.66666666666666,79.16666666666666,121.81666666666666,120.41666666666667,70.76666666666667,108.67500000000001,130.25,77.25416666666666,117.76666666666667,-26.0,15.0,0.5850295431055184,1.4999999299065454,18.854400000000002,515.889
2026-05-15 10:44:52.823962,133.0,78.1,115.8,15.3,48.2,8.7,0.41,pm25,30.74,63.0,2.79,1006.0,10000,48.0,Clear,clear sky,10,4,15,5,0,1,153.66666666666666,90.23333333333333,138.26666666666668,141.16666666666666,83.3,127.48333333333333,121.83333333333333,71.3,108.49166666666667,132.125,78.42916666666667,119.57499999999999,-18.0,-35.0,0.674438681567887,3.1503265914819223,19.3662,217.899
2026-05-15 11:44:52.823962,145.0,95.5,140.2,42.9,22.9,15.1,0.14,pm25,32.25,73.0,2.55,1019.0,10000,17.0,Clear,clear sky,11,4,15,5,0,1,143.0,87.56666666666666,136.10000000000002,151.66666666666666,91.3,137.88333333333333,125.33333333333333,74.625,113.69166666666666,131.25,78.3625,119.44583333333334,12.0,-32.0,0.6811697526307436,0.5337995213566545,23.5425,243.52499999999998
2026-05-15 12:44:52.823962,118.0,69.2,105.2,33.4,7.1,15.5,0.52,pm25,29.56,64.0,3.2,1015.0,10000,51.0,Clear,clear sky,12,4,15,5,0,1,132.0,80.93333333333334,120.40000000000002,148.66666666666666,89.66666666666667,136.21666666666667,124.66666666666667,74.44166666666666,112.18333333333334,130.25,77.66250000000001,118.66666666666667,-27.0,-33.0,0.6577946705532827,0.21257484393488493,18.9184,221.44000000000003
2026-05-15 13:44:52.823962,176.0,101.2,165.7,38.1,27.9,10.6,0.57,pm25,35.33,61.0,5.09,1017.0,10000,13.0,Clear,clear sky,13,4,15,5,0,1,146.33333333333334,88.63333333333333,137.03333333333333,150.0,89.43333333333334,137.65,130.25,77.80833333333334,118.77499999999999,130.29166666666666,77.52916666666665,118.18333333333334,58.0,43.0,0.6107423016853211,0.7322834453468912,21.5513,515.108
2026-05-15 14:44:52.823962,136.0,81.9,114.0,27.8,20.0,17.6,0.61,pm25,30.96,66.0,1.66,1012.0,10000,99.0,Clear,clear sky,14,4,15,5,0,1,143.33333333333334,84.10000000000001,128.3,143.16666666666666,85.83333333333333,132.20000000000002,134.5,79.90833333333333,121.14999999999999,130.58333333333334,77.51666666666667,117.75833333333334,-40.0,-9.0,0.71842104632964,0.7194244345530778,20.433600000000002,135.954
2026-05-15 15:44:52.823962,116.0,64.2,94.3,41.3,30.9,8.4,0.14,pm25,28.49,60.0,2.69,1019.0,10000,4.0,Clear,clear sky,15,4,15,5,0,1,142.66666666666666,82.43333333333334,124.66666666666669,137.33333333333334,81.68333333333334,122.53333333333332,136.0,80.425,122.175,130.0,77.17083333333333,117.57083333333333,-20.0,-2.0,0.6808059312745925,0.7481840012546247,17.093999999999998,172.698
2026-05-15 16:44:52.823962,166.0,96.1,146.1,46.7,23.2,17.5,0.54,pm25,32.94,61.0,3.3,1021.0,10000,92.0,Clear,clear sky,16,4,15,5,0,1,139.33333333333334,80.73333333333333,118.13333333333334,142.83333333333334,84.68333333333334,127.58333333333333,142.0,83.99166666666666,127.53333333333335,133.33333333333334,79.22500000000001,121.05416666666666,50.0,-10.0,0.6577686471063063,0.4967879979274518,20.0934,317.12999999999994
2026-05-15 17:44:52.823962,205.0,117.8,173.3,42.2,17.1,12.4,0.48,pm25,32.68,60.0,2.49,1019.0,10000,33.0,Clear,clear sky,17,4,15,5,0,1,162.33333333333334,92.7,137.9,152.83333333333334,88.39999999999999,133.1,152.25,89.85000000000001,135.49166666666665,134.54166666666666,79.9875,122.3875,39.0,69.0,0.6797461010978297,0.40521326053997014,19.608,293.322
2026-05-15 18:44:52.823962,160.0,102.8,145.0,12.2,11.6,22.4,0.55,pm25,28.17,71.0,1.63,1004.0,10000,59.0,Clear,clear sky,18,4,15,5,0,1,177.0,105.56666666666666,154.8,159.83333333333334,94.0,139.73333333333332,154.25,91.83333333333333,137.975,135.20833333333334,80.55416666666667,122.52916666666665,-45.0,44.0,0.7089655123519619,0.9508195941951153,20.000700000000002,167.564
2026-05-15 19:44:52.823962,112.0,65.1,82.2,14.3,36.8,14.9,0.43,pm25,21.07,63.0,0.7,1005.0,10000,50.0,Clear,clear sky,19,4,15,5,0,1,159.0,95.23333333333333,133.50000000000003,149.16666666666666,87.98333333333333,125.81666666666666,149.58333333333334,88.70833333333333,131.73333333333332,132.58333333333334,78.38333333333334,117.90416666666665,-48.0,-54.0,0.7919707932850267,2.5734263934666854,13.2741,45.56999999999999
2026-05-15 20:44:52.823962,112.0,68.8,120.1,45.7,20.2,5.5,0.06,pm25,22.97,67.0,5.54,1021.0,10000,32.0,Clear,clear sky,20,4,15,5,0,1,128.0,78.89999999999999,115.7666666666667,145.16666666666666,85.8,126.83333333333333,144.16666666666666,85.81666666666666,129.51666666666665,132.16666666666666,78.13333333333334,118.20416666666667,0.0,-93.0,0.5728559486023651,0.44201311943078514,15.3899,381.152
2026-05-15 21:44:52.823962,96.0,51.2,82.5,37.1,27.4,14.2,0.68,pm25,21.34,59.0,3.84,1017.0,10000,28.0,Clear,clear sky,21,4,15,5,0,1,106.66666666666667,61.69999999999999,94.93333333333335,141.83333333333334,83.63333333333333,124.86666666666667,139.58333333333334,82.65833333333333,123.69999999999999,130.0,76.7125,116.1875,-16.0,-64.0,0.6206060530835631,0.7385444544866724,12.5906,196.608
2026-05-15 22:44:52.823962,142.0,84.5,128.1,16.1,26.9,7.6,0.57,pm25,25.96,65.0,3.19,1006.0,10000,22.0,Clear,clear sky,22,4,15,5,0,1,116.66666666666667,68.16666666666667,110.23333333333335,137.83333333333334,81.69999999999999,121.86666666666667,140.33333333333334,83.19166666666668,124.72499999999998,131.08333333333334,77.24583333333334,116.60833333333333,46.0,30.0,0.6596409003931234,1.6708073496392948,16.874000000000002,269.555
2026-05-15 23:44:52.823962,113.0,65.0,102.0,21.4,31.2,15.3,0.22,pm25,23.1,62.0,3.68,1009.0,10000,54.0,Clear,clear sky,23,4,15,5,0,1,117.0,66.89999999999999,104.2,122.5,72.89999999999999,109.98333333333335,137.66666666666666,80.65,121.54166666666667,131.5,77.6375,117.61666666666667,-29.0,1.0,0.6372548957131873,1.4579438571054273,14.322000000000001,239.20000000000002
2026-05-16 00:44:52.823962,89.0,56.7,82.5,26.1,32.3,17.1,0.55,pm25,22.93,68.0,2.61,1011.0,10000,66.0,Clear,clear sky,0,5,16,5,1,1,114.66666666666667,68.73333333333333,104.2,110.66666666666667,65.21666666666667,99.56666666666668,135.25,79.60833333333333,119.64999999999998,129.95833333333334,77.025,115.91666666666667,-24.0,-7.0,0.6872727189421489,1.23754784530468,15.5924,147.987
2026-05-16 01:44:52.823962,80.0,59.1,95.1,39.0,34.3,20.6,0.76,pm25,21.73,76.0,3.96,1018.0,10000,68.0,Clear,clear sky,1,5,16,5,1,1,94.0,60.26666666666667,93.2,105.33333333333333,64.21666666666667,101.71666666666665,127.25,76.1,113.76666666666667,128.75,76.95416666666667,116.27083333333333,-9.0,-62.0,0.6214510975662346,0.8794871569362267,16.5148,234.036
2026-05-16 02:44:52.823962,130.0,85.3,127.2,10.8,18.2,13.5,0.47,pm25,28.13,72.0,2.87,1003.0,10000,36.0,Clear,clear sky,2,5,16,5,1,1,99.66666666666667,67.03333333333333,101.60000000000002,108.33333333333333,66.96666666666667,102.89999999999999,126.75,76.38333333333333,114.86666666666667,130.625,78.14583333333333,118.00833333333333,50.0,17.0,0.6705974790047368,1.6851850291495343,20.2536,244.811
2026-05-16 03:44:52.823962,131.0,83.1,130.7,18.1,23.2,14.4,0.79,pm25,28.22,69.0,3.9,1007.0,10000,28.0,Clear,clear sky,3,5,16,5,1,1,113.66666666666667,75.83333333333333,117.66666666666669,114.16666666666667,72.28333333333335,110.93333333333332,128.0,77.95833333333333,117.90000000000002,132.0,79.19166666666668,120.03750000000001,1.0,42.0,0.6358071871782159,1.2817678849851994,19.471799999999998,324.09
2026-05-16 04:44:52.823962,127.0,78.1,120.6,40.0,28.0,10.8,0.43,pm25,27.74,67.0,3.51,1018.0,10000,13.0,Clear,clear sky,4,5,16,5,1,1,129.33333333333334,82.16666666666666,126.1666666666667,111.66666666666667,71.21666666666667,109.68333333333334,124.75,76.45833333333333,115.77499999999999,133.375,80.225,121.65416666666665,-4.0,47.0,0.6475953511808014,0.6999999825000005,18.5858,274.131
2026-05-16 05:44:52.823962,133.0,81.9,114.8,25.2,24.4,22.9,0.51,pm25,28.47,67.0,1.79,1011.0,10000,77.0,Clear,clear sky,5,5,16,5,1,1,130.33333333333334,81.03333333333333,122.03333333333335,115.0,74.03333333333332,111.81666666666666,118.75,73.46666666666665,110.89999999999999,135.5,81.65833333333333,123.19583333333334,6.0,3.0,0.7134146279319284,0.9682539298311932,19.0749,146.601
2026-05-16 06:44:52.823962,119.0,69.3,107.4,7.2,24.6,24.8,0.32,pm25,26.71,63.0,3.52,1002.0,10000,69.0,Clear,clear sky,6,5,16,5,1,1,126.33333333333333,76.43333333333334,114.2666666666667,120.0,76.13333333333333,115.96666666666668,115.33333333333333,70.675,107.76666666666667,134.79166666666666,81.25416666666666,122.87083333333332,-14.0,-12.0,0.6452513906401174,3.4166661921296955,16.8273,243.93599999999998
2026-05-16 07:44:52.823962,153.0,98.4,145.8,28.1,35.4,17.8,0.33,pm25,28.32,72.0,2.72,1012.0,10000,62.0,Clear,clear sky,7,5,16,5,1,1,135.0,83.2,122.6666666666667,132.16666666666666,82.68333333333334,124.41666666666667,118.75,73.45,113.06666666666666,134.16666666666666,81.07916666666667,122.39999999999999,34.0,26.0,0.6748971147126398,1.2597864320360699,20.3904,267.648
2026-05-16 08:44:52.823962,154.0,98.7,138.0,49.5,18.7,20.4,0.77,pm25,29.17,71.0,1.48,1023.0,10000,76.0,Clear,clear sky,8,5,16,5,1,1,142.0,88.8,130.4,136.16666666666666,84.91666666666667,126.21666666666665,122.25,75.94166666666666,114.55833333333334,133.20833333333334,80.87916666666666,122.03750000000001,1.0,21.0,0.7152173861216132,0.37777777014590364,20.710700000000003,146.076
2026-05-16 09:44:52.823962,157.0,95.1,156.0,37.8,18.2,20.4,0.33,pm25,29.98,66.0,5.0,1017.0,10000,75.0,Clear,clear sky,9,5,16,5,1,1,154.66666666666666,97.39999999999999,146.60000000000002,140.5,86.91666666666667,130.4333333333333,127.33333333333333,79.6,120.68333333333334,133.45833333333334,81.12916666666668,122.19166666666666,3.0,38.0,0.6096153807075937,0.48148146874387654,19.7868,475.5
2026-05-16 10:44:52.823962,139.0,84.3,127.0,47.7,20.3,13.6,0.56,pm25,31.26,66.0,3.07,1022.0,10000,31.0,Clear,clear sky,10,5,16,5,1,1,150.0,92.7,140.33333333333337,142.5,87.95,131.5,127.08333333333333,79.58333333333333,120.59166666666665,133.70833333333334,81.3875,122.65833333333335,-18.0,-14.0,0.6637795223324447,0.4255765109942031,20.631600000000002,258.801
2026-05-16 11:44:52.823962,160.0,89.0,137.4,25.7,33.3,13.6,0.65,pm25,33.73,58.0,3.59,1011.0,10000,40.0,Clear,clear sky,11,5,16,5,1,1,152.0,89.46666666666665,140.13333333333335,147.0,89.13333333333334,135.26666666666668,131.0,81.58333333333333,123.54166666666667,134.33333333333334,81.11666666666666,122.54166666666667,21.0,6.0,0.6477438089683857,1.295719793940864,19.563399999999998,319.51
2026-05-16 12:44:52.823962,152.0,83.7,121.9,20.0,16.1,10.5,0.43,pm25,32.99,58.0,2.45,1008.0,10000,31.0,Clear,clear sky,12,5,16,5,1,1,150.33333333333334,85.66666666666667,128.76666666666668,152.5,91.53333333333335,137.68333333333334,136.25,83.83333333333333,126.82499999999999,135.75,81.72083333333333,123.23750000000001,-8.0,-5.0,0.6866283782885285,0.804999959750002,19.1342,205.06500000000003
2026-05-16 13:44:52.823962,175.0,101.5,151.4,30.8,24.7,18.6,0.55,pm25,35.2,62.0,2.87,1013.0,10000,94.0,Clear,clear sky,13,5,16,5,1,1,162.33333333333334,91.39999999999999,136.90000000000003,156.16666666666666,92.05,138.61666666666665,144.16666666666666,87.36666666666667,131.51666666666668,135.70833333333334,81.73333333333333,122.64166666666665,23.0,36.0,0.6704095068004656,0.8019480259107783,21.824,291.305
2026-05-16 14:44:52.823962,137.0,81.6,125.2,40.1,2.4,11.2,0.04,pm25,31.1,64.0,3.41,1018.0,10000,48.0,Clear,clear sky,14,5,16,5,1,1,154.66666666666666,88.93333333333332,132.83333333333334,153.33333333333334,89.2,136.48333333333335,144.75,87.05833333333334,131.35,135.75,81.72083333333333,123.10833333333333,-38.0,-23.0,0.6517571832926742,0.059850372572309914,19.904,278.256
2026-05-16 15:44:52.823962,115.0,62.4,98.6,50.0,20.3,15.9,0.41,pm25,28.45,58.0,3.74,1023.0,10000,63.0,Clear,clear sky,15,5,16,5,1,1,142.33333333333334,81.83333333333333,125.0666666666667,146.33333333333334,83.74999999999999,126.91666666666669,143.41666666666666,85.33333333333333,128.67499999999998,135.70833333333334,81.64583333333333,123.28750000000001,-22.0,-37.0,0.6328600341494925,0.4059999918800002,16.500999999999998,233.376
2026-05-16 16:44:52.823962,105.0,61.7,70.6,32.7,28.3,20.5,0.53,pm25,26.73,64.0,0.28,1014.0,10000,83.0,Clear,clear sky,16,5,16,5,1,1,119.0,68.56666666666666,98.13333333333337,140.66666666666666,79.98333333333333,117.51666666666665,141.58333333333334,83.96666666666667,124.50833333333333,133.16666666666666,80.21249999999999,120.14166666666667,-10.0,-70.0,0.873937664675104,0.8654433986102936,17.1072,17.276000000000003
2026-05-16 17:44:52.823962,167.0,99.5,162.2,14.3,35.1,13.0,0.23,pm25,29.54,64.0,4.94,1005.0,10000,88.0,Clear,clear sky,17,5,16,5,1,1,129.0,74.53333333333333,110.4666666666667,141.83333333333334,81.73333333333333,121.64999999999999,144.41666666666666,85.43333333333334,128.45833333333334,131.58333333333334,79.45,119.67916666666667,62.0,30.0,0.613440193505301,2.4545452828989314,18.9056,491.53000000000003
2026-05-16 18:44:52.823962,189.0,114.9,168.0,23.8,25.3,10.8,0.7,pm25,30.6,66.0,2.35,1010.0,10000,8.0,Clear,clear sky,18,5,16,5,1,1,153.66666666666666,92.03333333333335,133.60000000000002,148.0,86.93333333333332,129.33333333333334,150.25,89.23333333333333,133.50833333333333,132.79166666666666,79.95416666666667,120.6375,22.0,74.0,0.6839285673575681,1.0630251654191107,20.196,270.01500000000004
2026-05-16 19:44:52.823962,139.0,83.2,140.9,35.9,11.6,14.9,0.64,pm25,23.33,65.0,5.43,1016.0,10000,50.0,Clear,clear sky,19,5,16,5,1,1,165.0,99.2,157.0333333333334,142.0,83.88333333333333,127.58333333333333,149.08333333333334,87.96666666666665,133.1,133.91666666666666,80.70833333333333,123.08333333333333,-50.0,34.0,0.5904897048226423,0.32311976815822374,15.164499999999999,451.776
2026-05-16 20:44:52.823962,136.0,86.7,146.2,17.9,22.3,8.0,0.39,pm25,25.4,70.0,5.41,1007.0,10000,21.0,Clear,clear sky,20,5,16,5,1,1,154.66666666666666,94.93333333333334,151.70000000000005,141.83333333333334,84.73333333333333,131.08333333333334,147.58333333333334,86.96666666666665,133.78333333333333,134.91666666666666,81.45416666666667,124.17083333333333,-3.0,-31.0,0.593023251757707,1.2458099862675986,17.78,469.047
2026-05-16 21:44:52.823962,168.0,106.5,178.1,40.9,13.1,14.1,0.33,pm25,28.6,71.0,5.75,1018.0,10000,100.0,Clear,clear sky,21,5,16,5,1,1,147.66666666666666,92.13333333333333,155.0666666666667,150.66666666666666,92.08333333333333,144.33333333333334,148.5,87.91666666666667,135.625,137.91666666666666,83.75833333333334,128.15416666666667,32.0,-21.0,0.5979786603145499,0.3202933907018731,20.306,612.375
2026-05-16 22:44:52.823962,115.0,64.4,86.1,0.5,32.9,9.0,0.26,pm25,23.33,60.0,1.43,998.0,10000,29.0,Clear,clear sky,22,5,16,5,1,1,139.66666666666666,85.86666666666667,136.80000000000004,152.33333333333334,92.53333333333335,146.91666666666666,146.5,86.25833333333333,132.21666666666667,136.79166666666666,82.92083333333333,126.40416666666665,-53.0,-24.0,0.7479674709876021,65.7998684002632,13.998,92.092
2026-05-16 23:44:52.823962,98.0,73.5,118.6,21.8,19.5,3.1,0.42,pm25,21.57,80.0,4.27,1009.0,10000,40.0,Clear,clear sky,23,5,16,5,1,1,127.0,81.46666666666667,127.60000000000004,140.83333333333334,88.2,139.65,141.33333333333334,84.96666666666665,130.65,136.16666666666666,83.27499999999999,127.09583333333332,-17.0,-38.0,0.6197301802720896,0.8944953718121388,17.256,313.84499999999997
2026-05-17 00:44:52.823962,101.0,57.6,87.0,39.7,27.5,2.3,0.75,pm25,24.48,62.0,3.08,1018.0,10000,8.0,Clear,clear sky,0,6,17,5,1,1,104.66666666666667,65.16666666666667,97.23333333333336,126.16666666666667,78.65,126.14999999999999,137.08333333333334,82.79166666666667,127.74166666666667,136.66666666666666,83.3125,127.28333333333332,3.0,-67.0,0.6620689579072534,0.6926951966575517,15.1776,177.40800000000002
2026-05-17 01:44:52.823962,105.0,61.5,99.9,26.5,10.1,11.4,0.77,pm25,24.87,64.0,4.14,1011.0,10000,43.0,Clear,clear sky,1,6,17,5,1,1,101.33333333333333,64.2,101.83333333333337,120.5,75.03333333333335,119.31666666666666,131.25,79.45833333333333,123.44999999999999,137.70833333333334,83.41250000000001,127.48333333333333,4.0,-10.0,0.6156156094532972,0.38113206108935616,15.9168,254.60999999999999
2026-05-17 02:44:52.823962,121.0,73.9,112.6,36.0,26.1,13.2,0.28,pm25,26.93,66.0,3.26,1016.0,10000,5.0,Clear,clear sky,2,6,17,5,1,1,109.0,64.33333333333333,99.83333333333337,118.0,72.89999999999999,113.71666666666665,129.91666666666666,78.81666666666666,122.39999999999999,137.33333333333334,82.9375,126.875,16.0,23.0,0.6563055003880507,0.7249999798611118,17.773799999999998,240.91400000000002
2026-05-17 03:44:52.823962,113.0,85.5,117.5,28.6,28.0,17.8,0.64,pm25,25.89,83.0,1.38,1012.0,10000,87.0,Clear,clear sky,3,6,17,5,1,1,113.0,73.63333333333334,110.00000000000004,108.83333333333333,69.39999999999999,103.61666666666667,129.75,80.74166666666667,123.97500000000001,136.58333333333334,83.0375,126.32499999999999,-8.0,12.0,0.7276595682752377,0.9790209447894773,21.488699999999998,117.99
2026-05-17 04:44:52.823962,96.0,58.9,86.1,24.5,33.7,12.2,0.52,pm25,23.74,67.0,2.66,1010.0,10000,34.0,Clear,clear sky,4,6,17,5,1,1,110.0,72.76666666666667,105.40000000000003,105.66666666666667,68.48333333333333,103.61666666666666,129.0,80.50833333333334,125.26666666666667,135.29166666666666,82.2375,124.8875,-17.0,-9.0,0.6840882615088472,1.3755101479383613,15.9058,156.674
2026-05-17 05:44:52.823962,73.0,41.7,71.0,14.8,9.5,3.2,0.56,pm25,20.84,63.0,4.26,1005.0,10000,46.0,Clear,clear sky,5,6,17,5,1,1,94.0,62.03333333333333,91.53333333333337,101.5,63.18333333333334,95.68333333333334,121.16666666666667,75.69166666666666,117.66666666666667,132.79166666666666,80.5625,123.0625,-23.0,-48.0,0.5873239353898038,0.641891848520821,13.1292,177.642
2026-05-17 06:44:52.823962,104.0,68.5,110.5,35.9,23.3,15.7,0.47,pm25,25.15,71.0,4.16,1016.0,10000,77.0,Clear,clear sky,6,6,17,5,1,1,91.0,56.36666666666667,89.20000000000005,102.0,65.0,99.60000000000001,114.08333333333333,71.825,112.875,132.16666666666666,80.52916666666667,123.19166666666668,31.0,-9.0,0.6199094966524028,0.6490250515591909,17.856499999999997,284.96000000000004
2026-05-17 07:44:52.823962,182.0,100.8,147.0,32.9,23.5,19.2,0.41,pm25,30.77,57.0,2.37,1014.0,10000,98.0,Clear,clear sky,7,6,17,5,1,1,119.66666666666667,70.33333333333333,109.50000000000004,114.83333333333333,71.55,107.45,117.66666666666667,73.29166666666667,113.38333333333333,133.375,80.62916666666668,123.24166666666667,78.0,86.0,0.6857142810495627,0.714285692574903,17.538899999999998,238.89600000000002
2026-05-17 08:44:52.823962,123.0,72.8,115.7,41.3,36.3,14.0,0.75,pm25,26.55,64.0,3.97,1019.0,10000,46.0,Clear,clear sky,8,6,17,5,1,1,136.33333333333334,80.7,124.40000000000003,115.16666666666667,71.36666666666666,107.96666666666665,116.58333333333333,72.13333333333334,110.84166666666665,132.08333333333334,79.55,122.3125,-59.0,50.0,0.6292134777077486,0.8789346034156271,16.992,289.016
2026-05-17 09:44:52.823962,179.0,106.3,166.9,19.1,34.9,15.7,0.44,pm25,31.88,64.0,4.1,1008.0,10000,54.0,Clear,clear sky,9,6,17,5,1,1,161.33333333333334,93.3,143.20000000000005,126.16666666666667,74.83333333333333,116.2,117.5,72.11666666666666,109.90833333333335,133.0,80.01666666666667,122.76666666666667,56.0,75.0,0.6369083245242161,1.8272250352238197,20.4032,435.8299999999999
2026-05-17 10:44:52.823962,138.0,86.9,124.2,35.0,15.0,18.3,0.5,pm25,31.16,69.0,2.08,1015.0,10000,64.0,Clear,clear sky,10,6,17,5,1,1,146.66666666666666,88.66666666666667,135.60000000000005,133.16666666666666,79.5,122.55,119.41666666666667,73.99166666666667,113.08333333333333,132.95833333333334,80.125,122.64999999999999,-41.0,-44.0,0.6996779331748959,0.428571416326531,21.5004,180.752
2026-05-17 11:44:52.823962,145.0,76.9,122.6,31.2,19.0,13.9,0.98,pm25,32.24,55.0,4.07,1014.0,10000,38.0,Clear,clear sky,11,6,17,5,1,1,154.0,90.03333333333335,137.90000000000006,145.16666666666666,85.36666666666666,131.15,123.33333333333333,74.275,113.41666666666667,132.33333333333334,79.62083333333332,122.03333333333332,7.0,22.0,0.6272430617680013,0.6089743394559507,17.732,312.98300000000006
2026-05-17 12:44:52.823962,137.0,88.8,129.3,29.4,27.0,8.3,0.76,pm25,31.5,72.0,2.42,1013.0,10000,93.0,Clear,clear sky,12,6,17,5,1,1,140.0,84.2,125.36666666666672,150.66666666666666,88.75,134.28333333333333,126.33333333333333,76.875,116.94166666666666,131.70833333333334,79.83333333333333,122.34166666666665,-8.0,-42.0,0.6867749366838751,0.918367315701792,22.68,214.896
2026-05-17 13:44:52.823962,126.0,78.6,112.6,36.9,29.5,10.6,0.67,pm25,30.3,68.0,2.22,1016.0,10000,18.0,Clear,clear sky,13,6,17,5,1,1,136.0,81.43333333333332,121.50000000000004,141.33333333333334,85.05,128.54999999999998,128.08333333333334,78.3,118.0,129.66666666666666,78.87916666666666,120.72500000000001,-11.0,-12.0,0.698046174972947,0.7994579729144181,20.604,174.492
2026-05-17 14:44:52.823962,127.0,85.3,114.7,20.9,34.3,20.2,0.6,pm25,30.04,74.0,1.01,1008.0,10000,68.0,Clear,clear sky,14,6,17,5,1,1,130.0,84.23333333333333,118.86666666666672,142.0,87.13333333333333,128.38333333333335,128.58333333333334,79.25,118.175,129.25,79.03333333333333,120.28750000000001,1.0,-18.0,0.7436791565503125,1.641148246835012,22.2296,86.15299999999999
2026-05-17 15:44:52.823962,115.0,67.0,91.0,22.5,34.8,15.0,0.2,pm25,28.42,63.0,1.58,1009.0,10000,50.0,Clear,clear sky,15,6,17,5,1,1,122.66666666666667,76.96666666666665,106.10000000000004,131.33333333333334,80.58333333333333,115.73333333333335,128.75,77.70833333333333,115.96666666666665,129.25,79.225,119.97083333333335,-12.0,-22.0,0.7362637281729261,1.5466665979259289,17.904600000000002,105.86
2026-05-17 16:44:52.823962,107.0,67.3,97.5,9.3,37.9,11.4,0.51,pm25,26.97,68.0,2.48,1003.0,10000,41.0,Clear,clear sky,16,6,17,5,1,1,116.33333333333333,73.2,101.0666666666667,126.16666666666667,77.31666666666666,111.28333333333335,129.66666666666666,78.40833333333333,116.91666666666667,129.33333333333334,79.45833333333333,121.09166666666668,-8.0,-19.0,0.6902564031768574,4.0752683790034,18.3396,166.904
2026-05-17 17:44:52.823962,158.0,96.8,126.7,19.4,32.5,12.2,0.41,pm25,28.72,67.0,0.21,1008.0,10000,31.0,Clear,clear sky,17,6,17,5,1,1,126.66666666666667,77.03333333333335,105.06666666666672,128.33333333333334,80.63333333333333,111.96666666666665,136.75,83.0,121.55833333333334,128.95833333333334,79.34583333333335,119.6125,51.0,31.0,0.7640094651617247,1.6752576456052761,19.2424,20.328
2026-05-17 18:44:52.823962,168.0,102.2,151.6,29.9,26.8,12.3,0.55,pm25,28.81,66.0,2.74,1013.0,10000,7.0,Clear,clear sky,18,6,17,5,1,1,144.33333333333334,88.76666666666667,125.26666666666671,133.5,82.86666666666667,115.68333333333334,142.08333333333334,85.80833333333334,124.98333333333333,128.08333333333334,78.81666666666666,118.92916666666666,10.0,53.0,0.6741424757642317,0.8963210402568215,19.014599999999998,280.028
2026-05-17 19:44:52.823962,210.0,140.2,231.3,43.4,27.3,26.6,0.45,pm25,29.32,79.0,6.16,1020.0,10000,63.0,Clear,clear sky,19,6,17,5,1,1,178.66666666666666,113.06666666666666,169.8666666666667,147.5,93.13333333333333,135.46666666666667,144.41666666666666,89.09166666666665,132.00833333333335,131.04166666666666,81.19166666666666,122.69583333333334,42.0,103.0,0.6061392105225282,0.6290322435706857,23.1628,863.632
2026-05-17 20:44:52.823962,155.0,96.3,150.7,22.5,32.5,8.8,0.84,pm25,27.35,68.0,3.95,1009.0,10000,28.0,Clear,clear sky,20,6,17,5,1,1,177.66666666666666,112.89999999999999,177.8666666666667,152.16666666666666,94.96666666666665,141.46666666666667,147.08333333333334,91.05,134.92499999999998,131.83333333333334,81.59166666666665,122.88333333333333,-55.0,-3.0,0.639017912149848,1.4444443802469165,18.598000000000003,380.385
2026-05-17 21:37:54.444453,113.0,75.0,103.2,36.2,21.7,21.8,0.52,pm25,23.12,72.0,1.62,1016.0,10000,79.0,Clear,clear sky,21,6,17,5,1,1,113.0,75.0,103.2,113.0,75.0,103.2,113.0,75.0,103.2,113.0,75.0,103.2,0.0,0.0,0.7267441790044169,0.5994474972528315,16.6464,121.5
2026-05-17 21:44:52.823962,106.0,62.1,90.7,4.7,39.5,10.3,0.21,pm25,22.33,64.0,2.63,1000.0,10000,19.0,Clear,clear sky,21,6,17,5,1,1,157.0,99.53333333333332,157.5666666666667,150.66666666666666,94.14999999999999,141.41666666666666,141.0,87.36666666666667,128.575,129.25,79.74166666666666,119.24166666666667,-49.0,-62.0,0.6846747443806533,8.404253531009886,14.291199999999998,163.323
2026-05-17 22:37:54.444453,115.0,63.0,83.3,14.7,27.0,22.1,0.21,pm25,23.27,59.0,1.32,1005.0,10000,79.0,Clear,clear sky,22,6,17,5,1,1,114.0,69.0,93.25,114.0,69.0,93.25,114.0,69.0,93.25,114.0,69.0,93.25,2.0,0.0,0.7563025119291416,1.8367345689296213,13.7293,83.16000000000001
2026-05-17 22:44:52.823962,135.0,84.1,119.4,33.1,27.4,21.3,0.3,pm25,25.29,68.0,1.99,1015.0,10000,7.0,Clear,clear sky,22,6,17,5,1,1,132.0,80.83333333333333,120.26666666666671,155.33333333333334,96.95,145.06666666666666,140.75,87.13333333333333,128.175,130.08333333333334,80.5625,120.62916666666666,29.0,-75.0,0.7043551029786004,0.8277945369246363,17.1972,167.35899999999998
2026-05-17 23:37:54.444453,108.0,71.4,90.7,51.0,28.1,13.6,0.6,pm25,22.55,72.0,0.54,1024.0,10000,93.0,Clear,clear sky,23,6,17,5,1,1,112.0,69.8,92.4,112.0,69.8,92.4,112.0,69.8,92.4,112.0,69.8,92.4,-7.0,0.0,0.7872105756647125,0.5509803813533259,16.236,38.556
2026-05-17 23:44:52.823962,143.0,94.2,119.8,18.9,24.2,18.6,0.77,pm25,26.08,74.0,0.22,1007.0,10000,93.0,Clear,clear sky,23,6,17,5,1,1,128.0,80.13333333333333,109.9666666666667,152.83333333333334,96.51666666666667,143.91666666666666,140.58333333333334,88.57499999999999,127.94166666666666,131.95833333333334,81.425,120.67916666666667,8.0,-12.0,0.7863105109656886,1.2804232126760204,19.2992,20.724
2026-05-18 00:37:54.444453,120.0,72.9,103.4,20.4,34.8,14.8,0.23,pm25,26.78,66.0,2.11,1008.0,10000,49.0,Clear,clear sky,0,0,18,5,0,1,114.33333333333331,69.10000000000001,92.46666666666668,114.0,70.575,95.15,114.0,70.575,95.15,114.0,70.575,95.15,12.0,7.0,0.7050290067211895,1.7058822693194966,17.6748,153.81900000000002
2026-05-18 00:44:52.823962,131.0,85.4,131.1,24.8,16.3,6.3,0.19,pm25,28.23,72.0,3.46,1010.0,10000,35.0,Clear,clear sky,0,0,18,5,0,1,136.33333333333334,87.89999999999999,123.43333333333338,146.66666666666666,93.71666666666665,140.5,140.08333333333334,88.29166666666667,128.09166666666667,133.20833333333334,82.58333333333333,122.51666666666667,-12.0,25.0,0.6514111315681836,0.6572580380137888,20.325599999999998,295.48400000000004
2026-05-18 01:37:54.444453,135.0,73.6,120.4,39.1,18.4,19.6,0.74,pm25,28.71,58.0,4.5,1018.0,10000,75.0,Clear,clear sky,1,0,18,5,0,1,121.0,72.63333333333334,104.83333333333331,118.2,71.17999999999999,100.2,118.2,71.17999999999999,100.2,118.2,71.17999999999999,100.2,15.0,20.0,0.6112956759859163,0.4705882232586132,16.6518,331.2
2026-05-18 01:44:52.823962,93.0,52.5,70.7,28.7,18.5,11.0,0.68,pm25,23.47,61.0,1.79,1012.0,10000,25.0,Clear,clear sky,1,0,18,5,0,1,122.33333333333333,77.36666666666667,107.20000000000003,127.16666666666667,79.10000000000001,113.73333333333333,137.33333333333334,86.11666666666667,124.60000000000001,132.70833333333334,82.20833333333333,121.30000000000001,-38.0,-42.0,0.7425742469225708,0.6445992806759833,14.316699999999999,93.97500000000001
2026-05-18 02:37:54.444453,110.0,71.9,124.2,18.3,8.8,24.1,0.59,pm25,25.5,71.0,5.45,1007.0,10000,55.0,Clear,clear sky,2,0,18,5,0,1,121.66666666666669,72.8,116.0,116.83333333333331,71.3,104.2,116.83333333333331,71.3,104.2,116.83333333333331,71.3,104.2,-25.0,2.0,0.5789049872873995,0.480874290662607,18.105,391.855
2026-05-18 02:44:52.823962,111.0,72.4,112.6,25.4,26.2,28.1,0.58,pm25,25.73,71.0,3.6,1011.0,10000,59.0,Clear,clear sky,2,0,18,5,0,1,111.66666666666667,70.10000000000001,104.80000000000003,119.83333333333333,75.11666666666667,107.38333333333334,136.0,85.04166666666667,124.42500000000001,132.29166666666666,82.14583333333333,121.30000000000001,18.0,-32.0,0.642984008499254,1.0314960223820464,18.2683,260.64000000000004
2026-05-18 03:37:54.444453,134.0,75.5,112.2,22.9,23.7,24.0,0.3,pm25,28.52,60.0,2.83,1009.0,10000,72.0,Clear,clear sky,3,0,18,5,0,1,126.33333333333331,73.66666666666667,118.93333333333334,120.33333333333331,71.38333333333334,105.7,119.28571428571428,71.9,105.34285714285714,119.28571428571428,71.9,105.34285714285714,24.0,14.0,0.6729055198493269,1.0349344526229496,17.112000000000002,213.665
2026-05-18 03:44:52.823962,107.0,73.0,106.8,40.1,22.8,16.6,0.2,pm25,25.15,74.0,2.59,1018.0,10000,87.0,Clear,clear sky,3,0,18,5,0,1,103.66666666666667,65.96666666666667,96.70000000000005,120.0,76.93333333333334,110.06666666666666,135.33333333333334,85.54166666666667,125.74166666666667,132.04166666666666,81.625,120.85416666666667,-4.0,-24.0,0.6835205928509308,0.5685785394369441,18.611,189.07
2026-05-18 04:37:54.444453,102.0,65.5,104.0,26.1,31.1,19.9,0.19,pm25,24.51,69.0,3.87,1011.0,10000,77.0,Clear,clear sky,4,0,18,5,0,1,115.33333333333331,70.96666666666667,113.46666666666668,118.16666666666669,71.8,109.15,117.125,71.1,105.175,117.125,71.1,105.175,-32.0,-33.0,0.6298076862518492,1.1915708355719985,16.9119,253.485
2026-05-18 04:44:52.823962,109.0,61.9,94.7,25.8,26.6,8.7,0.33,pm25,25.44,61.0,3.28,1011.0,10000,2.0,Clear,clear sky,4,0,18,5,0,1,109.0,69.10000000000001,104.70000000000005,115.66666666666667,73.23333333333333,105.95,135.5,85.09166666666667,125.50833333333334,132.58333333333334,81.75,121.21249999999999,2.0,16.0,0.6536430765190805,1.0310077119764454,15.518400000000002,203.03199999999998
2026-05-18 05:37:54.444453,109.0,61.4,98.6,35.2,24.1,15.8,0.18,pm25,25.45,61.0,3.97,1016.0,10000,91.0,Clear,clear sky,5,0,18,5,0,1,115.0,67.46666666666667,104.93333333333334,118.33333333333331,70.13333333333333,110.46666666666664,116.22222222222224,70.02222222222223,104.44444444444444,116.22222222222224,70.02222222222223,104.44444444444444,7.0,-1.0,0.6227180464227379,0.6846590714585491,15.5245,243.758
2026-05-18 05:44:52.823962,122.0,65.0,107.2,30.5,25.1,15.8,0.53,pm25,27.06,57.0,4.45,1013.0,10000,99.0,Clear,clear sky,5,0,18,5,0,1,112.66666666666667,66.63333333333334,102.90000000000003,112.16666666666667,68.36666666666666,103.85000000000001,132.5,82.44166666666666,123.88333333333333,134.625,82.72083333333333,122.72083333333332,13.0,11.0,0.6063432779259023,0.8229507926901379,15.424199999999999,289.25
2026-05-18 06:37:54.444453,114.0,66.3,91.2,28.0,22.4,10.7,0.6,pm25,26.21,63.0,1.77,1012.0,10000,12.0,Clear,clear sky,6,0,18,5,0,1,108.33333333333331,64.39999999999999,97.93333333333334,117.33333333333331,69.03333333333333,108.43333333333334,116.0,69.65,103.12,116.0,69.65,103.12,5.0,-20.0,0.7269736762393237,0.7999999714285724,16.5123,117.351
2026-05-18 06:44:52.823962,122.0,70.2,101.8,32.7,44.2,10.5,0.65,pm25,26.94,62.0,2.47,1014.0,10000,47.0,Clear,clear sky,6,0,18,5,0,1,117.66666666666667,65.7,101.23333333333336,110.66666666666667,65.83333333333333,98.96666666666668,128.66666666666666,79.77499999999999,119.73333333333335,135.375,82.79166666666667,122.35833333333333,0.0,15.0,0.6895874195521865,1.351681915850706,16.7028,173.39400000000003
2026-05-18 07:37:54.444453,121.0,66.8,115.9,18.9,31.4,20.5,0.26,pm25,25.65,59.0,5.35,1007.0,10000,96.0,Clear,clear sky,7,0,18,5,0,1,114.66666666666669,64.83333333333333,101.90000000000002,115.0,67.9,107.68333333333334,116.45454545454544,69.39090909090909,104.28181818181817,116.45454545454544,69.39090909090909,104.28181818181817,7.0,19.0,0.5763589251392672,1.6613755734721918,15.1335,357.37999999999994
2026-05-18 07:44:52.823962,139.0,87.6,119.8,30.5,28.3,16.4,0.75,pm25,27.16,69.0,1.26,1013.0,10000,76.0,Clear,clear sky,7,0,18,5,0,1,127.66666666666667,74.26666666666667,109.60000000000004,118.33333333333333,71.68333333333334,107.14999999999999,122.75,75.39166666666667,110.44166666666666,133.58333333333334,82.24166666666666,121.22499999999998,17.0,30.0,0.7312186917260544,0.9278688220370878,18.7404,110.37599999999999
2026-05-18 08:37:54.444453,160.0,94.6,128.3,23.7,36.8,17.8,0.23,pm25,29.6,64.0,0.97,1010.0,10000,60.0,Clear,clear sky,8,0,18,5,0,1,131.66666666666666,75.89999999999999,111.8,123.33333333333331,71.68333333333332,108.36666666666667,120.08333333333331,71.49166666666666,106.28333333333336,120.08333333333331,71.49166666666666,106.28333333333336,39.0,51.0,0.737334366817347,1.552742550517192,18.944000000000003,91.762
2026-05-18 08:44:52.823962,167.0,92.5,126.6,15.7,11.7,13.6,0.43,pm25,30.18,58.0,1.17,1006.0,10000,46.0,Clear,clear sky,8,0,18,5,0,1,142.66666666666666,83.43333333333334,116.0666666666667,127.66666666666667,75.03333333333333,109.48333333333333,123.75,75.075,108.43333333333334,135.41666666666666,83.0625,121.67916666666667,28.0,45.0,0.7306477035493862,0.7452228824698801,17.5044,108.225
2026-05-18 09:37:54.444453,171.0,103.6,157.7,19.3,19.6,19.3,0.5,pm25,31.21,66.0,3.35,1008.0,10000,79.0,Clear,clear sky,9,0,18,5,0,1,150.66666666666666,88.33333333333333,133.96666666666667,129.5,76.36666666666666,115.95,124.91666666666669,73.875,110.825,124.0,73.96153846153847,110.23846153846154,11.0,57.0,0.6569435595628182,1.0155439888319178,20.5986,347.06
2026-05-18 09:44:52.823962,186.0,113.2,152.1,28.3,22.2,18.3,0.37,pm25,32.46,66.0,0.35,1012.0,10000,88.0,Clear,clear sky,9,0,18,5,0,1,164.0,97.76666666666667,132.83333333333337,140.83333333333334,81.73333333333333,117.03333333333335,130.41666666666666,79.33333333333333,113.55,135.70833333333334,83.35000000000001,121.0625,19.0,64.0,0.7442472008925234,0.7844522691006265,21.4236,39.62
2026-05-18 10:37:54.444453,146.0,82.9,111.3,34.2,20.0,14.8,0.5,pm25,31.99,60.0,1.05,1015.0,10000,47.0,Clear,clear sky,10,0,18,5,0,1,159.0,93.7,132.43333333333334,136.83333333333334,79.26666666666667,117.16666666666669,127.5,75.53333333333333,113.15833333333336,125.57142857142856,74.60000000000001,110.31428571428572,-25.0,25.0,0.7448337758775043,0.584795304538149,19.194,87.04500000000002
2026-05-18 10:44:52.823962,96.0,58.1,111.4,16.6,29.7,16.3,0.54,pm25,26.92,66.0,6.64,1006.0,10000,68.0,Clear,clear sky,10,0,18,5,0,1,149.66666666666666,87.93333333333334,130.0333333333334,138.66666666666666,81.10000000000001,119.81666666666666,127.16666666666667,77.16666666666667,112.88333333333333,133.95833333333334,82.14999999999999,120.52916666666668,-90.0,-43.0,0.5215439809556196,1.7891565187255105,17.7672,385.784
2026-05-18 11:37:54.444453,182.0,107.9,181.0,23.2,28.9,16.7,0.45,pm25,35.94,64.0,5.87,1010.0,10000,2.0,Clear,clear sky,11,0,18,5,0,1,166.33333333333334,98.13333333333334,150.0,149.0,87.01666666666667,130.9,133.66666666666666,78.575,120.68333333333334,129.33333333333334,76.82,115.02666666666669,36.0,22.0,0.5961325933915327,1.2456896014788963,23.0016,633.373
2026-05-18 11:44:52.823962,145.0,93.3,123.0,43.4,18.1,8.6,0.24,pm25,32.25,71.0,0.46,1020.0,10000,27.0,Clear,clear sky,11,0,18,5,0,1,142.33333333333334,88.2,128.83333333333337,142.5,85.81666666666666,122.45,127.33333333333333,77.09166666666667,113.14999999999999,133.95833333333334,82.83333333333333,120.54583333333335,49.0,-22.0,0.7585365791988896,0.417050681634777,22.8975,42.918
2026-05-18 12:37:54.444453,167.0,98.4,153.4,38.8,23.3,17.4,0.4,pm25,34.51,63.0,3.87,1017.0,10000,93.0,Clear,clear sky,12,0,18,5,0,1,165.0,96.4,148.56666666666663,157.83333333333334,92.36666666666667,141.26666666666668,137.58333333333334,80.7,124.85,131.6875,78.16875,117.425,-15.0,-4.0,0.6414602304989555,0.6005154484403236,21.741299999999995,380.8080000000001
2026-05-18 12:44:52.823962,144.0,86.0,149.6,32.4,31.2,16.4,0.14,pm25,32.17,65.0,6.08,1014.0,10000,64.0,Clear,clear sky,12,0,18,5,0,1,128.33333333333334,79.13333333333334,128.00000000000003,146.16666666666666,88.45,130.41666666666666,128.41666666666666,77.14166666666667,114.69166666666668,134.25,82.71666666666665,121.39166666666667,-1.0,-42.0,0.5748663063177386,0.9629629332418849,20.910500000000003,522.88
2026-05-18 13:37:54.444453,146.0,80.7,113.2,37.6,29.1,12.9,0.59,pm25,32.34,58.0,1.82,1017.0,10000,4.0,Clear,clear sky,13,0,18,5,0,1,165.0,95.66666666666669,149.20000000000002,162.0,94.68333333333334,140.81666666666666,138.5,81.29166666666667,124.25,132.52941176470588,78.31764705882354,117.17647058823528,-21.0,0.0,0.7128975202040856,0.7739361496293578,18.7572,146.87400000000002
2026-05-18 13:44:52.823962,140.0,82.2,122.0,16.8,30.8,14.6,0.34,pm25,31.73,63.0,2.81,1006.0,10000,45.0,Clear,clear sky,13,0,18,5,0,1,143.0,87.16666666666667,131.5333333333334,146.33333333333334,87.55,130.78333333333333,132.33333333333334,79.61666666666666,118.96666666666665,134.83333333333334,82.86666666666666,121.78333333333335,-4.0,44.0,0.6737704862805698,1.8333332242063556,19.9899,230.982
2026-05-18 14:37:54.444453,132.0,81.8,127.3,37.1,28.6,20.9,0.36,pm25,30.56,68.0,3.7,1017.0,10000,81.0,Clear,clear sky,14,0,18,5,0,1,148.33333333333334,86.96666666666665,131.29999999999998,157.33333333333334,92.55,140.65,140.33333333333334,82.11666666666666,124.50833333333333,132.5,78.51111111111112,117.7388888888889,-14.0,-50.0,0.6425765856828234,0.7708894670919282,20.7808,302.66
2026-05-18 14:44:52.823962,98.0,59.3,90.7,29.3,29.6,6.2,0.45,pm25,27.17,65.0,3.26,1013.0,10000,74.0,Clear,clear sky,14,0,18,5,0,1,127.33333333333333,75.83333333333333,120.76666666666671,134.83333333333334,82.01666666666667,124.8,131.25,78.525,117.14166666666665,133.625,81.78333333333333,120.78333333333332,-42.0,-47.0,0.6538037414134097,1.0102388733706869,17.660500000000003,193.31799999999998
2026-05-18 15:37:54.444453,134.0,76.1,130.5,32.7,20.3,13.4,0.41,pm25,30.33,61.0,5.45,1014.0,10000,98.0,Clear,clear sky,15,0,18,5,0,1,137.33333333333334,79.53333333333335,123.66666666666669,151.16666666666666,87.96666666666665,136.11666666666667,140.33333333333334,82.16666666666667,126.03333333333332,132.57894736842104,78.38421052631578,118.41052631578948,2.0,-33.0,0.583141757983588,0.6207950880490799,18.5013,414.745
2026-05-18 15:44:52.823962,163.0,96.5,136.1,40.0,14.5,11.0,0.61,pm25,33.21,64.0,1.71,1018.0,10000,36.0,Clear,clear sky,15,0,18,5,0,1,133.66666666666666,79.33333333333333,116.26666666666671,131.0,79.23333333333333,122.13333333333334,135.91666666666666,80.48333333333333,119.58333333333333,135.625,83.0125,122.66249999999998,65.0,19.0,0.7090374672370503,0.36249999093750024,21.2544,165.015
2026-05-18 16:37:54.444453,112.0,59.1,86.7,12.0,16.9,18.6,0.67,pm25,27.49,57.0,2.71,1004.0,10000,70.0,Clear,clear sky,16,0,18,5,0,1,126.0,72.33333333333333,114.83333333333331,145.5,84.0,132.01666666666668,141.16666666666666,81.63333333333334,124.59166666666664,131.55,77.42,116.825,-22.0,-34.0,0.6816608917916852,1.408333215972232,15.669299999999998,160.161
2026-05-18 16:44:52.823962,170.0,102.2,158.0,28.3,28.9,12.4,0.33,pm25,33.36,65.0,3.7,1012.0,10000,18.0,Clear,clear sky,16,0,18,5,0,1,143.66666666666666,86.0,128.2666666666667,143.33333333333334,86.58333333333333,129.9,141.0,83.84166666666665,124.85833333333333,138.25,84.46666666666667,125.18333333333332,7.0,30.0,0.6468354389440796,1.0212013773427073,21.684,378.14000000000004
2026-05-18 17:37:54.444453,139.0,81.5,121.8,38.8,31.6,11.0,0.55,pm25,27.13,63.0,2.93,1017.0,10000,25.0,Clear,clear sky,17,0,18,5,0,1,128.33333333333334,72.23333333333333,113.0,138.33333333333334,79.60000000000001,122.15,143.66666666666666,83.30833333333332,126.525,131.9047619047619,77.61428571428571,117.06190476190476,27.0,7.0,0.669129715360183,0.8144329687001813,17.0919,238.795
2026-05-18 17:44:52.823962,226.0,129.6,202.3,9.5,19.5,15.7,0.88,pm25,34.5,59.0,4.17,1003.0,10000,59.0,Clear,clear sky,17,0,18,5,0,1,186.33333333333334,109.43333333333334,165.46666666666673,156.83333333333334,92.63333333333333,143.11666666666667,149.66666666666666,89.22499999999998,132.78333333333333,141.08333333333334,85.83333333333333,128.33333333333334,56.0,128.0,0.6406327205109603,2.052631362880909,20.355,540.432
2026-05-18 18:37:54.444453,138.0,80.6,132.1,36.1,35.2,16.7,0.27,pm25,26.28,63.0,4.68,1016.0,10000,3.0,Clear,clear sky,18,0,18,5,0,1,129.66666666666666,73.73333333333333,113.53333333333336,133.5,76.63333333333334,118.59999999999998,145.66666666666666,84.5,129.93333333333334,132.1818181818182,77.75,117.74545454545456,-1.0,4.0,0.6101438258126887,0.9750692250673346,16.5564,377.208
2026-05-18 18:44:52.823962,141.0,85.5,142.2,46.7,28.3,10.2,0.32,pm25,26.53,66.0,5.09,1021.0,10000,7.0,Clear,clear sky,18,0,18,5,0,1,179.0,105.76666666666667,167.50000000000003,156.33333333333334,92.55,141.88333333333335,151.25,90.5,136.15,139.95833333333334,85.1375,127.94166666666666,-85.0,-22.0,0.6012658185564992,0.6059957043684003,17.5098,435.195
2026-05-18 19:37:54.444453,166.0,93.0,149.5,34.7,7.9,27.4,0.48,pm25,25.63,58.0,4.51,1015.0,10000,53.0,Clear,clear sky,19,0,18,5,0,1,147.66666666666666,85.03333333333333,134.46666666666667,136.83333333333334,78.68333333333334,124.65000000000002,149.41666666666666,86.68333333333334,132.73333333333335,133.65217391304347,78.41304347826087,119.12608695652176,28.0,54.0,0.6220735744342905,0.227665699490902,14.8654,419.43
2026-05-18 19:44:52.823962,156.0,96.7,134.4,25.2,29.9,12.3,0.55,pm25,24.79,68.0,1.41,1011.0,10000,22.0,Clear,clear sky,19,0,18,5,0,1,174.33333333333334,103.93333333333334,159.63333333333335,159.0,94.96666666666665,143.95,152.66666666666666,91.25833333333333,137.36666666666665,137.70833333333334,83.325,123.90416666666665,15.0,-14.0,0.7194940422656694,1.18650788942429,16.8572,136.347
2026-05-18 20:37:54.444453,137.0,76.4,103.1,38.5,27.5,18.7,0.68,pm25,25.55,59.0,1.28,1017.0,10000,89.0,Clear,clear sky,20,0,18,5,0,1,147.0,83.33333333333333,128.23333333333332,137.66666666666666,77.78333333333335,120.61666666666666,147.5,85.16666666666667,130.63333333333333,133.79166666666666,78.32916666666667,118.45833333333331,-29.0,-2.0,0.7410281208435683,0.7142856957328391,15.0745,97.79200000000002
2026-05-18 20:44:52.823962,136.0,78.5,131.1,24.8,23.3,12.8,0.48,pm25,25.36,62.0,4.99,1010.0,10000,8.0,Clear,clear sky,20,0,18,5,0,1,144.33333333333334,86.89999999999999,135.90000000000003,165.33333333333334,98.16666666666667,150.68333333333334,150.08333333333334,90.09166666666665,137.74166666666667,136.91666666666666,82.58333333333333,123.08749999999999,-20.0,-90.0,0.5987795530222765,0.9395160911485447,15.723199999999999,391.71500000000003
2026-05-18 21:37:54.444453,155.0,96.3,143.0,28.1,23.4,17.1,0.61,pm25,27.34,68.0,2.79,1012.0,10000,93.0,Clear,clear sky,21,0,18,5,0,1,152.66666666666666,88.56666666666666,131.86666666666667,141.16666666666666,81.14999999999999,122.7,146.16666666666666,84.55833333333334,129.40833333333333,135.54166666666666,79.21666666666667,120.11666666666667,18.0,17.0,0.6734265687172967,0.8327401838882496,18.5912,268.677
2026-05-18 21:44:52.823962,168.0,101.3,144.2,30.5,29.6,14.0,0.4,pm25,28.65,65.0,1.85,1013.0,10000,35.0,Clear,clear sky,21,0,18,5,0,1,153.33333333333334,92.16666666666667,136.5666666666667,166.16666666666666,98.96666666666665,152.03333333333333,148.58333333333334,89.09999999999998,137.08333333333334,139.5,84.21666666666665,125.31666666666666,32.0,27.0,0.7024965277219382,0.9704917714592862,18.6225,187.405
2026-05-18 22:37:54.444453,126.0,73.5,111.7,29.5,19.0,16.1,0.46,pm25,24.35,63.0,3.21,1013.0,10000,62.0,Clear,clear sky,22,0,18,5,0,1,139.33333333333334,82.06666666666666,119.26666666666668,143.5,83.55,126.86666666666667,144.5,83.775,129.44166666666666,136.0,79.65416666666667,121.3,-29.0,-40.0,0.658012527681177,0.6440677747773635,15.340500000000002,235.935
2026-05-18 22:44:52.823962,125.0,69.0,94.4,33.0,25.2,24.6,0.78,pm25,24.3,59.0,1.64,1014.0,10000,70.0,Clear,clear sky,22,0,18,5,0,1,143.0,82.93333333333334,123.23333333333335,158.66666666666666,93.43333333333332,141.43333333333334,151.0,90.00833333333333,135.66666666666666,139.08333333333334,83.58749999999999,124.27500000000002,-43.0,-31.0,0.7309321956469047,0.7636363404958685,14.337,113.16
2026-05-18 23:37:54.444453,126.0,78.8,117.3,37.8,17.9,21.3,0.41,pm25,24.39,68.0,2.87,1017.0,10000,73.0,Clear,clear sky,23,0,18,5,0,1,135.66666666666666,82.86666666666666,124.0,141.33333333333334,83.1,126.11666666666666,139.83333333333334,81.35000000000001,124.13333333333333,136.75,79.96249999999999,122.40833333333336,0.0,-11.0,0.6717817504536935,0.4735449610173291,16.5852,226.156
2026-05-18 23:44:52.823962,123.0,79.1,122.0,38.6,28.8,14.0,0.39,pm25,24.07,70.0,3.51,1017.0,10000,32.0,Clear,clear sky,23,0,18,5,0,1,138.66666666666666,83.13333333333334,120.20000000000005,141.5,85.01666666666667,128.04999999999998,149.16666666666666,88.82499999999999,135.58333333333334,138.25,82.95833333333333,124.36666666666667,-2.0,-13.0,0.6483606504232733,0.7461139703079283,16.849,277.64099999999996
2026-05-19 00:37:54.444453,103.0,58.3,80.8,38.6,36.2,18.5,0.28,pm25,24.68,61.0,2.0,1017.0,10000,87.0,Clear,clear sky,0,1,19,5,0,1,118.33333333333331,70.2,103.26666666666668,135.5,79.38333333333334,117.56666666666666,134.5,78.00833333333333,118.08333333333331,136.04166666666666,79.35416666666667,121.46666666666668,-23.0,-52.0,0.7215346445354623,0.9378238099009376,15.0548,116.6
2026-05-19 00:44:52.823962,118.0,71.2,105.2,30.5,36.8,20.3,0.19,pm25,26.58,65.0,2.75,1013.0,10000,63.0,Clear,clear sky,0,1,19,5,0,1,122.0,73.10000000000001,107.20000000000005,137.66666666666666,82.63333333333334,121.88333333333333,147.0,87.59166666666665,131.88333333333335,137.70833333333334,82.36666666666666,123.28750000000001,-5.0,-50.0,0.6768060772166723,1.2065573374899232,17.276999999999997,195.8
2026-05-19 01:37:54.444453,80.0,44.5,82.0,50.6,29.8,10.0,0.54,pm25,21.81,61.0,5.28,1023.0,10000,78.0,Clear,clear sky,1,1,19,5,0,1,103.0,60.53333333333334,93.36666666666667,121.16666666666669,71.3,106.31666666666668,129.0,74.99166666666666,115.48333333333332,133.75,78.14166666666667,119.86666666666667,-23.0,-46.0,0.5426829202111839,0.5889327946851226,13.304099999999998,234.96
2026-05-19 01:44:52.823962,111.0,71.4,103.1,35.8,24.1,5.1,0.02,pm25,25.7,70.0,2.41,1016.0,10000,31.0,Clear,clear sky,1,1,19,5,0,1,117.33333333333333,73.89999999999999,110.10000000000004,130.16666666666666,78.41666666666667,116.66666666666667,144.58333333333334,86.69166666666666,130.3083333333333,138.45833333333334,83.15416666666665,124.63749999999999,-7.0,-14.0,0.692531516076319,0.6731843387378678,17.99,172.074
2026-05-19 02:37:54.444453,109.0,62.6,89.6,42.2,25.0,12.3,0.25,pm25,25.45,62.0,2.37,1019.0,10000,3.0,Clear,clear sky,2,1,19,5,0,1,97.33333333333331,55.13333333333333,84.13333333333333,116.5,68.99999999999999,104.06666666666666,127.08333333333331,73.39166666666667,112.34166666666668,133.70833333333334,77.75416666666668,118.425,29.0,-17.0,0.6986607064881618,0.5924170475730557,15.778999999999998,148.36200000000002
2026-05-19 02:44:52.823962,105.0,71.9,100.7,25.1,28.8,14.0,0.35,pm25,24.95,74.0,1.93,1011.0,10000,31.0,Clear,clear sky,2,1,19,5,0,1,111.33333333333333,71.5,103.00000000000004,125.0,77.31666666666668,111.60000000000001,145.16666666666666,87.74166666666666,131.14166666666668,138.20833333333334,83.13333333333334,124.14166666666667,-6.0,-18.0,0.7140019790069317,1.1474103128521786,18.463,138.767
2026-05-19 03:37:54.444453,75.0,45.7,67.2,34.1,38.2,13.2,0.39,pm25,21.2,65.0,2.78,1015.0,10000,45.0,Clear,clear sky,3,1,19,5,0,1,88.0,50.93333333333334,79.6,103.16666666666669,60.56666666666667,91.43333333333334,122.16666666666669,70.85833333333333,107.06666666666668,131.25,76.5125,116.55,-34.0,-28.0,0.6800595136895906,1.1202345712541182,13.78,127.046
2026-05-19 03:44:52.823962,117.0,71.7,85.8,17.5,20.1,4.5,0.52,pm25,26.48,66.0,0.27,1007.0,10000,35.0,Clear,clear sky,3,1,19,5,0,1,111.0,71.66666666666667,96.53333333333337,116.5,72.38333333333334,101.86666666666667,141.33333333333334,85.675,126.94999999999999,138.625,83.07916666666667,123.26666666666667,12.0,-1.0,0.8356643259246583,1.1485713629387793,17.4768,19.359
2026-05-19 04:37:54.444453,99.0,64.7,89.7,28.8,24.4,14.8,0.39,pm25,24.14,70.0,1.9,1012.0,10000,23.0,Clear,clear sky,4,1,19,5,0,1,94.33333333333331,57.66666666666666,82.16666666666667,98.66666666666669,59.1,87.76666666666667,121.08333333333331,71.325,107.31666666666666,131.125,76.47916666666667,115.95416666666668,24.0,19.0,0.7212931915128964,0.8472221928047848,16.898,122.93
2026-05-19 04:44:52.823962,108.0,70.5,101.9,35.2,16.5,7.2,0.56,pm25,25.32,71.0,2.43,1016.0,10000,33.0,Clear,clear sky,4,1,19,5,0,1,110.0,71.36666666666667,96.13333333333337,113.66666666666667,72.63333333333334,103.11666666666666,136.16666666666666,83.03333333333335,122.27499999999999,138.58333333333334,83.4375,123.56666666666666,-9.0,-3.0,0.6918547527786579,0.46874998668323903,17.9772,171.315
2026-05-19 05:37:54.444453,85.0,56.4,71.9,33.6,15.6,20.3,0.32,pm25,22.4,70.0,1.11,1015.0,10000,91.0,Clear,clear sky,5,1,19,5,0,1,86.33333333333333,55.6,76.26666666666667,91.83333333333331,55.36666666666667,80.2,116.58333333333331,69.23333333333333,103.15833333333336,130.125,76.27083333333333,114.84166666666664,-14.0,-24.0,0.7844227985476662,0.4642857004676874,15.68,62.604000000000006
2026-05-19 05:44:52.823962,84.0,52.2,87.2,46.4,19.7,8.0,0.59,pm25,22.33,67.0,4.33,1021.0,10000,25.0,Clear,clear sky,5,1,19,5,0,1,103.0,64.8,91.63333333333337,107.16666666666667,68.15,97.31666666666666,124.33333333333333,76.58333333333333,112.68333333333334,137.0,82.90416666666667,122.73333333333333,-24.0,-21.0,0.5986238463460568,0.4245689563670484,14.961099999999998,226.026
2026-05-19 06:37:54.444453,145.0,89.2,125.7,32.2,33.6,19.9,0.51,pm25,29.27,67.0,1.78,1014.0,10000,70.0,Clear,clear sky,6,1,19,5,0,1,109.66666666666669,70.1,95.76666666666668,98.83333333333331,60.51666666666667,87.68333333333334,117.16666666666669,69.95,102.625,131.41666666666666,77.22500000000001,116.27916666666668,60.0,70.0,0.7096260882289094,1.043478228463409,19.6109,158.776
2026-05-19 06:44:52.823962,170.0,102.2,150.0,32.2,24.2,21.2,0.64,pm25,31.84,65.0,2.52,1014.0,10000,84.0,Clear,clear sky,6,1,19,5,0,1,120.66666666666667,74.96666666666667,113.03333333333337,115.83333333333333,73.31666666666666,104.78333333333335,126.75,77.97500000000001,113.33333333333333,139.0,84.2375,124.74166666666666,86.0,53.0,0.6813333287911112,0.7515527716909077,20.695999999999998,257.544
2026-05-19 07:37:54.444453,185.0,117.1,170.1,26.5,29.0,9.1,0.01,pm25,31.03,71.0,2.16,1011.0,10000,19.0,Clear,clear sky,7,1,19,5,0,1,138.33333333333334,87.56666666666666,122.56666666666668,116.33333333333331,72.61666666666666,102.36666666666667,118.75,71.95833333333333,104.34166666666664,134.08333333333334,79.32083333333334,118.5375,40.0,86.0,0.6884185732603259,1.0943395813456762,22.0313,252.936
2026-05-19 07:44:52.823962,170.0,102.3,160.8,14.4,26.1,17.5,0.73,pm25,29.79,65.0,4.1,1005.0,10000,95.0,Clear,clear sky,7,1,19,5,0,1,141.33333333333334,85.56666666666666,132.6666666666667,125.66666666666667,78.46666666666667,114.39999999999999,127.91666666666667,78.44166666666666,115.53333333333335,140.29166666666666,84.85000000000001,126.45,0.0,62.0,0.6361940258943157,1.8124998741319533,19.3635,419.42999999999995
2026-05-19 08:37:54.444453,149.0,76.8,105.7,35.3,33.6,16.3,0.58,pm25,28.73,52.0,1.57,1016.0,10000,59.0,Clear,clear sky,8,1,19,5,0,1,159.66666666666666,94.36666666666666,133.83333333333334,123.0,74.98333333333333,105.05,119.75,71.99166666666666,104.55833333333334,133.625,78.57916666666667,117.59583333333332,-36.0,64.0,0.726584666730514,0.9518413328090276,14.9396,120.576
2026-05-19 08:44:52.823962,170.0,100.5,133.5,22.5,26.7,22.9,0.83,pm25,30.51,63.0,0.42,1009.0,10000,76.0,Clear,clear sky,8,1,19,5,0,1,170.0,101.66666666666667,148.10000000000002,136.5,83.23333333333333,119.86666666666667,130.75,80.27499999999999,115.73333333333333,140.41666666666666,85.18333333333334,126.7375,0.0,86.0,0.7528089831250263,1.186666613925928,19.2213,42.21
2026-05-19 09:37:54.444453,168.0,97.3,142.4,33.9,46.6,19.4,0.91,pm25,30.96,61.0,2.45,1015.0,10000,52.0,Clear,clear sky,9,1,19,5,0,1,167.33333333333334,97.06666666666666,139.4,138.5,83.58333333333333,117.58333333333331,120.83333333333331,72.075,104.50833333333333,133.5,78.31666666666666,116.95833333333331,19.0,23.0,0.6832865120555722,1.3746312278869846,18.8856,238.385
2026-05-19 09:44:52.823962,195.0,117.5,180.9,39.4,27.5,23.7,0.22,pm25,33.16,66.0,3.69,1018.0,10000,73.0,Clear,clear sky,9,1,19,5,0,1,178.33333333333334,106.76666666666667,158.40000000000003,149.5,90.86666666666667,135.71666666666667,133.0,81.625,118.79166666666667,140.79166666666666,85.3625,127.9375,25.0,25.0,0.6495301235515195,0.6979695254322457,21.8856,433.575
2026-05-19 10:37:54.444453,152.0,93.2,137.5,2.0,20.5,10.2,0.39,pm25,32.59,67.0,2.66,999.0,10000,18.0,Clear,clear sky,10,1,19,5,0,1,156.33333333333334,89.10000000000001,128.53333333333333,147.33333333333334,88.33333333333333,125.55,123.0,73.71666666666665,106.65833333333336,133.75,78.74583333333332,118.05,-16.0,-33.0,0.6778181768885951,10.249994875002562,21.835300000000004,247.91200000000003
2026-05-19 10:44:52.823962,147.0,84.9,127.8,46.9,18.3,24.8,0.63,pm25,32.12,62.0,3.07,1021.0,10000,99.0,Clear,clear sky,10,1,19,5,0,1,170.66666666666666,100.96666666666665,147.40000000000003,156.0,93.26666666666667,140.03333333333333,134.83333333333334,82.95,121.575,142.91666666666666,86.47916666666667,128.6208333333333,-48.0,-23.0,0.664319243628175,0.39019188933492777,19.914399999999997,260.64300000000003
2026-05-19 11:37:54.444453,152.0,87.0,131.0,39.1,34.9,8.8,0.35,pm25,32.95,61.0,3.08,1018.0,10000,33.0,Clear,clear sky,11,1,19,5,0,1,157.33333333333334,92.5,136.96666666666667,158.5,93.43333333333334,135.4,125.16666666666669,74.39999999999999,107.8,132.5,77.875,115.96666666666664,0.0,3.0,0.6641221323349455,0.8925830973763914,20.099500000000003,267.96
2026-05-19 11:44:52.823962,153.0,88.0,128.8,26.0,22.1,9.9,0.56,pm25,32.99,61.0,2.51,1011.0,10000,15.0,Clear,clear sky,11,1,19,5,0,1,165.0,96.8,145.8333333333334,167.5,99.23333333333333,146.96666666666667,137.33333333333334,83.69166666666666,122.14166666666667,143.25,86.25833333333334,128.86249999999998,6.0,-17.0,0.683229808360017,0.8499999673076936,20.123900000000003,220.88
2026-05-19 12:37:54.444453,131.0,77.9,139.1,26.2,34.2,13.5,0.45,pm25,30.87,64.0,6.35,1011.0,10000,6.0,Clear,clear sky,12,1,19,5,0,1,145.0,86.03333333333335,135.86666666666665,156.16666666666666,91.55,137.63333333333333,127.5,76.03333333333335,112.65833333333336,131.0,77.02083333333333,115.37083333333332,-21.0,-37.0,0.5600287522643512,1.3053434616281123,19.7568,494.665
2026-05-19 12:44:52.823962,155.0,93.7,113.7,37.1,31.3,20.9,0.37,pm25,33.31,66.0,1.02,1017.0,10000,75.0,Clear,clear sky,12,1,19,5,0,1,151.66666666666666,88.86666666666667,123.43333333333338,165.0,97.81666666666666,140.91666666666666,140.41666666666666,85.56666666666668,122.85000000000001,143.70833333333334,86.57916666666667,127.36666666666666,2.0,-40.0,0.8240984975892832,0.8436657454537535,21.9846,95.574
2026-05-19 13:37:54.444453,160.0,92.4,144.9,30.5,32.3,15.6,0.56,pm25,33.75,61.0,3.96,1013.0,10000,25.0,Clear,clear sky,13,1,19,5,0,1,147.66666666666666,85.76666666666667,138.33333333333334,152.0,87.43333333333334,133.4333333333333,134.16666666666666,80.025,117.90000000000002,131.58333333333334,77.50833333333333,116.69166666666666,29.0,8.0,0.6376811550194538,1.059016358720775,20.5875,365.904
2026-05-19 13:44:52.823962,90.0,48.6,78.1,32.7,20.7,22.3,0.52,pm25,26.67,59.0,3.79,1014.0,10000,97.0,Clear,clear sky,13,1,19,5,0,1,132.66666666666666,76.76666666666667,106.86666666666672,151.66666666666666,88.86666666666667,127.13333333333333,138.66666666666666,83.66666666666667,120.76666666666667,141.625,85.17916666666666,125.53750000000001,-65.0,-57.0,0.6222791213536605,0.6330275035771405,15.735300000000002,184.19400000000002
2026-05-19 14:37:54.444453,118.0,74.9,103.3,32.4,23.9,17.5,0.22,pm25,29.18,69.0,1.65,1014.0,10000,93.0,Clear,clear sky,14,1,19,5,0,1,136.33333333333334,81.73333333333335,129.1,146.83333333333334,87.11666666666667,133.03333333333333,134.91666666666666,81.05,119.04166666666669,131.0,77.22083333333333,115.69166666666666,-42.0,-34.0,0.725072597046732,0.7376542982205464,20.1342,123.585
2026-05-19 14:44:52.823962,138.0,87.3,151.1,24.3,21.0,11.5,0.59,pm25,31.2,69.0,6.04,1010.0,10000,16.0,Clear,clear sky,14,1,19,5,0,1,127.66666666666667,76.53333333333335,114.30000000000003,146.33333333333334,86.66666666666667,130.06666666666666,141.41666666666666,84.95,124.96666666666665,143.29166666666666,86.34583333333335,128.05416666666667,48.0,-15.0,0.5777630669903172,0.8641974953005145,21.528,527.292
2026-05-19 15:37:54.444453,140.0,85.9,100.3,27.5,24.9,21.8,0.38,pm25,30.91,67.0,1.29,1012.0,10000,81.0,Clear,clear sky,15,1,19,5,0,1,139.33333333333334,84.39999999999999,116.16666666666669,142.16666666666666,85.21666666666668,126.01666666666664,140.33333333333334,84.39999999999999,121.8,131.25,77.62916666666668,114.43333333333332,22.0,9.0,0.8564306993376801,0.9054545125289268,20.7097,110.811
2026-05-19 15:44:52.823962,90.0,56.4,85.1,32.9,23.9,15.4,0.41,pm25,25.9,67.0,3.08,1014.0,10000,76.0,Clear,clear sky,15,1,19,5,0,1,106.0,64.10000000000001,104.7666666666667,128.83333333333334,76.48333333333333,114.10000000000001,139.16666666666666,83.675,124.90833333333335,140.25,84.675,125.92916666666667,-48.0,-65.0,0.6627496984400741,0.7264437469166035,17.352999999999998,173.712
2026-05-19 16:37:54.444453,128.0,75.4,121.8,37.3,30.5,12.0,0.57,pm25,29.07,64.0,4.31,1017.0,10000,23.0,Clear,clear sky,16,1,19,5,0,1,128.66666666666666,78.73333333333335,108.46666666666664,138.16666666666666,82.25,123.4,142.75,85.29166666666667,124.475,131.91666666666666,78.30833333333332,115.89583333333331,-12.0,-32.0,0.6190476139651264,0.81769434805109,18.6048,324.974
2026-05-19 16:44:52.823962,134.0,75.3,112.7,20.3,13.5,14.8,0.65,pm25,29.69,60.0,2.96,1008.0,10000,49.0,Clear,clear sky,16,1,19,5,0,1,120.66666666666667,73.0,116.30000000000003,126.66666666666667,74.88333333333333,111.58333333333331,141.33333333333334,84.075,125.80833333333334,138.75,83.55416666666666,124.04166666666667,44.0,44.0,0.6681455131486644,0.6650245977820395,17.814,222.88799999999998
2026-05-19 17:37:54.444453,149.0,84.6,151.1,27.9,21.8,12.3,0.47,pm25,28.02,60.0,6.63,1012.0,10000,14.0,Clear,clear sky,17,1,19,5,0,1,139.0,81.96666666666665,124.39999999999998,137.66666666666666,81.85000000000001,126.75,148.08333333333334,87.64166666666667,131.07500000000002,132.33333333333334,78.4375,117.11666666666666,21.0,31.0,0.5598941061555651,0.7813619791626532,16.812,560.8979999999999
2026-05-19 17:44:52.823962,186.0,108.1,163.3,33.7,30.7,14.6,0.75,pm25,31.14,61.0,3.17,1015.0,10000,45.0,Clear,clear sky,17,1,19,5,0,1,136.66666666666666,79.93333333333332,120.36666666666672,132.16666666666666,78.23333333333333,117.33333333333333,149.83333333333334,88.73333333333333,132.15,137.08333333333334,82.65833333333333,122.41666666666667,52.0,48.0,0.6619718269321994,0.9109792014546231,18.9954,342.67699999999996
2026-05-19 18:37:54.444453,150.0,93.4,136.7,35.6,19.6,10.2,0.85,pm25,27.26,69.0,2.48,1016.0,10000,21.0,Clear,clear sky,18,1,19,5,0,1,142.33333333333334,84.46666666666668,136.53333333333333,140.83333333333334,84.43333333333334,126.35,148.5,87.99166666666667,131.99166666666665,132.83333333333334,78.97083333333333,117.30833333333334,1.0,10.0,0.6832479832973813,0.5505617822875905,18.8094,231.632
2026-05-19 18:44:52.823962,162.0,95.3,152.4,38.9,27.9,11.0,0.59,pm25,28.27,63.0,4.4,1017.0,10000,86.0,Clear,clear sky,18,1,19,5,0,1,160.66666666666666,92.89999999999999,142.80000000000004,133.33333333333334,78.5,123.78333333333332,149.16666666666666,88.15833333333332,132.35,137.95833333333334,83.06666666666668,122.84166666666668,-24.0,72.0,0.6253280798862987,0.7172236319479787,17.8101,419.32
2026-05-19 19:37:54.444453,167.0,96.8,156.3,42.5,25.0,20.8,0.55,pm25,25.7,62.0,4.66,1019.0,10000,92.0,Clear,clear sky,19,1,19,5,0,1,155.33333333333334,91.59999999999998,148.03333333333333,142.0,85.16666666666667,128.25,147.0,86.3,130.84166666666667,132.875,79.12916666666666,117.59166666666664,17.0,39.0,0.6193218130561624,0.5882352802768169,15.934,451.088
2026-05-19 19:44:52.823962,173.0,104.1,166.7,13.2,29.1,23.4,0.06,pm25,26.26,65.0,4.59,1005.0,10000,72.0,Clear,clear sky,19,1,19,5,0,1,173.66666666666666,102.5,160.80000000000004,147.16666666666666,87.75,138.55,149.41666666666666,88.30833333333334,132.84166666666667,138.66666666666666,83.375,124.1875,11.0,39.0,0.6244751012329028,2.2045452875344482,17.069000000000003,477.81899999999996
2026-05-19 20:37:54.444453,127.0,76.9,130.5,25.9,23.9,14.2,0.49,pm25,24.53,65.0,5.27,1011.0,10000,81.0,Clear,clear sky,20,1,19,5,0,1,148.0,89.03333333333335,141.16666666666666,143.5,85.5,132.78333333333333,145.16666666666666,86.30833333333334,132.90833333333333,132.45833333333334,79.14999999999999,118.73333333333332,-40.0,-22.0,0.5892720261358466,0.9227798871513556,15.9445,405.263
2026-05-19 20:44:52.823962,95.0,62.3,103.4,37.7,19.9,20.7,0.41,pm25,21.3,70.0,4.49,1017.0,10000,79.0,Clear,clear sky,20,1,19,5,0,1,143.33333333333334,87.23333333333333,140.83333333333337,140.0,83.58333333333333,130.6,143.16666666666666,85.125,130.33333333333334,136.95833333333334,82.7,123.03333333333335,-78.0,-91.0,0.6025145009427998,0.527851444884577,14.91,279.727
2026-05-19 21:37:54.444453,128.0,63.9,104.1,36.6,8.7,15.8,0.78,pm25,24.58,52.0,4.24,1016.0,10000,51.0,Clear,clear sky,21,1,19,5,0,1,140.66666666666666,79.2,130.29999999999998,141.5,81.83333333333333,133.41666666666666,141.83333333333334,83.52499999999999,129.71666666666667,131.33333333333334,77.8,117.1125,1.0,-22.0,0.6138328471293675,0.2377049115381171,12.7816,270.93600000000004
2026-05-19 21:44:52.823962,150.0,83.0,115.7,9.2,18.0,19.2,0.4,pm25,26.81,58.0,1.68,1003.0,10000,79.0,Clear,clear sky,21,1,19,5,0,1,139.33333333333334,83.13333333333333,128.60000000000005,150.0,88.01666666666665,135.70000000000002,139.41666666666666,82.25,124.89999999999999,136.20833333333334,81.9375,121.84583333333332,55.0,-12.0,0.7173725089250431,1.9565215264650517,15.5498,139.44
2026-05-19 22:37:54.444453,114.0,68.5,106.0,23.0,21.1,15.9,0.23,pm25,23.23,65.0,3.49,1009.0,10000,2.0,Clear,clear sky,22,1,19,5,0,1,123.0,69.76666666666667,113.5333333333333,139.16666666666666,80.68333333333334,130.78333333333333,138.66666666666666,81.46666666666668,127.09166666666664,130.83333333333334,77.59166666666667,116.875,-14.0,-53.0,0.6462264089978641,0.9173912644612494,15.0995,239.06500000000003
2026-05-19 22:44:52.823962,121.0,67.1,105.4,23.6,28.7,12.0,0.47,pm25,23.94,59.0,3.71,1010.0,10000,16.0,Clear,clear sky,22,1,19,5,0,1,122.0,70.8,108.1666666666667,147.83333333333334,86.64999999999999,134.48333333333335,137.25,80.76666666666667,123.03333333333332,136.04166666666666,81.85833333333333,122.30416666666666,-29.0,-52.0,0.6366223848517799,1.2161016433855234,14.124600000000001,248.94099999999997
2026-05-19 23:37:54.444453,142.0,83.5,117.9,30.4,27.4,9.3,0.64,pm25,25.99,63.0,1.91,1013.0,10000,16.0,Clear,clear sky,23,1,19,5,0,1,128.0,71.96666666666667,109.33333333333331,138.0,80.5,125.25,137.83333333333334,81.17500000000001,126.0,131.5,77.78750000000001,116.9,28.0,15.0,0.7082273052737293,0.9013157598251396,16.3737,159.485
2026-05-19 23:44:52.823962,124.0,77.6,132.3,34.7,27.1,18.5,0.69,pm25,24.19,68.0,5.38,1015.0,10000,91.0,Clear,clear sky,23,1,19,5,0,1,131.66666666666666,75.89999999999999,117.80000000000003,137.5,81.56666666666666,129.3166666666667,134.83333333333334,79.89999999999999,123.325,136.08333333333334,81.79583333333333,122.73333333333333,3.0,29.0,0.58654572496942,0.7809798045827147,16.4492,417.48799999999994
2026-05-20 00:37:54.444453,112.0,60.8,88.0,35.4,29.9,11.3,0.45,pm25,25.8,59.0,2.52,1016.0,10000,19.0,Clear,clear sky,0,2,20,5,0,1,122.66666666666669,70.93333333333334,103.96666666666664,131.66666666666666,75.06666666666668,117.13333333333333,136.25,79.75,121.74166666666667,131.875,77.89166666666667,117.2,-30.0,-16.0,0.6909090830578514,0.8446327445019,15.222,153.21599999999998
2026-05-20 00:44:52.823962,50.0,27.8,46.1,21.8,19.9,16.0,0.42,pm25,17.95,63.0,3.67,1009.0,10000,63.0,Clear,clear sky,0,2,20,5,0,1,98.33333333333333,57.5,94.60000000000004,118.83333333333333,70.31666666666666,111.60000000000001,126.08333333333333,74.40833333333333,117.69166666666666,133.25,79.9875,120.27083333333333,-74.0,-100.0,0.6030368632746884,0.9128439948236698,11.308499999999999,102.026
2026-05-20 01:37:54.444453,89.0,51.3,92.0,18.6,18.6,15.7,0.67,pm25,22.91,63.0,5.27,1007.0,10000,57.0,Clear,clear sky,1,2,20,5,0,1,114.33333333333331,65.2,99.3,118.66666666666669,67.48333333333333,106.41666666666669,130.33333333333334,76.325,117.33333333333331,132.25,78.175,117.61666666666666,-23.0,-25.0,0.5576086895912099,0.999999946236562,14.4333,270.35099999999994
2026-05-20 01:44:52.823962,101.0,56.7,69.4,33.4,15.5,25.2,0.45,pm25,24.36,61.0,0.64,1015.0,10000,61.0,Clear,clear sky,1,2,20,5,0,1,91.66666666666667,54.03333333333333,82.60000000000004,106.83333333333333,62.416666666666664,95.38333333333333,127.0,75.08333333333333,116.96666666666668,132.83333333333334,79.375,118.86666666666667,51.0,-20.0,0.8170028700720048,0.46407184239305865,14.8596,36.288000000000004
2026-05-20 02:37:54.444453,99.0,52.9,96.7,39.6,22.4,19.4,0.66,pm25,24.14,59.0,5.59,1018.0,10000,88.0,Clear,clear sky,2,2,20,5,0,1,100.0,55.0,92.2333333333333,114.0,63.48333333333334,100.78333333333336,128.75,74.49166666666666,116.78333333333332,131.83333333333334,77.77083333333333,117.9125,10.0,-43.0,0.5470527347771175,0.5656565513723093,14.2426,295.711
2026-05-20 02:44:52.823962,101.0,63.8,94.7,37.3,23.1,16.1,0.67,pm25,24.45,68.0,2.86,1017.0,10000,90.0,Clear,clear sky,2,2,20,5,0,1,84.0,49.43333333333334,70.0666666666667,107.83333333333333,62.666666666666664,93.93333333333334,123.91666666666667,73.125,112.26666666666667,132.66666666666666,79.0375,118.61666666666666,0.0,-23.0,0.6737064342797631,0.6193029324583665,16.625999999999998,182.468
2026-05-20 03:37:54.444453,139.0,91.2,144.7,48.2,32.7,3.1,0.35,pm25,29.16,73.0,4.19,1022.0,10000,41.0,Clear,clear sky,3,2,20,5,0,1,109.0,65.13333333333333,111.13333333333333,115.83333333333331,68.03333333333333,107.55,128.66666666666666,74.93333333333334,120.48333333333332,134.5,79.66666666666667,121.14166666666668,40.0,27.0,0.6302695187956495,0.6784232224393523,21.2868,382.128
2026-05-20 03:44:52.823962,97.0,50.5,75.3,40.2,34.5,16.5,0.25,pm25,23.91,57.0,2.94,1018.0,10000,59.0,Clear,clear sky,3,2,20,5,0,1,99.66666666666667,57.0,79.80000000000003,99.0,57.25,87.2,124.5,72.63333333333334,111.45,131.83333333333334,78.15416666666665,118.17916666666667,-4.0,47.0,0.6706507215053026,0.8582089338753996,13.628700000000002,148.47
2026-05-20 04:37:54.444453,90.0,49.7,68.3,30.5,21.0,9.6,0.55,pm25,23.0,61.0,2.06,1013.0,10000,18.0,Clear,clear sky,4,2,20,5,0,1,109.33333333333331,64.6,103.2333333333333,111.83333333333331,64.89999999999999,101.26666666666664,125.5,72.79166666666667,116.025,134.125,79.04166666666667,120.25,-49.0,1.0,0.7276720244850363,0.6885245675893584,14.03,102.382
2026-05-20 04:44:52.823962,67.0,41.4,59.9,47.5,25.1,18.6,0.47,pm25,20.18,66.0,2.68,1022.0,10000,94.0,Clear,clear sky,4,2,20,5,0,1,88.33333333333333,51.9,76.63333333333337,90.0,52.96666666666666,79.61666666666666,118.91666666666667,69.80833333333332,107.05,130.125,76.94166666666666,116.42916666666667,-30.0,-34.0,0.6911519083280149,0.5284210415069255,13.3188,110.952
2026-05-20 05:37:54.444453,88.0,48.1,52.6,27.6,13.9,18.8,0.31,pm25,22.84,60.0,0.08,1012.0,10000,63.0,Clear,clear sky,5,2,20,5,0,1,105.66666666666669,63.0,88.5333333333333,102.83333333333331,59.0,90.38333333333333,120.41666666666669,69.75,107.81666666666666,134.25,78.69583333333334,119.44583333333334,-2.0,-11.0,0.9144486518165656,0.5036231701585807,13.704,3.848
2026-05-20 05:44:52.823962,94.0,59.7,89.3,23.5,30.7,25.6,0.53,pm25,23.57,68.0,2.97,1010.0,10000,14.0,Clear,clear sky,5,2,20,5,0,1,86.0,50.53333333333333,74.83333333333336,85.0,49.98333333333333,72.45,111.25,65.77499999999999,100.88333333333333,130.54166666666666,77.25416666666666,116.51666666666667,27.0,-7.0,0.6685330272280737,1.3063829231326414,16.0276,177.30900000000003
2026-05-20 06:37:54.444453,88.0,56.9,69.9,32.9,30.8,18.1,0.66,pm25,23.58,69.0,0.69,1014.0,10000,76.0,Clear,clear sky,6,2,20,5,0,1,88.66666666666667,51.56666666666666,63.59999999999999,98.83333333333331,58.35,87.36666666666667,115.25,66.70833333333333,102.25,131.875,77.35,117.12083333333334,0.0,-51.0,0.8140200169668095,0.9361701843109368,16.2702,39.261
2026-05-20 06:44:52.823962,124.0,71.5,110.1,23.9,6.5,14.6,0.65,pm25,27.24,62.0,3.42,1010.0,10000,50.0,Clear,clear sky,6,2,20,5,0,1,95.0,57.53333333333333,86.43333333333335,97.33333333333333,57.26666666666667,83.11666666666666,108.08333333333333,63.791666666666664,97.35833333333333,128.625,75.97500000000001,114.85416666666667,30.0,27.0,0.6494096217129008,0.2719665158173006,16.8888,244.53
2026-05-20 07:37:54.444453,164.0,101.0,153.5,15.6,39.1,21.3,0.77,pm25,29.27,67.0,3.29,1006.0,10000,59.0,Clear,clear sky,7,2,20,5,0,1,113.33333333333331,68.66666666666667,92.0,111.33333333333331,66.63333333333333,97.61666666666667,115.0,67.05833333333334,102.01666666666664,131.0,76.67916666666666,116.42916666666667,76.0,74.0,0.657980451739541,2.5064100957429427,19.6109,332.29
2026-05-20 07:44:52.823962,146.0,88.0,126.6,25.7,19.5,10.1,0.49,pm25,27.71,66.0,2.2,1011.0,10000,21.0,Clear,clear sky,7,2,20,5,0,1,121.33333333333333,73.06666666666666,108.66666666666669,104.83333333333333,62.48333333333333,92.64999999999999,105.83333333333333,62.449999999999996,94.01666666666667,127.625,75.37916666666666,113.42916666666667,22.0,79.0,0.6951026801334702,0.7587548342896951,18.288600000000002,193.60000000000002
2026-05-20 08:37:54.444453,159.0,99.3,131.3,31.6,16.4,19.1,0.78,pm25,29.58,69.0,0.35,1014.0,10000,6.0,Clear,clear sky,8,2,20,5,0,1,137.0,85.73333333333333,118.2333333333333,121.33333333333331,74.36666666666666,103.38333333333333,117.66666666666669,68.925,102.08333333333331,131.41666666666666,77.61666666666667,117.49583333333334,-5.0,71.0,0.756283314879792,0.5189873253485022,20.4102,34.754999999999995
2026-05-20 08:44:52.823962,183.0,120.3,188.6,47.0,22.3,6.4,0.73,pm25,31.61,75.0,4.22,1021.0,10000,98.0,Clear,clear sky,8,2,20,5,0,1,151.0,93.26666666666667,141.76666666666668,118.5,71.89999999999999,108.3,113.16666666666667,67.28333333333333,101.11666666666667,128.16666666666666,76.20416666666667,115.72500000000001,37.0,89.0,0.6378578969360663,0.4744680750113176,23.7075,507.66599999999994
2026-05-20 09:37:54.444453,183.0,113.2,155.3,40.3,36.2,12.8,0.52,pm25,32.21,68.0,0.82,1018.0,10000,41.0,Clear,clear sky,9,2,20,5,0,1,168.66666666666666,104.5,146.70000000000002,128.66666666666666,78.03333333333333,105.15000000000002,122.25,73.03333333333335,106.35,132.04166666666666,78.27916666666667,118.03333333333336,24.0,95.0,0.7289117789509866,0.898263005005881,21.902800000000003,92.824
2026-05-20 09:44:52.823962,164.0,93.7,139.6,27.4,25.4,19.1,0.65,pm25,30.56,61.0,2.85,1012.0,10000,32.0,Clear,clear sky,9,2,20,5,0,1,164.33333333333334,100.66666666666667,151.60000000000002,129.66666666666666,79.10000000000001,119.01666666666667,114.33333333333333,68.175,103.10833333333335,126.875,75.21249999999999,114.00416666666666,-19.0,40.0,0.671203433587368,0.927007265437691,18.641599999999997,267.045
2026-05-20 10:37:54.444453,126.0,74.8,113.5,41.1,21.2,16.3,0.8,pm25,29.96,64.0,3.19,1019.0,10000,73.0,Clear,clear sky,10,2,20,5,0,1,156.0,95.76666666666664,133.36666666666667,134.66666666666666,82.21666666666667,112.68333333333337,123.25,73.55833333333334,106.975,130.95833333333334,77.5125,117.03333333333336,-57.0,-38.0,0.6590308311979662,0.5158150726079058,19.1744,238.612
2026-05-20 10:44:52.823962,123.0,73.3,113.0,38.0,12.4,14.8,0.38,pm25,29.7,64.0,3.47,1017.0,10000,49.0,Clear,clear sky,10,2,20,5,0,1,156.66666666666666,95.76666666666667,147.0666666666667,139.0,84.41666666666667,127.86666666666666,114.5,68.69166666666666,103.74166666666667,125.875,74.72916666666667,113.3875,-41.0,-23.0,0.6486725606312163,0.3263157808864269,19.008,254.351
2026-05-20 11:37:54.444453,103.0,64.2,112.9,25.5,34.3,10.9,0.52,pm25,27.94,68.0,5.5,1011.0,10000,33.0,Clear,clear sky,11,2,20,5,0,1,137.33333333333334,84.06666666666666,127.2333333333333,137.16666666666666,84.89999999999999,122.73333333333336,120.0,71.95,106.55833333333334,128.91666666666666,76.5625,116.27916666666668,-23.0,-56.0,0.5686448133866713,1.3450979864667454,18.9992,353.1
2026-05-20 11:44:52.823962,135.0,84.9,112.6,27.2,31.4,22.6,0.2,pm25,31.2,69.0,0.8,1012.0,10000,12.0,Clear,clear sky,11,2,20,5,0,1,140.66666666666666,83.96666666666665,121.73333333333335,145.83333333333334,88.61666666666667,131.75,115.41666666666667,69.3,102.10000000000001,125.125,74.60000000000001,112.71249999999999,12.0,-48.0,0.7539964409058931,1.154411722264275,21.528,67.92
2026-05-20 12:37:54.444453,139.0,88.5,136.3,43.6,39.8,10.3,0.34,pm25,31.72,70.0,3.54,1020.0,10000,42.0,Clear,clear sky,12,2,20,5,0,1,122.66666666666669,75.83333333333333,120.89999999999998,145.66666666666666,90.16666666666669,133.79999999999998,122.25,74.25833333333334,110.58333333333331,129.25,77.00416666666666,116.1625,36.0,-44.0,0.6493030033066544,0.9128440157604584,22.204,313.29
2026-05-20 12:44:52.823962,122.0,73.6,118.2,19.1,15.6,11.1,0.18,pm25,30.03,65.0,4.17,1008.0,10000,33.0,Clear,clear sky,12,2,20,5,0,1,126.66666666666667,77.26666666666667,114.60000000000002,145.5,88.96666666666668,133.1,121.41666666666667,73.11666666666666,108.10833333333333,123.75,73.7625,112.90000000000002,-13.0,-42.0,0.6226734295882113,0.8167538839395871,19.5195,306.912
2026-05-20 13:37:54.444453,130.0,78.1,112.5,28.0,36.7,16.1,0.62,pm25,30.66,65.0,2.32,1012.0,10000,54.0,Clear,clear sky,13,2,20,5,0,1,124.0,76.93333333333332,120.56666666666663,140.0,86.35000000000001,126.96666666666664,125.66666666666669,76.49166666666666,112.29166666666669,128.0,76.40833333333335,114.8125,-9.0,4.0,0.694222216051358,1.310714238903063,19.929,181.192
2026-05-20 13:44:52.823962,130.0,80.6,115.5,32.5,23.4,16.5,0.57,pm25,30.71,68.0,2.19,1014.0,10000,90.0,Clear,clear sky,13,2,20,5,0,1,129.0,79.69999999999999,115.43333333333335,142.83333333333334,87.73333333333333,131.25,123.83333333333333,75.10833333333333,111.95,125.41666666666667,75.09583333333333,114.45833333333333,8.0,7.0,0.697835491793632,0.7199999778461545,20.882800000000003,176.51399999999998
2026-05-20 14:37:54.444453,121.0,71.5,113.6,25.0,21.2,21.3,0.11,pm25,29.47,64.0,3.95,1011.0,10000,80.0,Clear,clear sky,14,2,20,5,0,1,130.0,79.36666666666666,120.8,133.66666666666666,81.71666666666667,124.01666666666668,127.5,78.04166666666667,113.7,128.125,76.26666666666667,115.24166666666667,-9.0,18.0,0.629401402910199,0.8479999660800013,18.8608,282.425
2026-05-20 14:44:52.823962,88.0,54.4,74.5,44.3,27.2,11.6,0.43,pm25,26.18,66.0,1.93,1020.0,10000,10.0,Clear,clear sky,14,2,20,5,0,1,113.33333333333333,69.53333333333333,102.73333333333336,127.0,76.75,112.23333333333333,122.75,74.325,110.26666666666667,123.33333333333333,73.725,111.26666666666667,-42.0,-47.0,0.730201332480519,0.6139954714673709,17.2788,104.99199999999999
2026-05-20 15:37:54.444453,159.0,96.0,136.7,24.2,18.3,11.2,0.37,pm25,32.88,65.0,1.92,1010.0,10000,26.0,Clear,clear sky,15,2,20,5,0,1,136.66666666666666,81.86666666666666,120.93333333333332,129.66666666666666,78.85000000000001,120.91666666666669,129.16666666666666,78.44166666666666,113.03333333333336,128.91666666666666,76.6875,116.75833333333334,38.0,20.0,0.7022677344384219,0.7561983158595738,21.372000000000003,184.32
2026-05-20 15:44:52.823962,101.0,62.7,95.6,28.0,19.8,14.1,0.5,pm25,26.95,67.0,3.24,1012.0,10000,38.0,Clear,clear sky,15,2,20,5,0,1,106.33333333333333,65.9,95.20000000000003,116.5,71.58333333333333,104.89999999999999,123.08333333333333,75.34166666666667,111.95833333333333,123.79166666666667,73.9875,111.70416666666667,13.0,-21.0,0.6558577337253376,0.707142831887756,18.0565,203.14800000000002
2026-05-20 16:37:54.444453,120.0,70.7,88.1,29.9,5.5,14.3,0.51,pm25,28.28,64.0,0.31,1013.0,10000,50.0,Clear,clear sky,16,2,20,5,0,1,133.33333333333334,79.39999999999999,112.79999999999995,128.66666666666666,78.16666666666667,116.68333333333332,131.66666666666666,80.19166666666666,114.68333333333334,128.58333333333334,76.49166666666667,115.35416666666669,-39.0,-10.0,0.8024971532066159,0.1839464821422581,18.0992,21.917
2026-05-20 16:44:52.823962,146.0,86.6,144.3,31.6,29.9,18.6,0.47,pm25,30.87,64.0,5.16,1014.0,10000,80.0,Clear,clear sky,16,2,20,5,0,1,111.66666666666667,67.89999999999999,104.80000000000003,120.33333333333333,73.8,110.11666666666667,129.66666666666666,79.10833333333333,118.99166666666666,124.29166666666667,74.45833333333333,113.02083333333333,45.0,16.0,0.6001385959796355,0.9462025017024523,19.756800000000002,446.856
2026-05-20 17:37:54.444453,163.0,97.3,138.6,32.7,41.7,14.2,0.48,pm25,29.15,65.0,1.89,1014.0,10000,95.0,Clear,clear sky,17,2,20,5,0,1,147.33333333333334,88.0,121.13333333333333,138.66666666666666,83.68333333333334,120.96666666666664,137.91666666666666,84.29166666666667,121.84999999999998,129.16666666666666,77.02083333333333,114.83333333333331,43.0,42.0,0.7020201969551213,1.2752293188003267,18.9475,183.897
2026-05-20 17:44:52.823962,130.0,69.0,99.8,34.8,27.5,16.9,0.46,pm25,26.37,56.0,2.45,1015.0,10000,86.0,Clear,clear sky,17,2,20,5,0,1,125.66666666666667,72.76666666666667,113.23333333333336,119.5,71.14999999999999,107.98333333333333,132.66666666666666,79.88333333333333,119.86666666666666,121.95833333333333,72.82916666666667,110.375,-16.0,42.0,0.6913827586033792,0.7902298623497167,14.7672,169.05
2026-05-20 18:37:54.444453,150.0,83.4,134.1,31.8,25.0,12.5,0.39,pm25,27.28,58.0,4.36,1014.0,10000,3.0,Clear,clear sky,18,2,20,5,0,1,144.33333333333334,83.8,120.26666666666664,140.5,82.83333333333333,120.6,143.08333333333334,86.5,127.2,129.16666666666666,76.60416666666667,114.72499999999998,-13.0,-9.0,0.6219239327224166,0.786163497290456,15.8224,363.624
2026-05-20 18:44:52.823962,128.0,68.4,105.8,32.3,28.7,15.7,0.64,pm25,25.44,57.0,3.47,1014.0,10000,83.0,Clear,clear sky,18,2,20,5,0,1,134.66666666666666,74.66666666666667,116.63333333333337,120.5,70.28333333333335,105.91666666666667,133.0,79.625,119.50833333333334,120.54166666666667,71.70833333333333,108.43333333333334,-2.0,27.0,0.6465028294281397,0.888544864131738,14.500800000000002,237.34800000000004
2026-05-20 19:37:54.444453,151.0,89.4,125.9,17.9,20.7,11.5,0.64,pm25,24.36,64.0,1.76,1007.0,10000,0.0,Clear,clear sky,19,2,20,5,0,1,154.66666666666666,90.03333333333335,132.86666666666665,144.0,84.71666666666667,122.83333333333331,142.0,85.53333333333332,124.90000000000002,128.5,76.29583333333333,113.45833333333331,1.0,31.0,0.7100873652892187,1.156424516400865,15.5904,157.34400000000002
2026-05-20 19:44:52.823962,152.0,91.8,138.5,49.8,35.4,23.3,0.62,pm25,24.46,66.0,3.11,1023.0,10000,63.0,Clear,clear sky,19,2,20,5,0,1,136.66666666666666,76.4,114.7,124.16666666666667,72.14999999999999,109.75,133.5,79.94166666666666,120.5,119.66666666666667,71.19583333333334,107.25833333333334,24.0,6.0,0.6628158796908601,0.710843359220013,16.143600000000003,285.498
2026-05-20 20:37:54.444453,123.0,73.2,131.3,43.9,24.2,16.9,0.17,pm25,24.07,65.0,6.22,1020.0,10000,93.0,Clear,clear sky,20,2,20,5,0,1,141.33333333333334,82.0,130.4333333333333,144.33333333333334,85.0,125.78333333333336,139.0,83.35833333333333,124.9,128.33333333333334,76.14166666666667,113.49166666666667,-28.0,-40.0,0.5575018997905415,0.5512528348233978,15.6455,455.304
2026-05-20 20:44:52.823962,118.0,71.2,107.1,20.3,32.6,9.1,0.74,pm25,23.6,65.0,3.04,1008.0,10000,28.0,Clear,clear sky,20,2,20,5,0,1,132.66666666666666,77.13333333333334,117.13333333333334,129.16666666666666,74.95,115.18333333333334,128.08333333333334,75.85000000000001,113.70833333333333,120.625,71.56666666666668,107.41250000000001,-34.0,-12.0,0.6647992468272713,1.6059112509403324,15.34,216.448
2026-05-20 21:37:54.444453,141.0,87.4,145.2,24.2,26.1,14.3,0.49,pm25,25.89,68.0,5.11,1010.0,10000,15.0,Clear,clear sky,21,2,20,5,0,1,138.33333333333334,83.33333333333333,134.1333333333333,141.33333333333334,83.56666666666666,127.2,135.5,81.20833333333333,124.05833333333332,128.875,77.12083333333332,115.20416666666668,18.0,-9.0,0.6019283705101353,1.0785123521275888,17.6052,446.614
2026-05-20 21:44:52.823962,134.0,80.7,122.2,36.7,27.3,12.1,0.6,pm25,25.17,65.0,3.17,1016.0,10000,9.0,Clear,clear sky,21,2,20,5,0,1,134.66666666666666,81.23333333333333,122.60000000000002,134.66666666666666,77.95,119.61666666666667,125.58333333333333,74.76666666666667,112.25833333333334,119.95833333333333,71.47083333333333,107.68333333333334,16.0,6.0,0.6603927932864747,0.7438691895403491,16.360500000000002,255.81900000000002
2026-05-20 22:37:54.444453,116.0,72.8,107.2,50.8,25.4,13.6,0.38,pm25,23.37,68.0,2.69,1023.0,10000,2.0,Clear,clear sky,22,2,20,5,0,1,126.66666666666669,77.8,127.89999999999998,140.66666666666666,83.91666666666667,130.38333333333335,134.66666666666666,81.04166666666667,123.53333333333332,128.95833333333334,77.3,115.25416666666668,-25.0,-35.0,0.6791044712770105,0.4999999901574805,15.8916,195.832
2026-05-20 22:44:52.823962,166.0,102.1,167.7,36.6,13.4,13.1,0.61,pm25,28.45,67.0,5.19,1016.0,10000,43.0,Clear,clear sky,22,2,20,5,0,1,139.33333333333334,84.66666666666667,132.33333333333334,138.0,80.53333333333333,123.51666666666667,129.16666666666666,77.16666666666667,116.81666666666665,121.83333333333333,72.92916666666666,110.27916666666665,32.0,14.0,0.608825279613445,0.3661202085759506,19.0615,529.899
2026-05-20 23:37:54.444453,126.0,78.8,128.9,27.6,20.1,12.7,0.53,pm25,24.42,68.0,4.59,1012.0,10000,24.0,Clear,clear sky,23,2,20,5,0,1,127.66666666666669,79.66666666666667,127.09999999999998,134.5,80.83333333333333,128.76666666666668,136.58333333333334,82.25833333333333,124.86666666666667,128.29166666666666,77.10416666666667,115.71250000000002,10.0,3.0,0.611326605032377,0.7282608431789549,16.605600000000003,361.692
2026-05-20 23:44:52.823962,133.0,75.7,112.9,29.2,21.3,13.7,0.66,pm25,25.07,61.0,2.91,1013.0,10000,27.0,Clear,clear sky,23,2,20,5,0,1,144.33333333333334,86.16666666666667,134.26666666666668,138.5,81.64999999999999,125.69999999999999,129.0,76.4,116.84166666666665,122.20833333333333,72.85000000000001,109.47083333333332,-33.0,15.0,0.670504865628832,0.7294520298132867,15.2927,220.287
2026-05-21 00:37:54.444453,100.0,60.9,82.6,30.6,26.3,11.4,0.51,pm25,24.34,66.0,1.69,1013.0,10000,88.0,Clear,clear sky,0,3,21,5,0,1,114.0,70.83333333333333,106.2333333333333,126.16666666666669,77.08333333333333,120.18333333333334,133.33333333333334,79.95833333333333,120.39166666666664,127.79166666666669,77.10833333333333,115.4875,-26.0,-41.0,0.737288126667214,0.8594770960955197,16.0644,102.921
2026-05-21 00:44:52.823962,113.0,72.6,104.6,20.8,26.2,17.0,0.71,pm25,25.98,70.0,2.36,1008.0,10000,95.0,Clear,clear sky,0,3,21,5,0,1,137.33333333333334,83.46666666666668,128.4,136.0,82.35000000000001,125.5,128.25,76.31666666666666,115.70833333333333,124.83333333333333,74.71666666666667,111.90833333333335,-20.0,-21.0,0.6940726511082921,1.2596153240569554,18.186,171.33599999999998
2026-05-21 01:37:54.444453,92.0,58.3,86.1,34.8,22.4,20.1,0.96,pm25,23.3,68.0,2.8,1015.0,10000,86.0,Clear,clear sky,1,3,21,5,0,1,106.0,65.99999999999999,99.2,116.33333333333331,71.89999999999999,113.55,130.16666666666666,78.30833333333334,118.19166666666666,127.91666666666669,77.4,115.24166666666667,-8.0,-24.0,0.6771196204748012,0.6436781424230419,15.844,163.23999999999998
2026-05-21 01:44:52.823962,107.0,62.9,82.5,44.3,30.1,15.8,1.12,pm25,25.17,64.0,1.21,1020.0,10000,60.0,Clear,clear sky,1,3,21,5,0,1,117.66666666666667,70.39999999999999,100.00000000000001,128.5,77.53333333333333,116.16666666666667,126.33333333333333,74.84166666666667,112.95833333333333,125.08333333333333,74.97500000000001,112.45416666666665,-6.0,-59.0,0.7624242331827366,0.6794582239399951,16.108800000000002,76.109
2026-05-21 02:37:54.444453,134.0,87.1,125.9,34.4,31.2,13.8,0.3,pm25,28.56,72.0,2.29,1015.0,10000,38.0,Clear,clear sky,2,3,21,5,0,1,108.66666666666669,68.76666666666665,98.19999999999996,118.16666666666669,74.21666666666665,112.65000000000002,131.25,79.60833333333333,119.21666666666664,129.375,78.825,116.45833333333331,42.0,8.0,0.6918188983969904,0.9069767178204444,20.5632,199.459
2026-05-21 02:44:52.823962,80.0,45.4,68.4,27.4,21.2,21.2,0.37,pm25,21.81,62.0,3.05,1012.0,10000,80.0,Clear,clear sky,2,3,21,5,0,1,100.0,60.300000000000004,85.16666666666669,122.16666666666667,73.23333333333333,109.71666666666665,125.66666666666667,74.09166666666667,112.44999999999999,124.20833333333333,74.20833333333333,111.35833333333333,-27.0,-53.0,0.6637426803546391,0.7737225994991752,13.5222,138.47
2026-05-21 03:37:54.444453,98.0,45.1,67.3,24.7,20.8,11.8,0.53,pm25,24.03,51.0,2.94,1010.0,10000,17.0,Clear,clear sky,3,3,21,5,0,1,108.0,63.49999999999999,93.09999999999998,111.0,67.16666666666667,99.66666666666669,126.16666666666669,75.36666666666667,113.43333333333334,127.66666666666669,76.90416666666665,113.23333333333332,-36.0,-2.0,0.6701337196116833,0.8421052290645656,12.2553,132.594
2026-05-21 03:44:52.823962,107.0,67.4,91.6,29.1,31.5,18.3,0.35,pm25,25.14,68.0,1.57,1013.0,10000,94.0,Clear,clear sky,3,3,21,5,0,1,98.0,58.56666666666667,80.83333333333336,117.66666666666667,71.01666666666667,104.61666666666666,126.16666666666667,74.48333333333333,112.11666666666667,124.625,74.91250000000001,112.03749999999998,27.0,-6.0,0.735807852229172,1.082474189605698,17.0952,105.81800000000001
2026-05-21 04:37:54.444453,120.0,59.3,97.2,37.7,43.7,5.0,0.56,pm25,26.78,53.0,4.23,1017.0,10000,47.0,Clear,clear sky,4,3,21,5,0,1,117.33333333333331,63.83333333333332,96.8,111.66666666666669,64.91666666666667,98.0,126.16666666666669,74.41666666666667,114.19166666666666,128.91666666666666,77.30416666666666,114.4375,22.0,28.0,0.6100822982501821,1.159151162887237,14.193400000000002,250.83900000000003
2026-05-21 04:44:52.823962,128.0,69.5,110.3,2.6,36.2,11.2,0.45,pm25,27.83,58.0,3.9,999.0,10000,37.0,Clear,clear sky,4,3,21,5,0,1,105.0,60.76666666666667,90.10000000000002,111.33333333333333,65.58333333333333,95.05,124.66666666666667,73.05833333333334,109.28333333333335,127.16666666666667,76.08333333333333,114.13749999999999,21.0,21.0,0.6300997223019065,13.923071568049396,16.141399999999997,271.05
2026-05-21 05:37:54.444453,102.0,65.8,103.6,13.6,23.8,2.3,0.34,pm25,24.59,69.0,3.73,1005.0,10000,40.0,Clear,clear sky,5,3,21,5,0,1,106.66666666666669,56.73333333333333,89.36666666666663,107.66666666666669,62.75,93.78333333333336,121.08333333333331,71.79166666666667,111.275,129.5,78.04166666666667,116.5625,-18.0,-32.0,0.6351351290044872,1.749999871323539,16.967100000000002,245.434
2026-05-21 05:44:52.823962,95.0,54.9,80.6,20.5,16.7,15.7,0.22,pm25,23.71,63.0,2.74,1008.0,10000,55.0,Clear,clear sky,5,3,21,5,0,1,110.0,63.933333333333344,94.16666666666669,105.0,62.11666666666667,89.66666666666667,121.75,71.88333333333334,107.68333333333334,127.20833333333333,75.88333333333334,113.77499999999999,-33.0,15.0,0.6811414307550692,0.8146341066032142,14.9373,150.42600000000002
2026-05-21 06:37:54.444453,114.0,66.0,110.2,20.9,22.9,8.4,0.51,pm25,26.23,62.0,4.67,1008.0,10000,19.0,Clear,clear sky,6,3,21,5,0,1,112.0,63.7,103.66666666666664,110.0,63.6,98.38333333333333,118.08333333333331,70.34166666666665,109.28333333333336,130.58333333333334,78.42083333333333,118.24166666666666,12.0,16.0,0.5989110653456347,1.095693727478769,16.2626,308.22
2026-05-21 06:44:52.823962,107.0,69.6,95.2,20.5,32.5,2.1,0.62,pm25,25.51,70.0,1.62,1008.0,10000,43.0,Clear,clear sky,6,3,21,5,0,1,110.0,64.66666666666667,95.36666666666667,104.0,61.61666666666667,88.10000000000001,120.0,71.98333333333333,106.8,126.5,75.80416666666666,113.15416666666668,12.0,0.0,0.7310924292952475,1.5853657763236206,17.857,112.752
2026-05-21 07:37:54.444453,152.0,88.9,143.9,35.4,22.7,23.5,0.71,pm25,28.23,63.0,4.57,1016.0,10000,73.0,Clear,clear sky,7,3,21,5,0,1,122.66666666666669,73.56666666666666,119.2333333333333,120.0,68.7,108.01666666666668,118.16666666666669,70.3,110.78333333333332,130.08333333333334,77.91666666666667,117.84166666666664,38.0,32.0,0.6177901277429456,0.6412429197389006,17.7849,406.273
2026-05-21 07:44:52.823962,179.0,104.0,155.4,19.0,27.3,9.3,0.51,pm25,30.54,61.0,2.91,1007.0,10000,16.0,Clear,clear sky,7,3,21,5,0,1,127.0,76.16666666666667,110.40000000000002,116.0,68.46666666666667,100.25,122.25,73.0,108.20833333333333,127.875,76.47083333333333,114.35416666666667,72.0,51.0,0.6692406649341013,1.4368420296398932,18.6294,302.64
2026-05-21 08:37:54.444453,194.0,114.8,173.6,43.0,20.3,15.7,0.74,pm25,32.46,64.0,3.2,1020.0,10000,91.0,Clear,clear sky,8,3,21,5,0,1,153.33333333333334,89.89999999999999,142.56666666666663,130.0,73.31666666666668,115.96666666666668,124.08333333333331,73.76666666666667,114.30833333333334,131.54166666666666,78.56249999999999,119.60416666666669,42.0,92.0,0.6612903187713691,0.4720930122769067,20.7744,367.36
2026-05-21 08:44:52.823962,136.0,84.5,128.1,22.5,28.0,20.3,0.41,pm25,27.6,68.0,3.2,1009.0,10000,84.0,Clear,clear sky,8,3,21,5,0,1,140.66666666666666,86.03333333333335,126.23333333333335,125.33333333333333,74.98333333333333,110.2,123.75,74.10833333333333,109.95833333333333,125.91666666666667,74.97916666666667,111.83333333333333,-43.0,41.0,0.6596409003931234,1.2444443891358048,18.768,270.40000000000003
2026-05-21 09:37:54.444453,182.0,117.2,190.7,39.2,34.9,14.3,0.36,pm25,32.07,73.0,5.23,1018.0,10000,94.0,Clear,clear sky,9,3,21,5,0,1,176.0,106.96666666666664,169.39999999999998,144.0,85.33333333333333,136.53333333333333,127.5,76.25,118.09999999999998,131.5,78.72916666666667,121.07916666666668,-12.0,68.0,0.6145778677788262,0.8903060997370893,23.4111,612.956
2026-05-21 09:44:52.823962,144.0,86.4,135.2,34.3,16.8,17.5,0.61,pm25,28.95,65.0,3.84,1015.0,10000,66.0,Clear,clear sky,9,3,21,5,0,1,153.0,91.63333333333334,139.5666666666667,131.5,78.14999999999999,117.46666666666665,124.58333333333333,74.58333333333333,111.04166666666667,125.08333333333333,74.675,111.64999999999999,8.0,37.0,0.6390532497111447,0.48979590408758306,18.8175,331.776
2026-05-21 10:37:54.444453,150.0,89.7,129.0,43.0,25.2,20.7,0.39,pm25,32.42,65.0,2.17,1019.0,10000,86.0,Clear,clear sky,10,3,21,5,0,1,175.33333333333334,107.23333333333332,164.4333333333333,149.0,90.4,141.83333333333334,130.33333333333334,77.65833333333333,119.91666666666669,132.5,79.35,121.725,-32.0,-2.0,0.6953488318190013,0.5860464979989186,21.073,194.649
2026-05-21 10:44:52.823962,138.0,81.1,128.9,16.8,29.8,18.6,0.23,pm25,31.2,63.0,4.1,1006.0,10000,81.0,Clear,clear sky,10,3,21,5,0,1,139.33333333333334,84.0,130.73333333333335,133.16666666666666,80.08333333333333,120.56666666666668,122.25,72.83333333333333,107.80833333333334,125.70833333333333,75.0,112.3125,-6.0,-41.0,0.6291698942655555,1.7738094182256297,19.656,332.50999999999993
2026-05-21 11:37:54.444453,124.0,69.2,106.2,23.6,38.3,21.7,0.58,pm25,30.09,60.0,3.36,1010.0,10000,60.0,Clear,clear sky,11,3,21,5,0,1,152.0,92.03333333333336,141.96666666666664,152.66666666666666,90.96666666666668,142.26666666666668,130.16666666666666,76.85833333333333,118.025,133.375,79.55833333333334,121.44583333333333,-26.0,-70.0,0.6516007471600683,1.622881287166047,18.054,232.512
2026-05-21 11:44:52.823962,146.0,80.5,105.8,38.1,10.8,19.8,0.63,pm25,32.3,58.0,0.77,1017.0,10000,31.0,Clear,clear sky,11,3,21,5,0,1,142.66666666666666,82.66666666666667,123.30000000000001,141.66666666666666,84.35,124.76666666666667,123.33333333333333,73.23333333333333,107.21666666666665,126.16666666666667,74.81666666666666,112.02916666666665,8.0,10.0,0.7608695580258076,0.2834645594891192,18.733999999999998,61.985
2026-05-21 12:37:54.444453,133.0,76.3,100.0,39.8,18.6,17.3,0.6,pm25,31.13,61.0,0.84,1018.0,10000,70.0,Clear,clear sky,12,3,21,5,0,1,135.66666666666666,78.39999999999999,111.7333333333333,155.83333333333334,92.68333333333334,140.56666666666666,132.91666666666666,78.14166666666667,119.475,133.125,79.05,119.93333333333334,9.0,-49.0,0.76299999237,0.467336671674958,18.9893,64.092
2026-05-21 12:44:52.823962,118.0,67.4,106.2,8.9,17.6,10.0,0.51,pm25,29.54,62.0,3.77,1002.0,10000,27.0,Clear,clear sky,12,3,21,5,0,1,134.0,76.33333333333333,113.63333333333337,143.5,83.98333333333333,126.59999999999998,123.75,72.8,107.35000000000001,126.0,74.55833333333334,111.52916666666665,-28.0,-26.0,0.634651594777292,1.9775278676934982,18.3148,254.098
2026-05-21 13:37:54.444453,132.0,71.4,83.2,39.6,35.0,13.0,0.45,pm25,30.94,57.0,0.59,1018.0,10000,11.0,Clear,clear sky,13,3,21,5,0,1,129.66666666666666,72.30000000000001,96.46666666666664,152.5,89.76666666666667,130.45000000000002,136.25,79.23333333333333,119.23333333333332,133.20833333333334,78.77083333333333,118.71250000000002,-1.0,-18.0,0.8581730666084969,0.8838383615192333,17.635800000000003,42.126
2026-05-21 13:44:52.823962,103.0,66.8,98.5,29.6,10.4,12.2,0.68,pm25,27.97,70.0,2.74,1013.0,10000,44.0,Clear,clear sky,13,3,21,5,0,1,122.33333333333333,71.56666666666668,103.50000000000001,130.83333333333334,77.78333333333333,117.11666666666667,123.41666666666667,73.125,108.68333333333332,124.875,73.98333333333333,110.82083333333333,-15.0,-35.0,0.6781725819474864,0.35135133948137365,19.578999999999997,183.032
2026-05-21 14:37:54.444453,159.0,103.9,151.4,42.0,30.0,17.1,0.73,pm25,33.35,73.0,2.32,1019.0,10000,75.0,Clear,clear sky,14,3,21,5,0,1,141.33333333333334,83.86666666666667,111.5333333333333,146.66666666666666,87.95,126.75,138.33333333333334,80.63333333333334,121.35833333333336,134.79166666666666,80.12083333333332,120.28749999999998,27.0,35.0,0.6862615542519052,0.714285697278912,24.3455,241.048
2026-05-21 14:44:52.823962,111.0,66.4,84.6,33.1,27.1,23.0,0.5,pm25,28.45,65.0,0.76,1015.0,10000,75.0,Clear,clear sky,14,3,21,5,0,1,110.66666666666667,66.86666666666667,96.43333333333335,126.66666666666667,74.76666666666667,109.86666666666666,126.0,74.875,110.03333333333335,125.83333333333333,74.48333333333333,111.24166666666666,8.0,-35.0,0.7848699670819155,0.8187310930896952,18.4925,50.464000000000006
2026-05-21 15:37:54.444453,137.0,79.8,134.3,35.1,23.8,15.6,0.37,pm25,30.6,63.0,5.19,1016.0,10000,81.0,Clear,clear sky,15,3,21,5,0,1,142.66666666666666,85.03333333333333,122.96666666666664,139.16666666666666,81.71666666666667,117.35,141.58333333333334,83.52499999999999,126.94166666666666,133.875,79.44583333333333,120.1875,-22.0,4.0,0.5941921027982717,0.6780626587446537,19.278,414.162
2026-05-21 15:44:52.823962,124.0,80.6,113.2,26.5,24.7,12.5,0.75,pm25,29.29,71.0,1.83,1011.0,10000,95.0,Clear,clear sky,15,3,21,5,0,1,112.66666666666667,71.26666666666667,98.7666666666667,123.33333333333333,73.8,106.2,127.41666666666667,75.97500000000001,111.83333333333333,126.79166666666667,75.22916666666667,111.97499999999998,13.0,6.0,0.7120141279857408,0.9320754365254552,20.795900000000003,147.498
2026-05-21 16:37:54.444453,115.0,74.4,131.3,35.2,23.4,14.1,0.74,pm25,27.83,70.0,5.97,1016.0,10000,78.0,Clear,clear sky,16,3,21,5,0,1,137.0,86.03333333333335,138.99999999999997,133.33333333333334,79.16666666666667,117.73333333333336,141.16666666666666,84.78333333333333,129.78333333333333,133.66666666666666,79.60000000000001,121.9875,-22.0,-17.0,0.5666412751969438,0.6647727083871389,19.481,444.168
2026-05-21 16:44:52.823962,136.0,86.8,129.8,39.9,19.2,9.9,0.88,pm25,29.89,70.0,2.94,1018.0,10000,22.0,Clear,clear sky,16,3,21,5,0,1,123.66666666666667,77.93333333333334,109.20000000000003,123.0,74.75,106.35000000000001,128.08333333333334,77.41666666666667,113.45833333333333,126.375,75.2375,111.37083333333334,12.0,33.0,0.6687211042471409,0.4812029954585716,20.923000000000002,255.19199999999998
2026-05-21 17:37:54.444453,180.0,105.0,157.1,23.0,25.7,10.4,0.4,pm25,30.57,62.0,2.95,1010.0,10000,26.0,Clear,clear sky,17,3,21,5,0,1,144.0,86.40000000000002,140.89999999999998,142.66666666666666,85.13333333333333,126.21666666666664,147.66666666666666,88.05000000000001,134.24166666666667,134.375,79.92083333333333,122.75833333333334,65.0,21.0,0.6683640950454227,1.1173912557655974,18.9534,309.75
2026-05-21 17:44:52.823962,178.0,109.2,150.2,14.8,16.9,10.3,0.65,pm25,30.43,67.0,0.96,1005.0,10000,97.0,Clear,clear sky,17,3,21,5,0,1,146.0,92.2,131.0666666666667,128.33333333333334,79.53333333333333,113.75,135.0,81.94166666666668,119.25833333333333,128.375,76.91250000000001,113.47083333333335,42.0,67.0,0.7270306209918068,1.1418918147370394,20.388099999999998,104.832
2026-05-21 18:37:54.444453,165.0,106.5,181.2,40.0,17.0,17.1,0.62,pm25,28.54,73.0,6.2,1018.0,10000,65.0,Clear,clear sky,18,3,21,5,0,1,153.33333333333334,95.3,156.5333333333333,148.0,90.16666666666669,139.75,151.91666666666666,91.425,140.15833333333333,135.0,80.88333333333334,124.72083333333336,-15.0,28.0,0.5877483411272167,0.4249999893750003,20.8342,660.3000000000001
2026-05-21 18:44:52.823962,190.0,113.4,173.2,29.7,30.1,10.8,0.5,pm25,30.66,64.0,3.47,1013.0,10000,2.0,Clear,clear sky,18,3,21,5,0,1,168.0,103.13333333333333,151.0666666666667,140.33333333333334,87.19999999999999,124.91666666666667,141.91666666666666,85.59166666666665,125.75833333333333,130.95833333333334,78.7875,116.27916666666665,12.0,66.0,0.6547344073052287,1.0134679793445125,19.6224,393.49800000000005
2026-05-21 19:37:54.444453,182.0,99.3,145.7,26.3,16.9,15.1,0.13,pm25,26.98,55.0,2.5,1011.0,10000,51.0,Clear,clear sky,19,3,21,5,0,1,175.66666666666666,103.6,161.3333333333333,156.33333333333334,94.81666666666666,150.16666666666666,154.41666666666666,92.29166666666669,140.30833333333334,136.29166666666666,81.29583333333333,125.54583333333336,17.0,67.0,0.6815374009503268,0.6425855268978886,14.839,248.25
2026-05-21 19:44:52.823962,138.0,84.2,119.6,53.6,17.3,17.0,0.79,pm25,23.27,66.0,2.0,1025.0,10000,65.0,Clear,clear sky,19,3,21,5,0,1,168.66666666666666,102.26666666666667,147.66666666666669,146.16666666666666,90.10000000000001,128.43333333333334,138.5,83.94166666666666,122.77499999999999,130.375,78.47083333333333,115.49166666666666,-52.0,2.0,0.704013372040022,0.3227611880081868,15.3582,168.4
2026-05-21 20:37:54.444453,140.0,78.0,119.6,36.4,20.7,19.9,0.6,pm25,25.85,59.0,3.38,1016.0,10000,82.0,Clear,clear sky,20,3,21,5,0,1,162.33333333333334,94.6,148.8333333333333,153.16666666666666,90.5,144.86666666666665,149.91666666666666,89.22500000000001,135.8083333333333,137.0,81.49583333333332,125.05833333333334,-42.0,-40.0,0.6521739075905192,0.568681303058206,15.2515,263.64
2026-05-21 20:44:52.823962,119.0,70.0,102.7,28.9,32.1,9.0,0.46,pm25,23.71,63.0,2.66,1012.0,10000,27.0,Clear,clear sky,20,3,21,5,0,1,149.0,89.2,131.83333333333334,147.5,90.7,131.45,137.08333333333334,82.73333333333333,120.65833333333332,130.41666666666666,78.42083333333333,115.30833333333332,-19.0,-59.0,0.6815968774917539,1.1107266051651694,14.9373,186.20000000000002
2026-05-21 21:37:54.444453,129.0,71.2,100.6,41.1,21.7,10.3,0.2,pm25,24.74,59.0,2.08,1019.0,10000,15.0,Clear,clear sky,21,3,21,5,0,1,150.33333333333334,82.83333333333333,121.96666666666664,151.83333333333334,89.06666666666666,139.25,145.5,85.39166666666667,128.3,136.5,80.82083333333334,123.2,-11.0,-36.0,0.7077534720899258,0.527980522433564,14.5966,148.096
2026-05-21 21:44:52.823962,144.0,86.5,122.9,28.4,22.6,16.4,0.61,pm25,26.2,65.0,1.97,1012.0,10000,83.0,Clear,clear sky,21,3,21,5,0,1,133.66666666666666,80.23333333333333,115.0666666666667,150.83333333333334,91.68333333333334,133.0666666666667,137.08333333333334,82.74166666666667,119.63333333333333,130.83333333333334,78.6625,115.33749999999999,25.0,-46.0,0.7038242416287693,0.7957746198670909,17.03,170.405
2026-05-21 22:37:54.444453,169.0,106.4,160.8,42.4,33.4,16.6,0.65,pm25,28.71,70.0,3.17,1019.0,10000,61.0,Clear,clear sky,22,3,21,5,0,1,146.0,85.2,126.99999999999996,160.83333333333334,94.40000000000002,144.16666666666666,147.08333333333334,86.78333333333335,130.95000000000002,138.70833333333334,82.22083333333333,125.43333333333332,40.0,-13.0,0.6616915381735601,0.7877358304779286,20.097,337.288
2026-05-21 22:44:52.823962,144.0,86.0,131.3,35.8,32.4,18.0,0.35,pm25,26.25,64.0,3.35,1016.0,10000,70.0,Clear,clear sky,22,3,21,5,0,1,135.66666666666666,80.83333333333333,118.9666666666667,152.16666666666666,91.55,133.31666666666666,137.58333333333334,83.14999999999999,119.83333333333333,129.91666666666666,77.99166666666666,113.82083333333333,0.0,6.0,0.6549885707921662,0.9050279076807848,16.8,288.1
2026-05-21 23:37:54.444453,156.0,94.8,136.2,23.7,26.7,19.8,0.65,pm25,27.46,66.0,2.09,1010.0,10000,20.0,Clear,clear sky,23,3,21,5,0,1,151.33333333333334,90.8,132.5333333333333,156.83333333333334,92.7,140.68333333333334,149.75,88.91666666666667,133.45000000000002,139.95833333333334,82.8875,125.7375,-13.0,16.0,0.6960352371803581,1.1265822309458975,18.1236,198.132
2026-05-21 23:44:52.823962,138.0,84.1,127.6,37.2,29.0,15.8,0.21,pm25,25.61,66.0,3.21,1017.0,10000,65.0,Clear,clear sky,23,3,21,5,0,1,142.0,85.53333333333335,127.26666666666671,145.5,87.36666666666667,129.55,136.91666666666666,83.45,121.65000000000002,130.125,78.34166666666667,114.43333333333334,-6.0,19.0,0.6590909039256199,0.7795698715169389,16.9026,269.96099999999996
2026-05-22 00:37:54.444453,119.0,65.3,91.6,22.7,18.7,18.0,0.1,pm25,26.68,59.0,2.04,1009.0,10000,99.0,Clear,clear sky,0,4,22,5,0,1,148.0,88.83333333333333,129.5333333333333,149.16666666666666,85.83333333333333,125.75,148.58333333333334,88.0,132.75,140.75,83.07083333333334,126.1125,-37.0,-10.0,0.7128820882873135,0.8237885099652639,15.7412,133.212
2026-05-22 00:44:52.823962,129.0,77.3,113.2,31.4,23.7,19.9,0.2,pm25,28.0,65.0,2.58,1014.0,10000,88.0,Clear,clear sky,0,4,22,5,0,1,137.0,82.46666666666667,124.03333333333336,135.33333333333334,81.35,119.55,137.83333333333334,84.275,122.23333333333333,130.79166666666666,78.53750000000001,114.79166666666667,-9.0,-15.0,0.6828621847803694,0.7547770460262088,18.2,199.434
2026-05-22 01:37:54.444453,87.0,50.7,78.7,29.6,17.0,8.3,0.33,pm25,22.61,64.0,3.4,1013.0,10000,98.0,Clear,clear sky,1,4,22,5,0,1,120.66666666666669,70.26666666666667,102.16666666666664,133.33333333333334,77.73333333333333,114.58333333333331,144.83333333333334,86.27499999999999,132.375,140.54166666666666,82.75416666666666,125.80416666666666,-32.0,-82.0,0.644218543275495,0.5743243049214761,14.4704,172.38
2026-05-22 01:44:52.823962,109.0,65.4,106.5,14.4,21.9,17.4,0.33,pm25,25.4,65.0,4.25,1005.0,10000,85.0,Clear,clear sky,1,4,22,5,0,1,125.33333333333333,75.60000000000001,115.7666666666667,130.5,78.21666666666667,117.36666666666666,138.33333333333334,84.15833333333333,122.89999999999999,130.875,78.64166666666667,115.79166666666667,-20.0,-35.0,0.614084501276202,1.5208332277199146,16.51,277.95000000000005
2026-05-22 02:37:54.444453,70.0,32.1,44.3,22.7,34.8,12.6,0.41,pm25,20.49,55.0,2.43,1009.0,10000,38.0,Clear,clear sky,2,4,22,5,0,1,92.0,49.36666666666667,71.5333333333333,121.66666666666669,70.08333333333333,102.03333333333336,137.41666666666666,80.29166666666667,123.45,137.875,80.46249999999999,122.40416666666664,-17.0,-86.0,0.7246049497831841,1.5330395800423091,11.2695,78.00300000000001
2026-05-22 02:44:52.823962,109.0,63.3,89.0,26.9,27.0,23.8,0.45,pm25,25.47,63.0,2.11,1011.0,10000,72.0,Clear,clear sky,2,4,22,5,0,1,115.66666666666667,68.66666666666667,102.90000000000003,128.83333333333334,77.10000000000001,115.08333333333333,138.16666666666666,83.89999999999999,123.26666666666665,132.08333333333334,79.3875,116.64999999999999,0.0,-29.0,0.7112359470647647,1.0037174348060434,16.0461,133.563
2026-05-22 03:37:54.444453,72.0,37.8,59.5,32.0,28.2,11.5,0.32,pm25,20.79,59.0,3.41,1014.0,10000,4.0,Clear,clear sky,3,4,22,5,0,1,76.33333333333333,40.2,60.83333333333331,112.16666666666669,64.51666666666667,95.18333333333334,132.0,76.79166666666667,117.21666666666664,136.79166666666666,80.15833333333335,122.07916666666668,2.0,-47.0,0.6352941069698469,0.8812499724609384,12.2661,128.898
2026-05-22 03:44:52.823962,88.0,51.9,79.3,23.6,25.2,9.8,0.92,pm25,22.75,64.0,3.21,1010.0,10000,12.0,Clear,clear sky,3,4,22,5,0,1,102.0,60.199999999999996,91.60000000000002,119.5,71.33333333333333,107.81666666666666,135.16666666666666,81.50833333333333,120.44166666666668,131.29166666666666,78.74166666666666,116.1375,-21.0,-41.0,0.6544766626169399,1.0677965649238743,14.56,166.599
2026-05-22 04:37:54.444453,111.0,78.4,108.4,32.2,19.5,19.8,0.29,pm25,25.69,77.0,1.62,1014.0,10000,79.0,Clear,clear sky,4,4,22,5,0,1,84.33333333333333,49.43333333333334,70.7333333333333,102.5,59.85,86.45,131.66666666666666,77.125,115.30833333333334,136.41666666666666,80.95416666666667,122.54583333333332,39.0,24.0,0.7232472258003024,0.605590043304657,19.7813,127.00800000000002
2026-05-22 04:44:52.823962,102.0,65.9,97.1,39.6,14.3,13.6,0.48,pm25,24.59,70.0,2.74,1018.0,10000,44.0,Clear,clear sky,4,4,22,5,0,1,99.66666666666667,60.366666666666674,88.4666666666667,112.5,67.98333333333333,102.11666666666667,132.33333333333334,79.76666666666667,117.71666666666665,130.20833333333334,78.59166666666667,115.58749999999999,14.0,-7.0,0.6786817643802086,0.3611111019921439,17.213,180.56600000000003
2026-05-22 05:37:54.444453,100.0,68.8,108.3,21.8,35.9,22.2,0.11,pm25,24.24,74.0,3.76,1009.0,10000,85.0,Clear,clear sky,5,4,22,5,0,1,94.33333333333331,61.66666666666666,92.06666666666663,93.16666666666669,55.51666666666666,81.8,125.0,74.10833333333333,111.24166666666666,136.33333333333334,81.07916666666667,122.74166666666666,-11.0,30.0,0.6352723856392208,1.646788915284912,17.9376,258.688
2026-05-22 05:44:52.823962,115.0,67.6,105.0,41.0,28.9,22.6,0.3,pm25,26.22,63.0,3.54,1019.0,10000,95.0,Clear,clear sky,5,4,22,5,0,1,101.66666666666667,61.800000000000004,93.80000000000003,108.66666666666667,65.23333333333333,98.34999999999998,127.08333333333333,76.3,113.95,131.04166666666666,79.12083333333332,116.60416666666667,13.0,6.0,0.6438095176780045,0.7048780315883407,16.5186,239.30399999999997
2026-05-22 06:37:54.444453,136.0,79.5,109.6,12.8,26.7,5.6,0.68,pm25,28.36,63.0,1.56,1004.0,10000,30.0,Clear,clear sky,6,4,22,5,0,1,115.66666666666669,75.56666666666666,108.76666666666664,96.0,57.883333333333326,84.8,122.58333333333331,71.85833333333333,105.275,137.25,81.64166666666667,122.71666666666668,36.0,64.0,0.7253649568853563,2.0859373370361456,17.8668,124.02
2026-05-22 06:44:52.823962,193.0,119.1,180.3,41.5,21.4,20.2,0.44,pm25,34.18,68.0,3.25,1019.0,10000,83.0,Clear,clear sky,6,4,22,5,0,1,136.66666666666666,84.2,127.4666666666667,119.33333333333333,72.2,109.53333333333335,127.33333333333333,76.77499999999999,114.54166666666667,134.625,81.18333333333334,120.14999999999999,78.0,105.0,0.6605657201299737,0.5156626381768039,23.242399999999996,387.075
2026-05-22 07:37:54.444453,183.0,109.0,163.9,20.0,28.9,7.6,0.53,pm25,30.84,64.0,3.06,1008.0,10000,24.0,Clear,clear sky,7,4,22,5,0,1,139.66666666666666,85.76666666666665,127.26666666666664,112.0,67.6,99.0,122.66666666666669,72.66666666666667,106.79166666666669,138.54166666666666,82.47916666666667,123.55,47.0,72.0,0.6650396542706549,1.4449999277500034,19.7376,333.54
2026-05-22 07:44:52.823962,176.0,107.0,165.0,17.2,21.9,11.6,0.78,pm25,30.26,66.0,3.67,1007.0,10000,13.0,Clear,clear sky,7,4,22,5,0,1,161.33333333333334,97.89999999999999,150.10000000000002,130.5,79.13333333333333,119.28333333333335,130.5,78.675,118.32499999999999,134.5,81.30833333333334,120.55,-17.0,74.0,0.6484848445546373,1.2732557399269917,19.971600000000002,392.69
2026-05-22 08:37:54.444453,148.0,81.9,131.4,26.4,33.7,15.9,0.61,pm25,28.59,58.0,4.27,1011.0,10000,56.0,Clear,clear sky,8,4,22,5,0,1,155.66666666666666,90.13333333333333,134.96666666666664,125.0,75.9,113.51666666666668,123.33333333333331,72.99166666666666,107.77500000000002,136.625,81.10833333333333,121.79166666666669,-35.0,48.0,0.6232876664894395,1.2765151031623068,16.5822,349.713
2026-05-22 08:44:52.823962,152.0,97.3,147.7,41.4,16.9,16.2,0.46,pm25,28.98,71.0,3.26,1019.0,10000,59.0,Clear,clear sky,8,4,22,5,0,1,173.66666666666666,107.8,164.33333333333334,137.66666666666666,84.8,129.06666666666666,133.25,80.95,122.075,135.16666666666666,81.84166666666667,121.36666666666666,-24.0,37.0,0.6587677680516739,0.4082125505262669,20.5758,317.198
2026-05-22 09:37:54.444453,147.0,90.7,114.3,34.8,28.6,15.3,0.55,pm25,29.15,68.0,0.25,1015.0,10000,56.0,Clear,clear sky,9,4,22,5,0,1,159.33333333333334,93.86666666666666,136.53333333333333,137.5,84.71666666666667,122.65000000000002,124.83333333333331,74.61666666666667,108.91666666666669,135.16666666666666,80.00416666666668,118.60833333333332,-1.0,11.0,0.7935258023313578,0.8218390568437054,19.822,22.675
2026-05-22 09:44:52.823962,166.0,101.1,157.6,22.4,35.8,12.8,0.67,pm25,30.78,66.0,3.9,1009.0,10000,40.0,Clear,clear sky,9,4,22,5,0,1,164.66666666666666,101.8,156.76666666666668,150.66666666666666,93.0,142.11666666666667,135.08333333333334,82.16666666666667,124.96666666666665,136.08333333333334,82.45416666666667,122.3,14.0,-27.0,0.6414974578585186,1.5982142143654368,20.3148,394.28999999999996
2026-05-22 10:37:54.444453,98.0,64.3,100.0,37.9,21.3,4.4,0.46,pm25,27.12,71.0,3.54,1017.0,10000,35.0,Clear,clear sky,10,4,22,5,0,1,131.0,78.96666666666665,115.2333333333333,135.33333333333334,82.36666666666666,121.25,118.91666666666669,71.10833333333333,103.85,133.0,78.94583333333334,117.4,-49.0,-85.0,0.64299999357,0.56200526221622,19.2552,227.622
2026-05-22 10:44:52.823962,159.0,95.2,134.0,28.2,28.4,9.6,0.6,pm25,33.37,65.0,1.68,1012.0,10000,17.0,Clear,clear sky,10,4,22,5,0,1,159.0,97.86666666666667,146.43333333333337,160.16666666666666,97.88333333333333,148.26666666666668,136.33333333333334,82.93333333333334,125.19166666666666,136.95833333333334,83.04166666666667,122.51249999999999,-7.0,-17.0,0.710447755892181,1.007092162869072,21.690499999999997,159.936
2026-05-22 11:37:54.444453,135.0,78.6,120.8,36.7,20.6,23.0,0.46,pm25,31.23,62.0,3.42,1016.0,10000,3.0,Clear,clear sky,11,4,22,5,0,1,126.66666666666669,77.86666666666666,111.69999999999996,141.16666666666666,84.0,123.33333333333331,117.16666666666669,69.75833333333334,102.56666666666666,133.45833333333334,79.33749999999999,118.00833333333333,37.0,-13.0,0.6506622462693522,0.5613078866128641,19.3626,268.81199999999995
2026-05-22 11:44:52.823962,128.0,72.4,94.3,37.4,26.2,19.8,0.54,pm25,30.49,61.0,0.87,1017.0,10000,96.0,Clear,clear sky,11,4,22,5,0,1,151.0,89.56666666666666,128.63333333333335,162.33333333333334,98.68333333333334,146.48333333333332,135.5,81.95833333333333,122.41666666666667,136.20833333333334,82.70416666666667,122.03333333333335,-31.0,-24.0,0.7677624520915965,0.7005347406274134,18.5989,62.98800000000001
2026-05-22 12:37:54.444453,128.0,81.7,125.3,31.8,31.2,14.2,0.49,pm25,30.62,70.0,3.42,1014.0,10000,42.0,Clear,clear sky,12,4,22,5,0,1,120.33333333333331,74.86666666666666,115.36666666666665,139.83333333333334,84.36666666666667,125.95,117.91666666666669,71.125,105.375,133.25,79.5625,119.0625,-7.0,-19.0,0.6520351105184748,0.9811320446184892,21.434,279.414
2026-05-22 12:44:52.823962,125.0,78.3,94.8,44.6,18.4,26.2,0.72,pm25,30.28,68.0,0.4,1020.0,10000,61.0,Clear,clear sky,12,4,22,5,0,1,137.33333333333334,81.96666666666668,107.70000000000003,151.0,91.88333333333333,132.23333333333332,135.16666666666666,82.04166666666667,120.88333333333334,136.5,83.15833333333333,121.55833333333334,-3.0,-41.0,0.8259493583760616,0.4125560445615236,20.5904,31.32
2026-05-22 13:37:54.444453,132.0,83.3,121.9,14.0,42.0,8.8,0.34,pm25,30.87,69.0,2.54,1005.0,10000,44.0,Clear,clear sky,13,4,22,5,0,1,131.66666666666666,81.19999999999999,122.66666666666664,131.33333333333334,80.08333333333333,118.95,121.66666666666669,73.84166666666667,108.975,133.25,80.05833333333332,120.675,4.0,34.0,0.683347000136612,2.999999785714301,21.300300000000004,211.582
2026-05-22 13:44:52.823962,157.0,92.2,128.7,19.2,18.2,16.8,0.35,pm25,33.38,63.0,1.56,1008.0,10000,66.0,Clear,clear sky,13,4,22,5,0,1,136.66666666666666,80.96666666666667,105.93333333333335,147.83333333333334,89.41666666666667,126.18333333333332,139.16666666666666,84.27499999999999,122.73333333333335,138.75,84.21666666666667,122.81666666666666,32.0,-2.0,0.7163947108283241,0.9479166172960095,21.0294,143.83200000000002
2026-05-22 14:37:54.444453,140.0,77.3,124.8,28.6,23.5,11.9,0.34,pm25,31.4,58.0,4.32,1012.0,10000,7.0,Clear,clear sky,14,4,22,5,0,1,133.33333333333334,80.76666666666667,123.99999999999996,130.0,79.31666666666666,117.85,127.5,77.60833333333333,115.68333333333334,132.45833333333334,78.95,119.56666666666668,8.0,5.0,0.6193910206779566,0.8216782929483114,18.212,333.93600000000004
2026-05-22 14:44:52.823962,121.0,68.6,106.6,34.7,31.1,16.7,0.56,pm25,29.45,61.0,3.55,1015.0,10000,67.0,Clear,clear sky,14,4,22,5,0,1,134.33333333333334,79.7,110.03333333333335,142.66666666666666,84.63333333333334,119.33333333333333,140.16666666666666,84.71666666666667,124.2,139.16666666666666,84.30833333333334,123.73333333333333,-36.0,-7.0,0.6435271984659737,0.8962535764768422,17.9645,243.52999999999997
2026-05-22 15:37:54.444453,153.0,97.9,140.7,48.4,27.7,8.0,0.43,pm25,32.26,71.0,2.08,1022.0,10000,100.0,Clear,clear sky,15,4,22,5,0,1,141.66666666666666,86.16666666666667,129.1333333333333,131.0,80.51666666666667,122.25,134.25,82.61666666666666,122.45,133.125,79.70416666666667,119.83333333333331,13.0,25.0,0.6958066759359868,0.5723140377621067,22.9046,203.632
2026-05-22 15:44:52.823962,133.0,80.6,121.5,48.5,26.1,20.9,0.54,pm25,30.18,66.0,3.09,1022.0,10000,85.0,Clear,clear sky,15,4,22,5,0,1,137.0,80.46666666666667,118.93333333333335,137.16666666666666,81.21666666666665,113.31666666666666,143.91666666666666,87.10833333333333,127.71666666666665,139.54166666666666,84.30833333333332,124.07916666666667,12.0,8.0,0.6633744801368355,0.5381443188011481,19.918799999999997,249.05399999999997
2026-05-22 16:37:54.444453,116.0,68.8,79.0,22.1,21.7,25.6,0.15,pm25,27.84,64.0,0.63,1009.0,10000,65.0,Clear,clear sky,16,4,22,5,0,1,136.33333333333334,81.33333333333333,114.8333333333333,134.0,81.26666666666667,118.75,134.66666666666666,81.81666666666668,120.0,133.16666666666666,79.47083333333333,117.65416666666664,-37.0,-16.0,0.8708860649254928,0.981900408058805,17.8176,43.344
2026-05-22 16:44:52.823962,140.0,81.1,110.8,53.5,27.9,11.5,0.56,pm25,30.29,62.0,1.38,1025.0,10000,5.0,Clear,clear sky,16,4,22,5,0,1,131.33333333333334,76.76666666666667,112.9666666666667,134.0,78.86666666666666,109.44999999999999,147.08333333333334,88.375,128.85833333333332,139.70833333333334,84.07083333333334,123.28750000000001,7.0,-17.0,0.7319494518777125,0.5214953173552277,18.7798,111.91799999999998
2026-05-22 17:37:54.444453,136.0,89.4,129.5,21.8,16.1,12.8,0.24,pm25,26.87,73.0,2.32,1009.0,10000,37.0,Clear,clear sky,17,4,22,5,0,1,135.0,85.36666666666667,116.39999999999998,134.16666666666666,83.06666666666668,120.2,137.66666666666666,83.53333333333333,121.76666666666668,131.33333333333334,78.82083333333334,116.50416666666666,20.0,-4.0,0.6903474850166218,0.738532076214125,19.6151,207.408
2026-05-22 17:44:52.823962,129.0,76.0,115.4,16.9,12.9,13.4,0.63,pm25,26.27,64.0,3.2,1006.0,10000,44.0,Clear,clear sky,17,4,22,5,0,1,134.0,79.23333333333333,115.90000000000003,134.16666666666666,79.46666666666665,112.96666666666665,148.25,89.075,129.725,137.66666666666666,82.6875,121.83749999999999,-11.0,8.0,0.6585788504455905,0.7633135643009725,16.8128,243.20000000000002
2026-05-22 18:37:54.444453,184.0,109.6,168.4,44.5,11.0,9.4,0.5,pm25,30.14,64.0,3.59,1020.0,10000,34.0,Clear,clear sky,18,4,22,5,0,1,145.33333333333334,89.26666666666665,125.63333333333333,143.5,87.71666666666668,127.38333333333334,141.66666666666666,86.04166666666667,126.66666666666669,132.125,78.95,115.97083333333336,48.0,31.0,0.6508313500544456,0.247191005681101,19.2896,393.464
2026-05-22 18:44:52.823962,201.0,118.0,198.1,33.8,30.3,19.6,0.36,pm25,31.63,62.0,6.17,1015.0,10000,79.0,Clear,clear sky,18,4,22,5,0,1,156.66666666666666,91.7,141.43333333333337,146.83333333333334,86.08333333333333,130.18333333333334,148.91666666666666,88.98333333333333,131.20833333333334,138.125,82.87916666666668,122.875,72.0,68.0,0.5956587551960689,0.8964496776198322,19.610599999999998,728.06
2026-05-22 19:37:54.444453,129.0,79.4,114.1,26.8,41.5,14.7,0.43,pm25,22.53,67.0,2.24,1011.0,10000,49.0,Clear,clear sky,19,4,22,5,0,1,149.66666666666666,92.8,137.3333333333333,143.0,87.06666666666666,126.08333333333331,137.16666666666666,83.575,122.51666666666668,129.91666666666666,78.12083333333334,114.65416666666668,-55.0,13.0,0.6958808002113867,1.54850740490644,15.0951,177.85600000000002
2026-05-22 19:44:52.823962,141.0,75.7,106.3,21.5,35.0,18.6,0.52,pm25,23.53,56.0,1.91,1009.0,10000,93.0,Clear,clear sky,19,4,22,5,0,1,157.0,89.89999999999999,139.93333333333337,144.16666666666666,83.33333333333333,126.44999999999999,146.0,86.375,126.31666666666666,138.25,82.525,122.32083333333333,-60.0,1.0,0.7121354589639186,1.627906901027586,13.1768,144.587
2026-05-22 20:37:54.444453,136.0,79.2,134.6,32.8,10.6,15.5,0.38,pm25,25.41,63.0,5.37,1014.0,10000,51.0,Clear,clear sky,20,4,22,5,0,1,149.66666666666666,89.39999999999999,139.0333333333333,142.33333333333334,87.38333333333333,127.71666666666664,136.16666666666666,83.35000000000001,122.78333333333332,129.75,78.17083333333333,115.27916666666664,7.0,0.0,0.5884100996403411,0.3231707218545512,16.0083,425.304
2026-05-22 20:44:52.823962,105.0,66.0,92.2,27.3,32.7,0.8,0.72,pm25,22.24,68.0,1.97,1012.0,10000,45.0,Clear,clear sky,20,4,22,5,0,1,149.0,86.56666666666666,132.20000000000002,141.5,82.89999999999999,124.05,142.08333333333334,83.76666666666667,121.69166666666666,137.66666666666666,82.35833333333333,121.88333333333334,-36.0,-24.0,0.7158351332338923,1.197802153926661,15.123199999999999,130.02
2026-05-22 21:37:54.444453,137.0,82.0,119.1,24.4,29.0,24.1,0.43,pm25,25.54,65.0,2.41,1010.0,10000,85.0,Clear,clear sky,21,4,22,5,0,1,134.0,80.19999999999999,122.59999999999997,139.66666666666666,84.73333333333333,124.11666666666666,135.33333333333334,82.625,123.18333333333332,130.08333333333334,78.62083333333334,116.05,1.0,-47.0,0.6884970555121994,1.1885245414539125,16.601,197.62
2026-05-22 21:44:52.823962,116.0,60.7,89.3,38.2,19.8,21.5,0.44,pm25,23.36,56.0,2.74,1017.0,10000,76.0,Clear,clear sky,21,4,22,5,0,1,120.66666666666667,67.46666666666667,95.93333333333335,138.66666666666666,79.58333333333333,118.68333333333332,137.91666666666666,80.4,116.0,136.5,81.28333333333333,120.48333333333333,11.0,-85.0,0.679731235389348,0.5183245937611363,13.081599999999998,166.318
2026-05-22 22:37:54.444453,132.0,81.6,136.8,17.4,24.3,11.8,0.38,pm25,25.02,67.0,5.15,1007.0,10000,5.0,Clear,clear sky,22,4,22,5,0,1,135.0,80.93333333333334,130.16666666666663,142.33333333333334,86.86666666666667,133.75,138.16666666666666,84.06666666666666,126.25,128.54166666666666,77.58749999999999,115.05,-5.0,3.0,0.5964912237098594,1.3965516438763423,16.7634,420.24
2026-05-22 22:44:52.823962,132.0,84.4,119.4,36.1,17.1,14.7,0.06,pm25,24.98,70.0,1.93,1016.0,10000,48.0,Clear,clear sky,22,4,22,5,0,1,117.66666666666667,70.36666666666667,100.30000000000001,137.33333333333334,80.13333333333334,120.11666666666667,135.66666666666666,79.5,114.78333333333335,136.0,81.21666666666667,119.9875,16.0,-9.0,0.7068676657716276,0.47368419740486994,17.486,162.892
2026-05-22 23:37:54.444453,131.0,78.5,114.4,22.1,13.1,9.8,0.15,pm25,24.93,65.0,2.5,1009.0,10000,38.0,Clear,clear sky,23,4,22,5,0,1,133.33333333333334,80.69999999999999,123.43333333333332,141.5,85.05,131.23333333333335,137.83333333333334,84.05833333333332,125.71666666666664,127.5,76.90833333333333,114.14166666666668,-1.0,-5.0,0.6861888051906573,0.5927601541737486,16.2045,196.25
2026-05-22 23:44:52.823962,144.0,82.4,120.8,38.0,32.8,16.6,0.36,pm25,26.2,61.0,2.59,1017.0,10000,10.0,Clear,clear sky,23,4,22,5,0,1,130.66666666666666,75.83333333333333,109.83333333333336,139.83333333333334,81.2,121.01666666666667,137.0,80.33333333333333,116.99166666666666,136.25,81.14583333333333,119.70416666666667,12.0,39.0,0.6821191996513312,0.8631578720221612,15.982000000000001,213.416
2026-05-23 00:37:54.444453,109.0,60.4,90.0,42.4,18.7,18.6,0.4,pm25,25.39,60.0,2.92,1019.0,10000,3.0,Clear,clear sky,0,5,23,5,1,1,124.0,73.49999999999999,113.7333333333333,129.0,76.85000000000001,118.16666666666669,136.25,82.28333333333333,122.775,127.08333333333331,76.70416666666667,114.075,-22.0,-28.0,0.671111103654321,0.4410377254472234,15.234000000000002,176.368
2026-05-23 00:44:52.823962,107.0,62.8,90.6,18.9,19.5,18.8,0.29,pm25,25.18,64.0,2.46,1007.0,10000,79.0,Clear,clear sky,0,5,23,5,1,1,127.66666666666667,76.53333333333335,110.2666666666667,124.16666666666667,72.0,103.10000000000001,135.5,79.04166666666667,116.64166666666665,135.33333333333334,80.54166666666667,118.7625,-37.0,-9.0,0.6931567252410957,1.0317459771562976,16.1152,154.488
2026-05-23 01:37:54.444453,79.0,55.3,90.4,35.4,24.9,22.7,0.6,pm25,21.66,73.0,4.11,1016.0,10000,77.0,Clear,clear sky,1,5,23,5,1,1,106.33333333333331,64.73333333333333,98.26666666666664,120.66666666666669,72.83333333333333,114.21666666666668,131.83333333333334,79.95,120.15,126.75,76.89583333333333,114.5625,-30.0,-53.0,0.6117256569499374,0.703389810638706,15.8118,227.283
2026-05-23 01:44:52.823962,90.0,56.2,74.1,27.6,22.8,14.7,0.4,pm25,23.07,67.0,1.47,1012.0,10000,39.0,Clear,clear sky,1,5,23,5,1,1,113.66666666666667,67.13333333333333,95.16666666666669,115.66666666666667,68.75,97.73333333333335,129.91666666666666,76.04166666666667,112.09166666666668,134.54166666666666,80.15833333333335,117.41250000000001,-17.0,-42.0,0.7584345376729483,0.8260869265910533,15.456900000000001,82.614
2026-05-23 02:37:54.444453,121.0,66.2,100.8,25.1,22.1,13.6,0.43,pm25,26.98,58.0,3.22,1011.0,10000,11.0,Clear,clear sky,2,5,23,5,1,1,103.0,60.633333333333326,93.7333333333333,118.16666666666669,70.66666666666667,108.58333333333331,130.25,79.02499999999999,118.15,128.875,78.31666666666668,116.91666666666669,42.0,-10.0,0.6567460252306943,0.8804780525705955,15.6484,213.164
2026-05-23 02:44:52.823962,108.0,65.1,102.0,20.1,9.9,19.1,0.62,pm25,25.33,65.0,3.65,1008.0,10000,57.0,Clear,clear sky,2,5,23,5,1,1,101.66666666666667,61.36666666666667,88.90000000000002,116.16666666666667,68.60000000000001,99.36666666666667,128.83333333333334,75.75,111.70833333333333,134.5,80.23333333333333,117.95416666666667,18.0,-36.0,0.6382352878604383,0.492537288928493,16.464499999999997,237.61499999999998
2026-05-23 03:37:54.444453,102.0,61.9,108.2,17.4,31.8,12.2,0.73,pm25,24.59,65.0,5.3,1007.0,10000,29.0,Clear,clear sky,3,5,23,5,1,1,100.66666666666669,61.133333333333326,99.79999999999995,112.33333333333331,67.31666666666666,106.76666666666668,126.0,76.025,115.44166666666666,130.125,79.32083333333333,118.94583333333333,-19.0,-7.0,0.5720887192967771,1.827586101862868,15.9835,328.07
2026-05-23 03:44:52.823962,110.0,64.5,101.5,31.5,26.2,19.1,0.66,pm25,25.5,64.0,3.73,1014.0,10000,91.0,Clear,clear sky,3,5,23,5,1,1,102.66666666666667,61.93333333333334,92.53333333333335,115.16666666666667,69.23333333333333,101.39999999999999,126.91666666666667,74.40833333333333,110.04166666666667,135.41666666666666,80.75833333333334,118.87916666666666,2.0,3.0,0.6354679740347983,0.8317460053413966,16.32,240.585
2026-05-23 04:37:54.444453,117.0,65.0,91.4,34.1,20.4,12.4,0.41,pm25,26.42,60.0,2.09,1015.0,10000,21.0,Clear,clear sky,4,5,23,5,1,1,113.33333333333331,64.36666666666666,100.13333333333333,109.83333333333331,64.55,99.2,126.08333333333331,75.70833333333333,116.475,130.375,78.7625,118.2375,15.0,38.0,0.7111597296372021,0.5982404516645029,15.852,135.85
2026-05-23 04:44:52.823962,93.0,49.6,67.7,33.0,21.3,17.0,0.72,pm25,23.35,59.0,1.99,1014.0,10000,80.0,Clear,clear sky,4,5,23,5,1,1,103.66666666666667,59.73333333333334,90.40000000000002,108.66666666666667,63.43333333333334,92.78333333333335,123.0,71.78333333333333,106.45,135.04166666666666,80.07916666666667,117.65416666666668,-17.0,3.0,0.7326440069033382,0.6454545258953175,13.7765,98.70400000000001
2026-05-23 05:37:54.444453,87.0,43.3,83.5,28.7,25.6,16.9,0.33,pm25,22.66,56.0,5.77,1012.0,10000,97.0,Clear,clear sky,5,5,23,5,1,1,102.0,56.73333333333333,94.36666666666665,102.5,58.68333333333333,94.05,122.0,71.86666666666666,112.64166666666668,129.83333333333334,77.7,117.20416666666668,-30.0,-34.0,0.5185628680411632,0.8919860316381174,12.6896,249.84099999999995
2026-05-23 05:44:52.823962,61.0,36.9,42.0,23.9,11.7,13.4,0.58,pm25,19.35,65.0,0.98,1010.0,10000,45.0,Clear,clear sky,5,5,23,5,1,1,88.0,50.333333333333336,70.40000000000002,94.83333333333333,55.85,79.64999999999999,117.33333333333333,68.525,100.33333333333333,132.79166666666666,78.8,115.02916666666668,-32.0,-47.0,0.8785714076530617,0.489539728471141,12.5775,36.162
2026-05-23 06:37:54.444453,146.0,80.4,108.7,24.0,26.5,5.8,0.48,pm25,29.37,58.0,1.22,1010.0,10000,91.0,Clear,clear sky,6,5,23,5,1,1,116.66666666666669,62.9,94.5333333333333,108.66666666666669,62.01666666666667,97.16666666666669,118.83333333333331,69.43333333333332,107.66666666666669,130.25,77.7375,117.16666666666669,59.0,44.0,0.7396504071789292,1.104166620659724,17.0346,98.088
2026-05-23 06:44:52.823962,154.0,91.3,147.7,25.9,29.7,14.2,0.41,pm25,30.22,64.0,4.62,1011.0,10000,39.0,Clear,clear sky,6,5,23,5,1,1,102.66666666666667,59.26666666666667,85.80000000000001,102.66666666666667,60.6,89.16666666666667,113.41666666666667,66.3,96.13333333333333,131.16666666666666,77.64166666666667,113.67083333333333,93.0,44.0,0.6181448841019304,1.1467181024433164,19.340799999999998,421.806
2026-05-23 07:37:54.444453,159.0,95.7,149.3,22.6,21.1,12.4,0.32,pm25,28.86,65.0,3.86,1009.0,10000,23.0,Clear,clear sky,7,5,23,5,1,1,130.66666666666666,73.13333333333333,113.8333333333333,122.0,68.75,106.98333333333336,121.33333333333331,70.79166666666667,110.6,129.25,77.18333333333334,116.55833333333334,13.0,42.0,0.6409912884059525,0.9336282772730852,18.759,369.402
2026-05-23 07:44:52.823962,190.0,114.3,167.1,0.2,11.5,23.4,0.47,pm25,31.44,65.0,2.35,998.0,10000,59.0,Clear,clear sky,7,5,23,5,1,1,135.0,80.83333333333333,118.93333333333335,119.33333333333333,70.28333333333332,104.66666666666667,117.5,69.51666666666667,101.2,131.75,77.94583333333333,113.75833333333333,36.0,97.0,0.6840215398921512,57.499712501437486,20.436,268.605
2026-05-23 08:37:54.444453,156.0,104.0,154.8,27.9,23.5,9.5,0.42,pm25,29.28,76.0,2.82,1012.0,10000,14.0,Clear,clear sky,8,5,23,5,1,1,153.66666666666666,93.36666666666666,137.6,127.83333333333331,75.05,115.98333333333336,123.0,72.85833333333333,112.28333333333336,129.58333333333334,78.10416666666667,117.53333333333336,-3.0,69.0,0.6718346209829804,0.8422938766202912,22.2528,293.28
2026-05-23 08:44:52.823962,166.0,98.5,165.0,23.1,15.7,17.1,0.45,pm25,30.12,64.0,5.6,1010.0,10000,62.0,Clear,clear sky,8,5,23,5,1,1,170.0,101.36666666666667,159.93333333333337,129.0,75.85000000000001,115.16666666666667,122.58333333333333,72.22500000000001,107.26666666666667,132.33333333333334,77.99583333333332,114.47916666666667,-24.0,105.0,0.5969696933516988,0.6796536502314436,19.2768,551.5999999999999
2026-05-23 09:37:54.444453,147.0,94.3,140.0,46.3,15.2,14.9,0.38,pm25,29.19,71.0,2.77,1021.0,10000,50.0,Clear,clear sky,9,5,23,5,1,1,154.0,98.0,148.0333333333333,135.33333333333334,80.45,121.28333333333336,123.83333333333331,73.88333333333333,114.02500000000002,129.58333333333334,78.25416666666666,118.60416666666669,-9.0,1.0,0.6735714237602041,0.3282937294105026,20.7249,261.211
2026-05-23 09:44:52.823962,140.0,84.3,119.2,26.2,18.3,11.6,0.04,pm25,28.56,65.0,1.91,1011.0,10000,27.0,Clear,clear sky,9,5,23,5,1,1,165.33333333333334,99.03333333333332,150.43333333333337,134.0,79.14999999999999,118.11666666666666,124.58333333333333,74.19166666666666,109.75833333333333,131.25,77.29583333333333,112.87916666666666,-26.0,-14.0,0.7072147591676614,0.6984732557834635,18.564,161.01299999999998
2026-05-23 10:37:54.444453,107.0,73.6,107.7,34.9,26.3,19.9,0.52,pm25,28.12,74.0,2.59,1015.0,10000,88.0,Clear,clear sky,10,5,23,5,1,1,136.66666666666666,90.63333333333333,134.16666666666666,133.66666666666666,81.88333333333334,124.0,121.75,73.21666666666667,111.6,129.95833333333334,78.64166666666667,118.925,-40.0,-52.0,0.6833797522434563,0.7535816402985205,20.8088,190.624
2026-05-23 10:44:52.823962,138.0,84.5,124.3,32.7,18.2,18.8,0.5,pm25,31.18,67.0,2.64,1014.0,10000,74.0,Clear,clear sky,10,5,23,5,1,1,148.0,89.10000000000001,136.16666666666666,141.5,84.96666666666665,127.55,125.08333333333333,74.2,110.16666666666667,130.375,76.85000000000001,112.47500000000001,-2.0,-52.0,0.6798069132758897,0.5565749065267612,20.8906,223.08
2026-05-23 11:37:54.444453,117.0,66.7,96.7,37.3,7.3,13.7,0.69,pm25,29.43,61.0,2.5,1017.0,10000,48.0,Clear,clear sky,11,5,23,5,1,1,123.66666666666669,78.19999999999999,114.79999999999995,138.66666666666666,85.78333333333335,126.2,120.58333333333331,72.23333333333333,110.125,129.20833333333334,78.14583333333333,117.92083333333332,10.0,-39.0,0.689762143849409,0.1957104505171461,17.9523,166.75
2026-05-23 11:44:52.823962,131.0,82.5,134.0,23.3,29.1,16.8,0.3,pm25,30.81,69.0,4.54,1010.0,10000,89.0,Clear,clear sky,11,5,23,5,1,1,136.33333333333334,83.76666666666667,125.83333333333336,153.16666666666666,92.56666666666666,142.88333333333333,124.0,74.20833333333333,111.26666666666667,130.5,77.27083333333333,114.12916666666666,-7.0,-35.0,0.6156716371964803,1.248926985024593,21.258899999999997,374.55
2026-05-23 12:37:54.444453,127.0,76.6,125.7,27.3,30.4,15.8,0.5,pm25,30.52,65.0,4.62,1012.0,10000,61.0,Clear,clear sky,12,5,23,5,1,1,117.0,72.29999999999998,110.0333333333333,135.5,85.14999999999999,129.03333333333333,122.08333333333331,73.58333333333333,113.1,129.16666666666666,77.93333333333334,117.9375,10.0,-20.0,0.6093874255418661,1.1135530727636236,19.838,353.892
2026-05-23 12:44:52.823962,111.0,67.5,99.3,10.9,42.1,11.8,0.41,pm25,28.91,66.0,2.7,1003.0,10000,46.0,Clear,clear sky,12,5,23,5,1,1,126.66666666666667,78.16666666666667,119.20000000000003,146.0,88.60000000000001,134.81666666666666,124.33333333333333,74.6,111.99166666666667,129.91666666666666,76.82083333333334,114.31666666666666,-20.0,-29.0,0.6797583013115982,3.862384966753673,19.0806,182.25
2026-05-23 13:37:54.444453,107.0,61.0,89.5,47.9,18.6,12.1,0.46,pm25,28.35,62.0,2.69,1022.0,10000,95.0,Clear,clear sky,13,5,23,5,1,1,117.0,68.09999999999998,103.96666666666664,126.83333333333331,79.36666666666666,119.06666666666668,124.41666666666669,74.05833333333334,113.025,128.125,77.00416666666668,116.5875,-20.0,0.0,0.681564238194813,0.3883089689288316,17.577,164.09
2026-05-23 13:44:52.823962,138.0,79.0,126.8,41.5,23.5,11.0,0.43,pm25,31.49,61.0,4.24,1019.0,10000,9.0,Clear,clear sky,13,5,23,5,1,1,126.66666666666667,76.33333333333333,120.03333333333335,137.33333333333334,82.71666666666667,128.1,128.33333333333334,76.5,116.38333333333333,129.125,76.27083333333333,114.2375,27.0,0.0,0.6230283862537194,0.5662650465960231,19.2089,334.96000000000004
2026-05-23 14:37:54.444453,139.0,84.3,118.1,33.0,21.2,4.8,0.44,pm25,31.26,66.0,1.74,1014.0,10000,34.0,Clear,clear sky,14,5,23,5,1,1,124.33333333333331,73.96666666666665,111.09999999999997,124.0,76.08333333333333,112.95,125.91666666666669,75.56666666666666,114.46666666666668,128.08333333333334,77.29583333333333,116.30833333333334,32.0,22.0,0.7138018567840656,0.6424242229568418,20.6316,146.682
2026-05-23 14:44:52.823962,115.0,70.7,111.4,25.7,15.4,12.8,0.08,pm25,28.88,67.0,3.81,1011.0,10000,38.0,Clear,clear sky,14,5,23,5,1,1,121.33333333333333,72.39999999999999,112.50000000000001,128.83333333333334,78.08333333333333,119.16666666666667,128.91666666666666,76.96666666666667,117.16666666666667,128.875,76.35833333333333,114.4375,-23.0,-16.0,0.6346499045363564,0.5992217665672465,19.3496,269.367
2026-05-23 15:37:54.444453,96.0,63.3,95.8,22.6,22.5,6.4,0.43,pm25,26.44,71.0,3.12,1009.0,10000,27.0,Clear,clear sky,15,5,23,5,1,1,114.0,69.53333333333332,101.13333333333333,115.5,70.91666666666667,105.58333333333331,125.41666666666669,75.68333333333332,113.43333333333334,125.70833333333331,75.85416666666667,114.4375,-43.0,-31.0,0.6607515588648063,0.995575177186939,18.7724,197.496
2026-05-23 15:44:52.823962,117.0,72.1,113.0,38.7,27.9,16.1,0.38,pm25,28.65,67.0,3.74,1017.0,10000,14.0,Clear,clear sky,15,5,23,5,1,1,123.33333333333333,73.93333333333332,117.06666666666668,125.0,76.05,118.13333333333334,129.5,77.60000000000001,118.125,128.20833333333334,76.00416666666668,114.08333333333333,2.0,6.0,0.6380530916986452,0.7209302139294518,19.1955,269.654
2026-05-23 16:37:54.444453,190.0,114.7,165.6,41.2,27.9,12.9,0.51,pm25,35.36,66.0,2.03,1019.0,10000,15.0,Clear,clear sky,16,5,23,5,1,1,141.66666666666666,87.43333333333332,126.49999999999996,129.33333333333334,77.76666666666667,115.23333333333332,131.5,79.825,119.61666666666666,128.79166666666666,77.76666666666667,118.04583333333332,94.0,83.0,0.6926328460589805,0.6771844495829017,23.3376,232.841
2026-05-23 16:44:52.823962,140.0,86.9,137.7,34.6,28.3,14.8,0.38,pm25,30.33,68.0,4.11,1015.0,10000,45.0,Clear,clear sky,16,5,23,5,1,1,124.0,76.56666666666668,120.7,125.33333333333333,76.45,120.36666666666666,133.41666666666666,80.70833333333333,123.95833333333331,128.20833333333334,76.24583333333332,115.20416666666665,23.0,2.0,0.6310820578715901,0.8179190515052298,20.6244,357.15900000000005
2026-05-23 17:37:54.444453,173.0,104.5,172.0,41.4,24.5,11.3,0.21,pm25,29.97,66.0,5.28,1019.0,10000,6.0,Clear,clear sky,17,5,23,5,1,1,153.0,94.16666666666664,144.4666666666666,138.66666666666666,84.06666666666666,127.78333333333336,138.66666666666666,84.925,126.99166666666666,130.33333333333334,78.39583333333333,119.81666666666666,-17.0,34.0,0.607558136002569,0.5917874253191444,19.7802,551.76
2026-05-23 17:44:52.823962,180.0,113.8,163.6,44.4,16.7,14.8,0.44,pm25,30.59,71.0,1.93,1020.0,10000,12.0,Clear,clear sky,17,5,23,5,1,1,145.66666666666666,90.93333333333334,138.10000000000002,133.5,81.66666666666667,125.3,143.33333333333334,87.11666666666667,134.09166666666667,130.33333333333334,77.82083333333334,117.21249999999999,40.0,65.0,0.6955990177530622,0.3761261176548172,21.718899999999998,219.634
2026-05-23 18:37:54.444453,152.0,102.3,150.1,33.2,23.3,12.4,0.47,pm25,27.43,76.0,2.51,1015.0,10000,7.0,Clear,clear sky,18,5,23,5,1,1,171.66666666666666,107.16666666666669,162.56666666666663,142.83333333333334,88.35000000000001,131.85,139.16666666666666,86.75,130.4416666666667,129.0,78.09166666666667,119.05416666666666,-21.0,56.0,0.6815456317018945,0.7018072077768913,20.8468,256.773
2026-05-23 18:44:52.823962,106.0,67.0,97.7,29.8,29.1,19.6,0.57,pm25,23.57,69.0,2.59,1013.0,10000,83.0,Clear,clear sky,18,5,23,5,1,1,142.0,89.23333333333333,133.00000000000003,132.66666666666666,81.58333333333333,125.03333333333335,139.33333333333334,85.09166666666667,129.925,126.375,75.69583333333334,113.02916666666665,-74.0,-11.0,0.6857727667781702,0.9765100343453008,16.2633,173.53
2026-05-23 19:37:54.444453,171.0,89.6,150.5,33.7,9.3,8.8,0.7,pm25,26.09,52.0,5.41,1015.0,10000,43.0,Clear,clear sky,19,5,23,5,1,1,165.33333333333334,98.8,157.5333333333333,153.5,93.11666666666667,142.01666666666665,140.16666666666666,86.24166666666667,130.54166666666666,130.75,78.51666666666667,120.57083333333333,19.0,-19.0,0.5953488332534961,0.2759643835025405,13.5668,484.736
2026-05-23 19:44:52.823962,177.0,110.0,158.4,26.2,30.8,14.6,0.58,pm25,26.6,69.0,2.0,1011.0,10000,45.0,Clear,clear sky,19,5,23,5,1,1,154.33333333333334,96.93333333333334,139.9,139.16666666666666,86.75,130.3,138.25,84.73333333333333,129.2,127.875,77.125,115.2,71.0,37.0,0.6944444400603255,1.175572474214791,18.354,220.0
2026-05-23 20:37:54.444453,154.0,95.5,147.0,16.8,33.4,7.1,0.55,pm25,27.18,68.0,3.58,1006.0,10000,33.0,Clear,clear sky,20,5,23,5,1,1,159.0,95.8,149.19999999999996,156.0,94.98333333333332,146.83333333333334,140.0,85.53333333333335,129.89166666666668,131.5,79.19583333333333,121.0875,-17.0,-19.0,0.6496598595261234,1.9880951197562424,18.4824,341.89
2026-05-23 20:44:52.823962,139.0,71.6,95.1,20.8,34.3,15.7,0.21,pm25,25.71,53.0,1.15,1008.0,10000,54.0,Clear,clear sky,20,5,23,5,1,1,140.66666666666666,82.86666666666666,117.06666666666668,143.16666666666666,86.89999999999999,127.58333333333333,136.0,82.49166666666666,123.375,129.29166666666666,77.35833333333333,115.32083333333333,-38.0,-41.0,0.7528916850379423,1.6490383822577699,13.6263,82.33999999999999
2026-05-23 21:37:54.444453,152.0,101.7,165.9,32.2,12.1,15.2,0.75,pm25,27.05,75.0,5.01,1014.0,10000,79.0,Clear,clear sky,21,5,23,5,1,1,159.0,95.59999999999998,154.4666666666666,165.33333333333334,101.38333333333334,158.51666666666668,140.41666666666666,86.14999999999999,132.04999999999998,132.125,80.01666666666667,123.0375,-2.0,0.0,0.6130198878057873,0.3757763858454538,20.2875,509.517
2026-05-23 21:44:52.823962,114.0,67.6,102.0,41.1,45.8,21.6,0.3,pm25,23.17,64.0,3.09,1019.0,10000,53.0,Clear,clear sky,21,5,23,5,1,1,143.33333333333334,83.06666666666666,118.5,142.66666666666666,86.14999999999999,125.75,133.83333333333334,81.10000000000001,121.94166666666668,129.20833333333334,77.64583333333333,115.85000000000001,-25.0,8.0,0.6627450915417148,1.1143552040302869,14.828800000000001,208.884
2026-05-23 22:37:54.444453,109.0,63.1,109.7,14.0,20.9,17.3,0.32,pm25,22.72,62.0,5.26,1005.0,10000,76.0,Clear,clear sky,22,5,23,5,1,1,138.33333333333334,86.76666666666665,140.86666666666665,151.83333333333334,92.78333333333332,149.2,140.58333333333334,85.27499999999999,132.21666666666667,131.16666666666666,79.24583333333334,121.90833333333336,-43.0,-62.0,0.5752050995879207,1.4928570362244973,14.0864,331.906
2026-05-23 22:44:52.823962,114.0,66.5,101.1,33.7,24.5,27.6,0.31,pm25,23.2,63.0,3.2,1015.0,10000,6.0,Clear,clear sky,22,5,23,5,1,1,122.33333333333333,68.56666666666666,99.40000000000002,138.33333333333334,82.75,119.65000000000002,131.83333333333334,79.60000000000001,120.00833333333333,128.45833333333334,76.89999999999999,115.08749999999999,0.0,-63.0,0.6577645830092524,0.7270029457862627,14.616,212.8
2026-05-23 23:37:54.444453,159.0,93.4,142.5,32.4,27.1,11.5,0.55,pm25,27.73,63.0,3.35,1014.0,10000,9.0,Clear,clear sky,23,5,23,5,1,1,140.0,86.06666666666666,139.36666666666665,149.5,90.93333333333334,144.28333333333333,144.08333333333334,87.5,136.03333333333333,132.33333333333334,79.86666666666666,123.07916666666668,50.0,5.0,0.6554385918916591,0.8364197272709962,17.4699,312.89000000000004
2026-05-23 23:44:52.823962,112.0,62.7,97.4,31.3,22.2,7.8,0.64,pm25,22.97,61.0,3.5,1014.0,10000,94.0,Clear,clear sky,23,5,23,5,1,1,113.33333333333333,65.60000000000001,100.16666666666669,127.0,74.23333333333333,108.61666666666667,130.25,77.95,116.95833333333333,127.125,76.07916666666667,114.1125,-2.0,-27.0,0.6437371597152243,0.7092651530586213,14.011699999999998,219.45000000000002
2026-05-24 00:37:54.444453,117.0,69.1,116.6,16.8,28.5,10.7,0.37,pm25,26.46,64.0,4.94,1006.0,10000,15.0,Clear,clear sky,0,6,24,5,1,1,128.33333333333334,75.2,122.93333333333332,143.66666666666666,85.40000000000002,138.70000000000002,143.25,86.875,135.275,132.66666666666666,80.22916666666667,124.1875,-42.0,-35.0,0.5926243516927585,1.696428470450686,16.9344,341.354
2026-05-24 00:44:52.823962,96.0,65.7,109.5,17.6,41.5,13.4,0.68,pm25,23.8,73.0,4.65,1007.0,10000,47.0,Clear,clear sky,0,6,24,5,1,1,107.33333333333333,64.96666666666665,102.66666666666669,125.33333333333333,74.01666666666667,110.58333333333333,129.0,77.8,117.80833333333334,126.66666666666667,76.2,114.89999999999999,-16.0,-18.0,0.5999999945205481,2.3579544114798625,17.374000000000002,305.50500000000005
2026-05-24 01:37:54.444453,109.0,67.8,102.9,28.2,25.9,15.7,0.28,pm25,25.44,67.0,3.19,1012.0,10000,89.0,Clear,clear sky,1,6,24,5,1,1,128.33333333333334,76.76666666666665,120.66666666666664,133.33333333333334,81.76666666666667,130.76666666666668,143.41666666666666,87.44166666666666,136.39166666666668,133.91666666666666,80.75,124.70833333333336,-8.0,0.0,0.6588921218766557,0.9184396837432736,17.0448,216.282
2026-05-24 01:44:52.823962,113.0,64.0,97.3,49.3,12.3,12.3,0.25,pm25,25.94,61.0,3.18,1023.0,10000,42.0,Clear,clear sky,1,6,24,5,1,1,107.0,64.13333333333333,101.40000000000002,114.66666666666667,66.35000000000001,100.39999999999999,126.91666666666667,76.55,115.35000000000001,127.625,76.52499999999999,115.86666666666667,17.0,-1.0,0.6577594999202518,0.24949289554781148,15.823400000000001,203.52
2026-05-24 02:37:54.444453,118.0,75.9,93.1,30.0,26.1,17.1,0.41,pm25,26.52,70.0,0.11,1013.0,10000,95.0,Clear,clear sky,2,6,24,5,1,1,114.66666666666669,70.93333333333332,104.19999999999996,127.33333333333331,78.5,121.78333333333336,141.66666666666666,86.74166666666667,134.30833333333334,133.79166666666666,81.15416666666667,124.3875,9.0,-41.0,0.8152524079994372,0.869999971000001,18.564,8.349
2026-05-24 02:44:52.823962,92.0,54.7,85.0,44.8,17.8,8.9,0.42,pm25,23.31,64.0,3.44,1020.0,10000,27.0,Clear,clear sky,2,6,24,5,1,1,100.33333333333333,61.46666666666667,97.2666666666667,106.83333333333333,63.53333333333333,98.71666666666665,125.0,75.21666666666665,113.14999999999999,126.95833333333333,76.09166666666667,115.15833333333335,-21.0,-20.0,0.6435294041937718,0.39732141970264695,14.918399999999998,188.168
2026-05-24 03:37:54.444453,109.0,67.0,88.1,29.5,34.0,19.8,0.47,pm25,25.37,67.0,1.14,1013.0,10000,69.0,Clear,clear sky,3,6,24,5,1,1,112.0,70.23333333333333,94.69999999999996,120.16666666666669,72.71666666666667,108.81666666666666,142.75,87.05000000000001,133.66666666666666,134.08333333333334,81.36666666666667,123.55,-9.0,-8.0,0.7604994238308806,1.1525423338121243,16.9979,76.38
2026-05-24 03:44:52.823962,141.0,84.8,134.7,48.6,14.6,14.7,0.46,pm25,29.5,65.0,4.13,1022.0,10000,48.0,Clear,clear sky,3,6,24,5,1,1,115.33333333333333,67.83333333333333,105.66666666666669,111.33333333333333,66.4,104.16666666666667,127.0,76.275,114.95833333333333,128.25,76.9375,116.54166666666667,49.0,45.0,0.6295471371228869,0.3004115164524379,19.175,350.224
2026-05-24 04:37:54.444453,85.0,50.8,68.9,2.2,28.1,13.6,0.53,pm25,22.36,65.0,1.91,999.0,10000,23.0,Clear,clear sky,4,6,24,5,1,1,104.0,64.56666666666665,83.36666666666665,116.16666666666669,70.66666666666667,102.01666666666668,134.0,81.72500000000001,125.60833333333336,132.75,80.775,122.6125,-24.0,-24.0,0.7373004247126208,12.772721466944786,14.534,97.028
2026-05-24 04:44:52.823962,94.0,46.7,77.9,18.7,34.7,23.3,0.51,pm25,23.55,55.0,4.17,1007.0,10000,64.0,Clear,clear sky,4,6,24,5,1,1,109.0,62.06666666666666,99.2,108.0,63.1,100.30000000000001,123.16666666666667,72.925,109.97500000000001,128.29166666666666,76.81666666666668,116.96666666666665,-47.0,-19.0,0.5994865134854106,1.8556148740312903,12.9525,194.739
2026-05-24 05:37:54.444453,118.0,73.7,111.9,25.4,26.5,14.6,0.11,pm25,26.57,68.0,3.2,1011.0,10000,96.0,Clear,clear sky,5,6,24,5,1,1,104.0,63.83333333333332,89.63333333333333,109.33333333333331,67.38333333333334,96.91666666666669,129.41666666666666,79.15833333333333,120.6,134.04166666666666,82.04166666666667,123.79583333333336,33.0,0.0,0.6586237653384829,1.0433070455390927,18.0676,235.84000000000003
2026-05-24 05:44:52.823962,106.0,64.3,96.8,45.9,19.6,0.6,0.45,pm25,25.08,66.0,3.06,1021.0,10000,46.0,Clear,clear sky,5,6,24,5,1,1,113.66666666666667,65.26666666666667,103.13333333333334,107.0,63.36666666666667,100.19999999999999,117.0,68.8,104.40833333333332,130.16666666666666,77.95833333333333,119.24999999999999,12.0,14.0,0.6642561914849567,0.4270152412414981,16.5528,196.75799999999998
2026-05-24 06:37:54.444453,112.0,70.3,98.1,45.9,24.0,14.1,0.31,pm25,25.97,68.0,1.91,1021.0,10000,10.0,Clear,clear sky,6,6,24,5,1,1,105.0,64.93333333333332,92.96666666666664,108.5,67.58333333333333,93.83333333333331,126.08333333333331,76.49166666666667,116.26666666666668,132.625,81.62083333333334,123.35416666666669,-6.0,3.0,0.7166156909621235,0.5228758056018343,17.6596,134.273
2026-05-24 06:44:52.823962,113.0,67.6,104.8,31.4,19.0,6.7,0.73,pm25,26.1,65.0,3.52,1014.0,10000,83.0,Clear,clear sky,6,6,24,5,1,1,104.33333333333333,59.53333333333333,93.16666666666669,109.83333333333333,63.68333333333333,99.41666666666667,117.58333333333333,68.85000000000001,105.0,128.45833333333334,76.97083333333333,117.46249999999999,7.0,-28.0,0.645038161783987,0.6050955221307158,16.965,237.95199999999997
2026-05-24 07:37:54.444453,174.0,103.8,160.4,41.5,30.4,3.0,0.49,pm25,30.07,65.0,3.71,1019.0,10000,40.0,Clear,clear sky,7,6,24,5,1,1,134.66666666666666,82.59999999999998,123.46666666666664,119.33333333333331,73.58333333333333,103.41666666666669,126.33333333333331,77.675,117.09166666666664,133.25,81.95833333333333,123.81666666666668,62.0,89.0,0.64713216554157,0.7325301028305999,19.5455,385.098
2026-05-24 07:44:52.823962,154.0,92.0,127.0,34.6,22.7,4.5,0.25,pm25,28.39,65.0,1.34,1015.0,10000,34.0,Clear,clear sky,7,6,24,5,1,1,124.33333333333333,74.63333333333333,109.53333333333335,116.66666666666667,68.35,104.36666666666667,115.66666666666667,67.35000000000001,102.38333333333333,126.95833333333333,76.04166666666667,115.79166666666667,41.0,60.0,0.7244094431148863,0.6560693452003079,18.453500000000002,123.28
2026-05-24 08:37:54.444453,154.0,86.9,125.5,28.3,27.0,14.6,0.56,pm25,29.13,59.0,2.28,1012.0,10000,34.0,Clear,clear sky,8,6,24,5,1,1,146.66666666666666,87.0,128.0,125.33333333333331,75.41666666666667,108.81666666666666,126.33333333333331,76.95833333333333,115.3,133.16666666666666,81.24583333333334,122.59583333333336,-20.0,36.0,0.6924302733670895,0.954063570527789,17.1867,198.132
2026-05-24 08:44:52.823962,147.0,92.3,140.4,30.3,21.0,18.2,0.36,pm25,28.55,69.0,3.28,1013.0,10000,92.0,Clear,clear sky,8,6,24,5,1,1,138.0,83.96666666666665,124.06666666666668,125.83333333333333,74.61666666666666,113.60000000000001,116.33333333333333,69.075,106.15833333333332,126.16666666666667,75.78333333333335,114.76666666666667,-7.0,41.0,0.6574074027250185,0.6930692840571193,19.6995,302.74399999999997
2026-05-24 09:37:54.444453,152.0,91.7,127.7,24.9,12.5,18.2,0.66,pm25,29.58,66.0,1.51,1010.0,10000,59.0,Clear,clear sky,9,6,24,5,1,1,160.0,94.13333333333333,137.86666666666665,132.5,79.53333333333335,115.41666666666669,126.33333333333331,76.125,112.11666666666667,133.375,81.1375,122.08333333333331,-2.0,40.0,0.7180892661073668,0.5020080119675497,19.5228,138.467
2026-05-24 09:44:52.823962,182.0,108.4,179.2,30.1,26.5,20.5,0.28,pm25,32.13,64.0,5.49,1013.0,10000,86.0,Clear,clear sky,9,6,24,5,1,1,161.0,97.56666666666666,148.8666666666667,132.66666666666666,78.55,121.01666666666667,122.0,72.475,112.59166666666665,127.91666666666667,76.7875,117.26666666666667,35.0,69.0,0.6049107109100965,0.8803986418472212,20.563200000000002,595.1160000000001
2026-05-24 10:37:54.444453,130.0,75.3,115.2,41.6,25.7,9.1,0.4,pm25,30.44,62.0,3.34,1019.0,10000,15.0,Clear,clear sky,10,6,24,5,1,1,145.33333333333334,84.63333333333333,122.8,140.0,83.61666666666666,123.13333333333333,128.08333333333334,77.14166666666667,112.575,134.33333333333334,81.20833333333333,122.39583333333331,-22.0,-44.0,0.6536458276593244,0.6177884466877778,18.8728,251.502
2026-05-24 10:44:52.823962,133.0,82.3,119.9,35.7,16.3,11.3,0.28,pm25,30.67,68.0,2.48,1016.0,10000,32.0,Clear,clear sky,10,6,24,5,1,1,154.0,94.33333333333333,146.5,139.16666666666666,84.48333333333333,128.01666666666665,123.58333333333333,73.79166666666667,114.15833333333335,127.70833333333333,76.69583333333333,117.08333333333333,-49.0,-21.0,0.6864053320566694,0.45658262026379215,20.8556,204.10399999999998
2026-05-24 11:37:54.444453,105.0,69.4,109.2,46.9,20.5,17.5,0.78,pm25,28.18,71.0,3.75,1021.0,10000,79.0,Clear,clear sky,11,6,24,5,1,1,129.0,78.8,117.36666666666666,137.83333333333334,82.9,122.68333333333334,123.58333333333331,75.14166666666667,109.8,133.83333333333334,81.32083333333334,122.91666666666669,-25.0,-49.0,0.6355311297112535,0.4371002038997825,20.0078,260.25
2026-05-24 11:44:52.823962,109.0,68.9,97.2,34.4,38.1,13.8,0.77,pm25,28.62,68.0,2.09,1015.0,10000,46.0,Clear,clear sky,11,6,24,5,1,1,141.33333333333334,86.53333333333335,132.10000000000002,139.66666666666666,85.25,128.08333333333334,123.33333333333333,74.30833333333334,114.14166666666665,126.79166666666667,76.12916666666666,115.55,-24.0,-38.0,0.7088477293328423,1.1075581073384273,19.4616,144.001
2026-05-24 12:37:54.444453,145.0,94.9,133.3,18.3,29.8,8.5,0.32,pm25,32.27,73.0,1.64,1007.0,10000,23.0,Clear,clear sky,12,6,24,5,1,1,126.66666666666669,79.86666666666666,119.23333333333332,143.33333333333334,87.0,128.54999999999998,125.91666666666669,77.29166666666667,111.19166666666666,134.58333333333334,82.08333333333333,123.23333333333336,40.0,-7.0,0.7119279766547039,1.62841521156201,23.5571,155.636
2026-05-24 12:44:52.823962,101.0,64.9,99.9,41.2,33.1,18.0,0.59,pm25,27.9,69.0,3.37,1019.0,10000,68.0,Clear,clear sky,12,6,24,5,1,1,114.33333333333333,72.03333333333335,105.66666666666669,137.66666666666666,84.8,127.26666666666667,123.75,74.24166666666666,113.34166666666665,126.375,76.02083333333333,115.57499999999999,-8.0,-81.0,0.6496496431466503,0.8033980387524748,19.250999999999998,218.71300000000002
2026-05-24 13:37:54.444453,127.0,74.8,108.9,32.2,10.1,17.2,0.57,pm25,30.39,64.0,2.51,1014.0,10000,54.0,Clear,clear sky,13,6,24,5,1,1,125.66666666666669,79.69999999999999,117.13333333333333,135.5,82.16666666666667,119.96666666666668,127.41666666666669,77.875,111.69166666666668,135.41666666666666,82.65833333333333,124.04166666666669,-18.0,-3.0,0.6868686805613528,0.3136645865321557,19.4496,187.748
2026-05-24 13:44:52.823962,143.0,85.6,153.6,18.5,24.6,13.7,0.65,pm25,32.02,65.0,6.78,1007.0,10000,2.0,Clear,clear sky,13,6,24,5,1,1,117.66666666666667,73.13333333333334,116.90000000000002,135.83333333333334,83.73333333333333,131.7,126.25,76.04166666666667,118.03333333333332,126.58333333333333,76.29583333333333,116.69166666666666,42.0,10.0,0.5572916630384658,1.329729657852451,20.813000000000002,580.3679999999999
2026-05-24 14:37:54.444453,111.0,70.4,120.6,31.2,2.1,13.1,0.48,pm25,28.46,69.0,5.26,1014.0,10000,24.0,Clear,clear sky,14,6,24,5,1,1,127.66666666666669,80.03333333333332,120.93333333333332,128.33333333333334,79.41666666666667,119.15000000000002,126.83333333333331,77.41666666666667,113.98333333333332,134.25,82.07916666666667,124.14583333333331,-16.0,6.0,0.583747922191145,0.0673076901503945,19.6374,370.304
2026-05-24 14:44:52.823962,141.0,95.3,147.2,24.9,18.4,22.6,0.54,pm25,31.47,76.0,3.63,1010.0,10000,71.0,Clear,clear sky,14,6,24,5,1,1,128.33333333333334,81.93333333333334,133.5666666666667,134.83333333333334,84.23333333333333,132.83333333333334,130.33333333333334,79.425,123.21666666666665,127.66666666666667,77.32083333333334,118.18333333333334,-2.0,32.0,0.6474184738626463,0.7389557936162331,23.917199999999998,345.93899999999996
2026-05-24 15:37:54.444453,154.0,92.9,154.9,41.3,12.3,10.7,0.57,pm25,32.34,66.0,5.32,1019.0,10000,16.0,Clear,clear sky,15,6,24,5,1,1,130.66666666666666,79.36666666666666,128.13333333333333,128.66666666666666,79.61666666666666,123.68333333333334,130.58333333333334,79.575,119.55,136.66666666666666,83.3125,126.60833333333332,43.0,9.0,0.5997417650113508,0.2978208160333943,21.3444,494.22800000000007
2026-05-24 15:44:52.823962,130.0,68.9,109.4,18.7,30.0,23.6,0.34,pm25,29.97,56.0,3.91,1007.0,10000,70.0,Clear,clear sky,15,6,24,5,1,1,138.0,83.26666666666667,136.73333333333335,126.16666666666667,77.65,121.2,129.41666666666666,78.10000000000001,121.10833333333335,128.20833333333334,77.1875,118.03333333333335,-11.0,29.0,0.6297988973510156,1.6042779890760432,16.7832,269.39900000000006
2026-05-24 16:37:54.444453,111.0,63.8,98.4,34.5,23.2,8.3,0.47,pm25,27.35,62.0,3.4,1015.0,10000,19.0,Clear,clear sky,16,6,24,5,1,1,125.33333333333331,75.69999999999999,124.63333333333333,125.5,77.7,120.88333333333334,132.75,80.65833333333335,122.00833333333333,133.375,81.19166666666666,123.80833333333334,-43.0,-16.0,0.6483739771506709,0.6724637486242392,16.957,216.92
2026-05-24 16:44:52.823962,131.0,86.8,124.9,30.5,13.3,18.2,0.77,pm25,29.39,73.0,2.2,1013.0,10000,61.0,Clear,clear sky,16,6,24,5,1,1,134.0,83.66666666666667,127.1666666666667,125.83333333333333,78.4,122.03333333333332,132.5,81.44166666666666,125.02499999999999,127.83333333333333,77.18333333333334,117.5,1.0,-12.0,0.6949559592077185,0.43606555947326037,21.454700000000003,190.96
2026-05-24 17:37:54.444453,167.0,93.2,160.0,42.0,11.0,5.3,0.45,pm25,29.53,58.0,6.02,1019.0,10000,43.0,Clear,clear sky,17,6,24,5,1,1,144.0,83.3,137.76666666666665,135.83333333333334,81.66666666666667,129.35,136.83333333333334,82.28333333333335,126.01666666666668,133.125,80.72083333333333,123.30833333333334,56.0,56.0,0.5824999963593751,0.2619047556689344,17.1274,561.064
2026-05-24 17:44:52.823962,167.0,103.1,144.5,13.2,43.2,14.3,0.46,pm25,29.48,68.0,1.48,1005.0,10000,5.0,Clear,clear sky,17,6,24,5,1,1,142.66666666666666,86.26666666666665,126.2666666666667,135.5,84.1,129.91666666666666,137.58333333333334,84.675,129.0,127.29166666666667,76.7375,116.70416666666665,36.0,26.0,0.713494804750901,3.272727024793408,20.046400000000002,152.588
2026-05-24 18:37:54.444453,165.0,96.7,152.7,22.3,18.9,22.5,0.01,pm25,28.54,63.0,4.15,1009.0,10000,72.0,Clear,clear sky,18,6,24,5,1,1,147.66666666666666,84.56666666666665,137.03333333333333,139.16666666666666,81.96666666666667,132.58333333333334,141.25,84.48333333333333,130.56666666666666,133.66666666666666,80.4875,123.41666666666669,-2.0,11.0,0.633267841301455,0.8475335942810046,17.9802,401.30500000000006
2026-05-24 18:44:52.823962,132.0,74.6,120.4,30.5,26.3,13.4,0.48,pm25,25.8,60.0,4.28,1013.0,10000,7.0,Clear,clear sky,18,6,24,5,1,1,143.33333333333334,88.16666666666667,129.93333333333337,140.66666666666666,85.71666666666665,133.33333333333334,139.16666666666666,85.25833333333333,130.29999999999998,128.375,77.05416666666666,117.64999999999999,-35.0,2.0,0.619601323757464,0.8622950536952442,15.48,319.288
2026-05-24 19:37:54.444453,177.0,108.0,169.1,35.1,1.4,14.5,0.63,pm25,26.54,67.0,4.06,1016.0,10000,50.0,Clear,clear sky,19,6,24,5,1,1,169.66666666666666,99.3,160.6,147.5,87.5,142.61666666666665,141.5,84.83333333333333,131.29166666666666,133.91666666666666,81.25416666666666,124.19166666666668,12.0,66.0,0.6386753362585729,0.0398860387496855,17.781799999999997,438.48
2026-05-24 19:44:52.823962,189.0,108.2,168.9,33.0,18.4,24.8,0.66,pm25,27.6,60.0,3.98,1015.0,10000,65.0,Clear,clear sky,19,6,24,5,1,1,162.66666666666666,95.3,144.60000000000002,148.33333333333334,89.48333333333333,135.88333333333333,142.08333333333334,86.60833333333333,133.79166666666666,128.875,76.97916666666667,118.08749999999999,57.0,58.0,0.6406157451710139,0.557575740679523,16.56,430.636
2026-05-24 20:37:54.444453,135.0,77.1,116.8,32.8,21.9,16.5,0.45,pm25,25.28,61.0,3.16,1014.0,10000,79.0,Clear,clear sky,20,6,24,5,1,1,159.0,93.93333333333332,146.2,151.5,88.61666666666667,141.98333333333332,139.91666666666666,84.01666666666667,130.5666666666667,133.125,80.4875,122.93333333333334,-42.0,-32.0,0.6601027340744628,0.6676829064730821,15.420800000000002,243.636
2026-05-24 20:44:52.823962,96.0,64.0,91.5,29.2,23.0,12.9,0.55,pm25,21.34,72.0,2.31,1013.0,10000,91.0,Clear,clear sky,20,6,24,5,1,1,139.0,82.26666666666667,126.93333333333335,140.83333333333334,84.26666666666667,126.59999999999998,137.83333333333334,84.25,129.71666666666667,127.08333333333333,76.66250000000001,117.9375,-93.0,-71.0,0.6994535442682673,0.7876712059016711,15.3648,147.84
2026-05-24 21:37:54.444453,144.0,82.4,104.0,36.4,39.4,16.2,0.4,pm25,26.19,61.0,0.06,1016.0,10000,83.0,Clear,clear sky,21,6,24,5,1,1,152.0,89.16666666666667,129.96666666666667,149.83333333333334,86.86666666666667,133.5,139.25,83.24166666666666,128.59166666666667,132.79166666666666,79.68333333333334,120.35416666666669,9.0,-21.0,0.7923076846893493,1.0824175526808366,15.9759,4.944
2026-05-24 21:44:52.823962,129.0,80.6,122.3,30.1,17.3,18.6,0.3,pm25,24.67,68.0,3.21,1013.0,10000,71.0,Clear,clear sky,21,6,24,5,1,1,138.0,84.26666666666667,127.5666666666667,140.66666666666666,86.21666666666665,128.75,133.41666666666666,81.93333333333334,124.97500000000001,127.70833333333333,77.20416666666667,118.78333333333335,33.0,-3.0,0.6590351540553135,0.5747508114700727,16.7756,258.726
